2026-03-19 14:56:00,702 INFO  Logger.cs: 70 - 
--------------------------------------------------------------------------------
2026-03-19 14:56:00,728 INFO  Logger.cs: 71 - Logging commencing for SW2URDF exporter
2026-03-19 14:56:00,733 INFO  Logger.cs: 73 - Commit version 1.6.0-4-g7f85cfe
2026-03-19 14:56:00,733 INFO  Logger.cs: 74 - Build version 1.6.7995.38578
2026-03-19 14:56:00,733 INFO  SwAddin.cs: 192 - Attempting to connect to SW
2026-03-19 14:56:00,733 INFO  SwAddin.cs: 197 - Setting up callbacks
2026-03-19 14:56:00,733 INFO  SwAddin.cs: 201 - Setting up command manager
2026-03-19 14:56:00,733 INFO  SwAddin.cs: 204 - Adding command manager
2026-03-19 14:56:00,733 INFO  SwAddin.cs: 263 - Adding Assembly export to file menu
2026-03-19 14:56:00,733 INFO  SwAddin.cs: 272 - Adding Part export to file menu
2026-03-19 14:56:00,733 INFO  SwAddin.cs: 210 - Adding event handlers
2026-03-19 14:56:00,776 INFO  SwAddin.cs: 217 - Connecting plugin to SolidWorks
2026-03-19 14:58:32,176 INFO  SwAddin.cs: 294 - Assembly export called for file body pk
2026-03-19 14:58:35,866 INFO  SwAddin.cs: 313 - Saving assembly
2026-03-19 14:58:36,595 INFO  SwAddin.cs: 316 - Opening property manager
2026-03-19 14:58:36,604 INFO  ExportHelperExtension.cs: 1125 - Retrieving features of type [CoordSys] from body pk
2026-03-19 14:58:36,609 INFO  ExportHelperExtension.cs: 1136 - Found 283 in body pk
2026-03-19 14:58:36,609 INFO  ExportHelperExtension.cs: 1145 - Found 14 features of type [CoordSys] in body pk
2026-03-19 14:58:36,609 INFO  ExportHelperExtension.cs: 1148 - Proceeding through assembly components
2026-03-19 14:58:36,609 INFO  ExportHelperExtension.cs: 1160 - 41 components to check
2026-03-19 14:58:36,609 INFO  ExportHelperExtension.cs: 1125 - Retrieving features of type [CoordSys] from hhb(grade a)_is-5
2026-03-19 14:58:36,609 INFO  ExportHelperExtension.cs: 1136 - Found 41 in hhb(grade a)_is-5
2026-03-19 14:58:36,613 INFO  ExportHelperExtension.cs: 1145 - Found 0 features of type [CoordSys] in hhb(grade a)_is-5
2026-03-19 14:58:36,613 INFO  ExportHelperExtension.cs: 1125 - Retrieving features of type [CoordSys] from hhb(grade a)_is-1
2026-03-19 14:58:36,613 INFO  ExportHelperExtension.cs: 1136 - Found 41 in hhb(grade a)_is-1
2026-03-19 14:58:36,613 INFO  ExportHelperExtension.cs: 1145 - Found 0 features of type [CoordSys] in hhb(grade a)_is-1
2026-03-19 14:58:36,614 INFO  ExportHelperExtension.cs: 1125 - Retrieving features of type [CoordSys] from lower-1
2026-03-19 14:58:36,614 INFO  ExportHelperExtension.cs: 1136 - Found 66 in lower-1
2026-03-19 14:58:36,614 INFO  ExportHelperExtension.cs: 1145 - Found 0 features of type [CoordSys] in lower-1
2026-03-19 14:58:36,614 INFO  ExportHelperExtension.cs: 1125 - Retrieving features of type [CoordSys] from hhb(grade a)_is-7
2026-03-19 14:58:36,614 INFO  ExportHelperExtension.cs: 1136 - Found 41 in hhb(grade a)_is-7
2026-03-19 14:58:36,614 INFO  ExportHelperExtension.cs: 1145 - Found 0 features of type [CoordSys] in hhb(grade a)_is-7
2026-03-19 14:58:36,614 INFO  ExportHelperExtension.cs: 1125 - Retrieving features of type [CoordSys] from hexagon nut style 1_is-8
2026-03-19 14:58:36,616 INFO  ExportHelperExtension.cs: 1136 - Found 40 in hexagon nut style 1_is-8
2026-03-19 14:58:36,616 INFO  ExportHelperExtension.cs: 1145 - Found 0 features of type [CoordSys] in hexagon nut style 1_is-8
2026-03-19 14:58:36,616 INFO  ExportHelperExtension.cs: 1125 - Retrieving features of type [CoordSys] from hexagon nut style 1_is-5
2026-03-19 14:58:36,616 INFO  ExportHelperExtension.cs: 1136 - Found 40 in hexagon nut style 1_is-5
2026-03-19 14:58:36,616 INFO  ExportHelperExtension.cs: 1145 - Found 0 features of type [CoordSys] in hexagon nut style 1_is-5
2026-03-19 14:58:36,616 INFO  ExportHelperExtension.cs: 1125 - Retrieving features of type [CoordSys] from hexagon nut style 1_is-7
2026-03-19 14:58:36,616 INFO  ExportHelperExtension.cs: 1136 - Found 40 in hexagon nut style 1_is-7
2026-03-19 14:58:36,616 INFO  ExportHelperExtension.cs: 1145 - Found 0 features of type [CoordSys] in hexagon nut style 1_is-7
2026-03-19 14:58:36,618 INFO  ExportHelperExtension.cs: 1125 - Retrieving features of type [CoordSys] from towerpro mount final-1
2026-03-19 14:58:36,618 INFO  ExportHelperExtension.cs: 1136 - Found 32 in towerpro mount final-1
2026-03-19 14:58:36,618 INFO  ExportHelperExtension.cs: 1145 - Found 0 features of type [CoordSys] in towerpro mount final-1
2026-03-19 14:58:36,618 INFO  ExportHelperExtension.cs: 1125 - Retrieving features of type [CoordSys] from orange mount final-1
2026-03-19 14:58:36,618 INFO  ExportHelperExtension.cs: 1136 - Found 32 in orange mount final-1
2026-03-19 14:58:36,618 INFO  ExportHelperExtension.cs: 1145 - Found 0 features of type [CoordSys] in orange mount final-1
2026-03-19 14:58:36,618 INFO  ExportHelperExtension.cs: 1125 - Retrieving features of type [CoordSys] from hexagon nut style 1_is-6
2026-03-19 14:58:36,618 INFO  ExportHelperExtension.cs: 1136 - Found 40 in hexagon nut style 1_is-6
2026-03-19 14:58:36,618 INFO  ExportHelperExtension.cs: 1145 - Found 0 features of type [CoordSys] in hexagon nut style 1_is-6
2026-03-19 14:58:36,620 INFO  ExportHelperExtension.cs: 1125 - Retrieving features of type [CoordSys] from hhb(grade a)_is-6
2026-03-19 14:58:36,620 INFO  ExportHelperExtension.cs: 1136 - Found 41 in hhb(grade a)_is-6
2026-03-19 14:58:36,620 INFO  ExportHelperExtension.cs: 1145 - Found 0 features of type [CoordSys] in hhb(grade a)_is-6
2026-03-19 14:58:36,620 INFO  ExportHelperExtension.cs: 1125 - Retrieving features of type [CoordSys] from cr pan head screw_is-8
2026-03-19 14:58:36,620 INFO  ExportHelperExtension.cs: 1136 - Found 42 in cr pan head screw_is-8
2026-03-19 14:58:36,621 INFO  ExportHelperExtension.cs: 1145 - Found 0 features of type [CoordSys] in cr pan head screw_is-8
2026-03-19 14:58:36,621 INFO  ExportHelperExtension.cs: 1125 - Retrieving features of type [CoordSys] from hhb(grade a)_is-12
2026-03-19 14:58:36,621 INFO  ExportHelperExtension.cs: 1136 - Found 41 in hhb(grade a)_is-12
2026-03-19 14:58:36,621 INFO  ExportHelperExtension.cs: 1145 - Found 0 features of type [CoordSys] in hhb(grade a)_is-12
2026-03-19 14:58:36,621 INFO  ExportHelperExtension.cs: 1125 - Retrieving features of type [CoordSys] from cr pan head screw_is-7
2026-03-19 14:58:36,621 INFO  ExportHelperExtension.cs: 1136 - Found 42 in cr pan head screw_is-7
2026-03-19 14:58:36,621 INFO  ExportHelperExtension.cs: 1145 - Found 0 features of type [CoordSys] in cr pan head screw_is-7
2026-03-19 14:58:36,621 INFO  ExportHelperExtension.cs: 1125 - Retrieving features of type [CoordSys] from Jetson Case-2
2026-03-19 14:58:36,623 INFO  ExportHelperExtension.cs: 1136 - Found 41 in Jetson Case-2
2026-03-19 14:58:36,623 INFO  ExportHelperExtension.cs: 1145 - Found 0 features of type [CoordSys] in Jetson Case-2
2026-03-19 14:58:36,623 INFO  ExportHelperExtension.cs: 1125 - Retrieving features of type [CoordSys] from cr pan head screw_is-13
2026-03-19 14:58:36,624 INFO  ExportHelperExtension.cs: 1136 - Found 42 in cr pan head screw_is-13
2026-03-19 14:58:36,624 INFO  ExportHelperExtension.cs: 1145 - Found 0 features of type [CoordSys] in cr pan head screw_is-13
2026-03-19 14:58:36,624 INFO  ExportHelperExtension.cs: 1125 - Retrieving features of type [CoordSys] from cr pan head screw_is-9
2026-03-19 14:58:36,624 INFO  ExportHelperExtension.cs: 1136 - Found 42 in cr pan head screw_is-9
2026-03-19 14:58:36,624 INFO  ExportHelperExtension.cs: 1145 - Found 0 features of type [CoordSys] in cr pan head screw_is-9
2026-03-19 14:58:36,624 INFO  ExportHelperExtension.cs: 1125 - Retrieving features of type [CoordSys] from upper-1
2026-03-19 14:58:36,624 INFO  ExportHelperExtension.cs: 1136 - Found 40 in upper-1
2026-03-19 14:58:36,624 INFO  ExportHelperExtension.cs: 1145 - Found 0 features of type [CoordSys] in upper-1
2026-03-19 14:58:36,624 INFO  ExportHelperExtension.cs: 1125 - Retrieving features of type [CoordSys] from cr pan head screw_is-11
2026-03-19 14:58:36,626 INFO  ExportHelperExtension.cs: 1136 - Found 42 in cr pan head screw_is-11
2026-03-19 14:58:36,626 INFO  ExportHelperExtension.cs: 1145 - Found 0 features of type [CoordSys] in cr pan head screw_is-11
2026-03-19 14:58:36,626 INFO  ExportHelperExtension.cs: 1125 - Retrieving features of type [CoordSys] from Leg-3
2026-03-19 14:58:36,627 INFO  ExportHelperExtension.cs: 1136 - Found 45 in Leg-3
2026-03-19 14:58:36,627 INFO  ExportHelperExtension.cs: 1145 - Found 0 features of type [CoordSys] in Leg-3
2026-03-19 14:58:36,628 INFO  ExportHelperExtension.cs: 1125 - Retrieving features of type [CoordSys] from hhb(grade a)_is-9
2026-03-19 14:58:36,628 INFO  ExportHelperExtension.cs: 1136 - Found 41 in hhb(grade a)_is-9
2026-03-19 14:58:36,628 INFO  ExportHelperExtension.cs: 1145 - Found 0 features of type [CoordSys] in hhb(grade a)_is-9
2026-03-19 14:58:36,628 INFO  ExportHelperExtension.cs: 1125 - Retrieving features of type [CoordSys] from cr pan head screw_is-10
2026-03-19 14:58:36,666 INFO  ExportHelperExtension.cs: 1136 - Found 42 in cr pan head screw_is-10
2026-03-19 14:58:36,669 INFO  ExportHelperExtension.cs: 1145 - Found 0 features of type [CoordSys] in cr pan head screw_is-10
2026-03-19 14:58:36,669 INFO  ExportHelperExtension.cs: 1125 - Retrieving features of type [CoordSys] from hhb(grade a)_is-10
2026-03-19 14:58:36,669 INFO  ExportHelperExtension.cs: 1136 - Found 41 in hhb(grade a)_is-10
2026-03-19 14:58:36,669 INFO  ExportHelperExtension.cs: 1145 - Found 0 features of type [CoordSys] in hhb(grade a)_is-10
2026-03-19 14:58:36,669 INFO  ExportHelperExtension.cs: 1125 - Retrieving features of type [CoordSys] from Legmirror-4
2026-03-19 14:58:36,669 INFO  ExportHelperExtension.cs: 1136 - Found 40 in Legmirror-4
2026-03-19 14:58:36,669 INFO  ExportHelperExtension.cs: 1145 - Found 0 features of type [CoordSys] in Legmirror-4
2026-03-19 14:58:36,669 INFO  ExportHelperExtension.cs: 1125 - Retrieving features of type [CoordSys] from Legmirror-3
2026-03-19 14:58:36,669 INFO  ExportHelperExtension.cs: 1136 - Found 40 in Legmirror-3
2026-03-19 14:58:36,669 INFO  ExportHelperExtension.cs: 1145 - Found 0 features of type [CoordSys] in Legmirror-3
2026-03-19 14:58:36,669 INFO  ExportHelperExtension.cs: 1125 - Retrieving features of type [CoordSys] from Leg-4
2026-03-19 14:58:36,669 INFO  ExportHelperExtension.cs: 1136 - Found 45 in Leg-4
2026-03-19 14:58:36,669 INFO  ExportHelperExtension.cs: 1145 - Found 0 features of type [CoordSys] in Leg-4
2026-03-19 14:58:36,669 INFO  ExportHelperExtension.cs: 1125 - Retrieving features of type [CoordSys] from hhb(grade a)_is-13
2026-03-19 14:58:36,669 INFO  ExportHelperExtension.cs: 1136 - Found 41 in hhb(grade a)_is-13
2026-03-19 14:58:36,669 INFO  ExportHelperExtension.cs: 1145 - Found 0 features of type [CoordSys] in hhb(grade a)_is-13
2026-03-19 14:58:36,669 INFO  ExportHelperExtension.cs: 1125 - Retrieving features of type [RefAxis] from body pk
2026-03-19 14:58:36,669 INFO  ExportHelperExtension.cs: 1136 - Found 283 in body pk
2026-03-19 14:58:36,669 INFO  ExportHelperExtension.cs: 1145 - Found 13 features of type [RefAxis] in body pk
2026-03-19 14:58:36,669 INFO  ExportHelperExtension.cs: 1148 - Proceeding through assembly components
2026-03-19 14:58:36,669 INFO  ExportHelperExtension.cs: 1160 - 41 components to check
2026-03-19 14:58:36,669 INFO  ExportHelperExtension.cs: 1125 - Retrieving features of type [RefAxis] from hhb(grade a)_is-5
2026-03-19 14:58:36,669 INFO  ExportHelperExtension.cs: 1136 - Found 41 in hhb(grade a)_is-5
2026-03-19 14:58:36,669 INFO  ExportHelperExtension.cs: 1145 - Found 0 features of type [RefAxis] in hhb(grade a)_is-5
2026-03-19 14:58:36,669 INFO  ExportHelperExtension.cs: 1125 - Retrieving features of type [RefAxis] from hhb(grade a)_is-1
2026-03-19 14:58:36,669 INFO  ExportHelperExtension.cs: 1136 - Found 41 in hhb(grade a)_is-1
2026-03-19 14:58:36,669 INFO  ExportHelperExtension.cs: 1145 - Found 0 features of type [RefAxis] in hhb(grade a)_is-1
2026-03-19 14:58:36,669 INFO  ExportHelperExtension.cs: 1125 - Retrieving features of type [RefAxis] from lower-1
2026-03-19 14:58:36,669 INFO  ExportHelperExtension.cs: 1136 - Found 66 in lower-1
2026-03-19 14:58:36,669 INFO  ExportHelperExtension.cs: 1145 - Found 0 features of type [RefAxis] in lower-1
2026-03-19 14:58:36,669 INFO  ExportHelperExtension.cs: 1125 - Retrieving features of type [RefAxis] from hhb(grade a)_is-7
2026-03-19 14:58:36,669 INFO  ExportHelperExtension.cs: 1136 - Found 41 in hhb(grade a)_is-7
2026-03-19 14:58:36,669 INFO  ExportHelperExtension.cs: 1145 - Found 0 features of type [RefAxis] in hhb(grade a)_is-7
2026-03-19 14:58:36,669 INFO  ExportHelperExtension.cs: 1125 - Retrieving features of type [RefAxis] from hexagon nut style 1_is-8
2026-03-19 14:58:36,669 INFO  ExportHelperExtension.cs: 1136 - Found 40 in hexagon nut style 1_is-8
2026-03-19 14:58:36,669 INFO  ExportHelperExtension.cs: 1145 - Found 0 features of type [RefAxis] in hexagon nut style 1_is-8
2026-03-19 14:58:36,669 INFO  ExportHelperExtension.cs: 1125 - Retrieving features of type [RefAxis] from hexagon nut style 1_is-5
2026-03-19 14:58:36,669 INFO  ExportHelperExtension.cs: 1136 - Found 40 in hexagon nut style 1_is-5
2026-03-19 14:58:36,669 INFO  ExportHelperExtension.cs: 1145 - Found 0 features of type [RefAxis] in hexagon nut style 1_is-5
2026-03-19 14:58:36,679 INFO  ExportHelperExtension.cs: 1125 - Retrieving features of type [RefAxis] from hexagon nut style 1_is-7
2026-03-19 14:58:36,679 INFO  ExportHelperExtension.cs: 1136 - Found 40 in hexagon nut style 1_is-7
2026-03-19 14:58:36,679 INFO  ExportHelperExtension.cs: 1145 - Found 0 features of type [RefAxis] in hexagon nut style 1_is-7
2026-03-19 14:58:36,679 INFO  ExportHelperExtension.cs: 1125 - Retrieving features of type [RefAxis] from towerpro mount final-1
2026-03-19 14:58:36,679 INFO  ExportHelperExtension.cs: 1136 - Found 32 in towerpro mount final-1
2026-03-19 14:58:36,679 INFO  ExportHelperExtension.cs: 1145 - Found 0 features of type [RefAxis] in towerpro mount final-1
2026-03-19 14:58:36,679 INFO  ExportHelperExtension.cs: 1125 - Retrieving features of type [RefAxis] from orange mount final-1
2026-03-19 14:58:36,679 INFO  ExportHelperExtension.cs: 1136 - Found 32 in orange mount final-1
2026-03-19 14:58:36,679 INFO  ExportHelperExtension.cs: 1145 - Found 0 features of type [RefAxis] in orange mount final-1
2026-03-19 14:58:36,679 INFO  ExportHelperExtension.cs: 1125 - Retrieving features of type [RefAxis] from hexagon nut style 1_is-6
2026-03-19 14:58:36,679 INFO  ExportHelperExtension.cs: 1136 - Found 40 in hexagon nut style 1_is-6
2026-03-19 14:58:36,679 INFO  ExportHelperExtension.cs: 1145 - Found 0 features of type [RefAxis] in hexagon nut style 1_is-6
2026-03-19 14:58:36,679 INFO  ExportHelperExtension.cs: 1125 - Retrieving features of type [RefAxis] from hhb(grade a)_is-6
2026-03-19 14:58:36,679 INFO  ExportHelperExtension.cs: 1136 - Found 41 in hhb(grade a)_is-6
2026-03-19 14:58:36,679 INFO  ExportHelperExtension.cs: 1145 - Found 0 features of type [RefAxis] in hhb(grade a)_is-6
2026-03-19 14:58:36,679 INFO  ExportHelperExtension.cs: 1125 - Retrieving features of type [RefAxis] from cr pan head screw_is-8
2026-03-19 14:58:36,679 INFO  ExportHelperExtension.cs: 1136 - Found 42 in cr pan head screw_is-8
2026-03-19 14:58:36,679 INFO  ExportHelperExtension.cs: 1145 - Found 0 features of type [RefAxis] in cr pan head screw_is-8
2026-03-19 14:58:36,679 INFO  ExportHelperExtension.cs: 1125 - Retrieving features of type [RefAxis] from hhb(grade a)_is-12
2026-03-19 14:58:36,679 INFO  ExportHelperExtension.cs: 1136 - Found 41 in hhb(grade a)_is-12
2026-03-19 14:58:36,679 INFO  ExportHelperExtension.cs: 1145 - Found 0 features of type [RefAxis] in hhb(grade a)_is-12
2026-03-19 14:58:36,679 INFO  ExportHelperExtension.cs: 1125 - Retrieving features of type [RefAxis] from cr pan head screw_is-7
2026-03-19 14:58:36,684 INFO  ExportHelperExtension.cs: 1136 - Found 42 in cr pan head screw_is-7
2026-03-19 14:58:36,684 INFO  ExportHelperExtension.cs: 1145 - Found 0 features of type [RefAxis] in cr pan head screw_is-7
2026-03-19 14:58:36,684 INFO  ExportHelperExtension.cs: 1125 - Retrieving features of type [RefAxis] from Jetson Case-2
2026-03-19 14:58:36,684 INFO  ExportHelperExtension.cs: 1136 - Found 41 in Jetson Case-2
2026-03-19 14:58:36,684 INFO  ExportHelperExtension.cs: 1145 - Found 0 features of type [RefAxis] in Jetson Case-2
2026-03-19 14:58:36,684 INFO  ExportHelperExtension.cs: 1125 - Retrieving features of type [RefAxis] from cr pan head screw_is-13
2026-03-19 14:58:36,684 INFO  ExportHelperExtension.cs: 1136 - Found 42 in cr pan head screw_is-13
2026-03-19 14:58:36,684 INFO  ExportHelperExtension.cs: 1145 - Found 0 features of type [RefAxis] in cr pan head screw_is-13
2026-03-19 14:58:36,684 INFO  ExportHelperExtension.cs: 1125 - Retrieving features of type [RefAxis] from cr pan head screw_is-9
2026-03-19 14:58:36,684 INFO  ExportHelperExtension.cs: 1136 - Found 42 in cr pan head screw_is-9
2026-03-19 14:58:36,684 INFO  ExportHelperExtension.cs: 1145 - Found 0 features of type [RefAxis] in cr pan head screw_is-9
2026-03-19 14:58:36,684 INFO  ExportHelperExtension.cs: 1125 - Retrieving features of type [RefAxis] from upper-1
2026-03-19 14:58:36,684 INFO  ExportHelperExtension.cs: 1136 - Found 40 in upper-1
2026-03-19 14:58:36,684 INFO  ExportHelperExtension.cs: 1145 - Found 0 features of type [RefAxis] in upper-1
2026-03-19 14:58:36,684 INFO  ExportHelperExtension.cs: 1125 - Retrieving features of type [RefAxis] from cr pan head screw_is-11
2026-03-19 14:58:36,684 INFO  ExportHelperExtension.cs: 1136 - Found 42 in cr pan head screw_is-11
2026-03-19 14:58:36,684 INFO  ExportHelperExtension.cs: 1145 - Found 0 features of type [RefAxis] in cr pan head screw_is-11
2026-03-19 14:58:36,684 INFO  ExportHelperExtension.cs: 1125 - Retrieving features of type [RefAxis] from Leg-3
2026-03-19 14:58:36,684 INFO  ExportHelperExtension.cs: 1136 - Found 45 in Leg-3
2026-03-19 14:58:36,684 INFO  ExportHelperExtension.cs: 1145 - Found 0 features of type [RefAxis] in Leg-3
2026-03-19 14:58:36,684 INFO  ExportHelperExtension.cs: 1125 - Retrieving features of type [RefAxis] from hhb(grade a)_is-9
2026-03-19 14:58:36,684 INFO  ExportHelperExtension.cs: 1136 - Found 41 in hhb(grade a)_is-9
2026-03-19 14:58:36,684 INFO  ExportHelperExtension.cs: 1145 - Found 0 features of type [RefAxis] in hhb(grade a)_is-9
2026-03-19 14:58:36,684 INFO  ExportHelperExtension.cs: 1125 - Retrieving features of type [RefAxis] from cr pan head screw_is-10
2026-03-19 14:58:36,684 INFO  ExportHelperExtension.cs: 1136 - Found 42 in cr pan head screw_is-10
2026-03-19 14:58:36,684 INFO  ExportHelperExtension.cs: 1145 - Found 0 features of type [RefAxis] in cr pan head screw_is-10
2026-03-19 14:58:36,684 INFO  ExportHelperExtension.cs: 1125 - Retrieving features of type [RefAxis] from hhb(grade a)_is-10
2026-03-19 14:58:36,684 INFO  ExportHelperExtension.cs: 1136 - Found 41 in hhb(grade a)_is-10
2026-03-19 14:58:36,684 INFO  ExportHelperExtension.cs: 1145 - Found 0 features of type [RefAxis] in hhb(grade a)_is-10
2026-03-19 14:58:36,684 INFO  ExportHelperExtension.cs: 1125 - Retrieving features of type [RefAxis] from Legmirror-4
2026-03-19 14:58:36,684 INFO  ExportHelperExtension.cs: 1136 - Found 40 in Legmirror-4
2026-03-19 14:58:36,684 INFO  ExportHelperExtension.cs: 1145 - Found 0 features of type [RefAxis] in Legmirror-4
2026-03-19 14:58:36,684 INFO  ExportHelperExtension.cs: 1125 - Retrieving features of type [RefAxis] from Legmirror-3
2026-03-19 14:58:36,684 INFO  ExportHelperExtension.cs: 1136 - Found 40 in Legmirror-3
2026-03-19 14:58:36,684 INFO  ExportHelperExtension.cs: 1145 - Found 0 features of type [RefAxis] in Legmirror-3
2026-03-19 14:58:36,684 INFO  ExportHelperExtension.cs: 1125 - Retrieving features of type [RefAxis] from Leg-4
2026-03-19 14:58:36,684 INFO  ExportHelperExtension.cs: 1136 - Found 45 in Leg-4
2026-03-19 14:58:36,684 INFO  ExportHelperExtension.cs: 1145 - Found 0 features of type [RefAxis] in Leg-4
2026-03-19 14:58:36,684 INFO  ExportHelperExtension.cs: 1125 - Retrieving features of type [RefAxis] from hhb(grade a)_is-13
2026-03-19 14:58:36,684 INFO  ExportHelperExtension.cs: 1136 - Found 41 in hhb(grade a)_is-13
2026-03-19 14:58:36,684 INFO  ExportHelperExtension.cs: 1145 - Found 0 features of type [RefAxis] in hhb(grade a)_is-13
2026-03-19 14:58:37,154 INFO  SwAddin.cs: 339 - Loading config tree
2026-03-19 14:58:37,156 INFO  ConfigurationSerialization.cs: 276 - URDF Configuration found
<Link z:Id="i1" xmlns="http://schemas.datacontract.org/2004/07/SW2URDF" xmlns:i="http://www.w3.org/2001/XMLSchema-instance" xmlns:z="http://schemas.microsoft.com/2003/10/Serialization/"><Attributes><Attribute z:Id="i2"><AttributeType>name</AttributeType><IsRequired>true</IsRequired><Value i:type="a:string" xmlns:a="http://www.w3.org/2001/XMLSchema">Body</Value></Attribute></Attributes><ChildElements><URDFElement z:Id="i3" i:type="Inertial"><Attributes/><ChildElements><URDFElement z:Id="i4" i:type="Origin"><Attributes><Attribute z:Id="i5"><AttributeType>xyz</AttributeType><IsRequired>true</IsRequired><Value i:type="a:ArrayOfdouble" xmlns:a="http://schemas.microsoft.com/2003/10/Serialization/Arrays"><a:double>0.65631694576985611</a:double><a:double>-1.4282856305519707</a:double><a:double>0.9766488613407236</a:double></Value></Attribute><Attribute z:Id="i6"><AttributeType>rpy</AttributeType><IsRequired>true</IsRequired><Value i:type="a:ArrayOfdouble" xmlns:a="http://schemas.microsoft.com/2003/10/Serialization/Arrays"><a:double>0</a:double><a:double>0</a:double><a:double>0</a:double></Value></Attribute></Attributes><ChildElements/><ElementName>origin</ElementName><required>false</required><RPYAttribute z:Ref="i6"/><XYZAttribute z:Ref="i5"/><isCustomized>false</isCustomized></URDFElement><URDFElement z:Id="i7" i:type="Mass"><Attributes><Attribute z:Id="i8"><AttributeType>value</AttributeType><IsRequired>true</IsRequired><Value i:type="a:double" xmlns:a="http://www.w3.org/2001/XMLSchema">2.4108129727592784</Value></Attribute></Attributes><ChildElements/><ElementName>mass</ElementName><required>false</required><ValueAttribute z:Ref="i8"/></URDFElement><URDFElement z:Id="i9" i:type="Inertia"><Attributes><Attribute z:Id="i10"><AttributeType>ixx</AttributeType><IsRequired>true</IsRequired><Value i:type="a:double" xmlns:a="http://www.w3.org/2001/XMLSchema">0.033779760674056</Value></Attribute><Attribute z:Id="i11"><AttributeType>ixy</AttributeType><IsRequired>true</IsRequired><Value i:type="a:double" xmlns:a="http://www.w3.org/2001/XMLSchema">-1.0119171042158175E-07</Value></Attribute><Attribute z:Id="i12"><AttributeType>ixz</AttributeType><IsRequired>true</IsRequired><Value i:type="a:double" xmlns:a="http://www.w3.org/2001/XMLSchema">7.49013934311398E-09</Value></Attribute><Attribute z:Id="i13"><AttributeType>iyy</AttributeType><IsRequired>true</IsRequired><Value i:type="a:double" xmlns:a="http://www.w3.org/2001/XMLSchema">0.018730721194957133</Value></Attribute><Attribute z:Id="i14"><AttributeType>iyz</AttributeType><IsRequired>true</IsRequired><Value i:type="a:double" xmlns:a="http://www.w3.org/2001/XMLSchema">-8.8800464807665532E-05</Value></Attribute><Attribute z:Id="i15"><AttributeType>izz</AttributeType><IsRequired>true</IsRequired><Value i:type="a:double" xmlns:a="http://www.w3.org/2001/XMLSchema">0.051308348865208568</Value></Attribute></Attributes><ChildElements/><ElementName>inertia</ElementName><required>false</required><IxxAttribute z:Ref="i10"/><IxyAttribute z:Ref="i11"/><IxzAttribute z:Ref="i12"/><IyyAttribute z:Ref="i13"/><IyzAttribute z:Ref="i14"/><IzzAttribute z:Ref="i15"/></URDFElement></ChildElements><ElementName>inertial</ElementName><required>false</required><Inertia z:Ref="i9"/><Mass z:Ref="i7"/><Origin z:Ref="i4"/></URDFElement><URDFElement z:Id="i16" i:type="Visual"><Attributes/><ChildElements><URDFElement z:Id="i17" i:type="Origin"><Attributes><Attribute z:Id="i18"><AttributeType>xyz</AttributeType><IsRequired>true</IsRequired><Value i:type="a:ArrayOfdouble" xmlns:a="http://schemas.microsoft.com/2003/10/Serialization/Arrays"><a:double>0</a:double><a:double>0</a:double><a:double>0</a:double></Value></Attribute><Attribute z:Id="i19"><AttributeType>rpy</AttributeType><IsRequired>true</IsRequired><Value i:type="a:ArrayOfdouble" xmlns:a="http://schemas.microsoft.com/2003/10/Serialization/Arrays"><a:double>0</a:double><a:double>0</a:double><a:double>0</a:double></Value></Attribute></Attributes><ChildElements/><ElementName>origin</ElementName><required>false</required><RPYAttribute z:Ref="i19"/><XYZAttribute z:Ref="i18"/><isCustomized>false</isCustomized></URDFElement><URDFElement z:Id="i20" i:type="Geometry"><Attributes/><ChildElements><URDFElement z:Id="i21" i:type="Mesh"><Attributes><Attribute z:Id="i22"><AttributeType>filename</AttributeType><IsRequired>true</IsRequired><Value i:nil="true"/></Attribute></Attributes><ChildElements/><ElementName>mesh</ElementName><required>false</required><FilenameAttribute z:Ref="i22"/></URDFElement></ChildElements><ElementName>geometry</ElementName><required>true</required><Mesh z:Ref="i21"/></URDFElement><URDFElement z:Id="i23" i:type="Material"><Attributes><Attribute z:Id="i24"><AttributeType>name</AttributeType><IsRequired>true</IsRequired><Value i:type="a:string" xmlns:a="http://www.w3.org/2001/XMLSchema"/></Attribute></Attributes><ChildElements><URDFElement z:Id="i25" i:type="Color"><Attributes><Attribute z:Id="i26"><AttributeType>rgba</AttributeType><IsRequired>true</IsRequired><Value i:type="a:ArrayOfdouble" xmlns:a="http://schemas.microsoft.com/2003/10/Serialization/Arrays"><a:double>0.796078431372549</a:double><a:double>0.82352941176470584</a:double><a:double>0.93725490196078431</a:double><a:double>1</a:double></Value></Attribute></Attributes><ChildElements/><ElementName>color</ElementName><required>false</required><RGBAAttribute z:Ref="i26"/></URDFElement><URDFElement z:Id="i27" i:type="Texture"><Attributes><Attribute z:Id="i28"><AttributeType>filename</AttributeType><IsRequired>true</IsRequired><Value i:nil="true"/></Attribute></Attributes><ChildElements/><ElementName>texture</ElementName><required>false</required><FilenameAttribute z:Ref="i28"/><wFilename/></URDFElement></ChildElements><ElementName>material</ElementName><required>false</required><Color z:Ref="i25"/><NameAttribute z:Ref="i24"/><Texture z:Ref="i27"/></URDFElement></ChildElements><ElementName>visual</ElementName><required>false</required><Geometry z:Ref="i20"/><Material z:Ref="i23"/><Origin z:Ref="i17"/></URDFElement><URDFElement z:Id="i29" i:type="Collision"><Attributes/><ChildElements><URDFElement z:Id="i30" i:type="Origin"><Attributes><Attribute z:Id="i31"><AttributeType>xyz</AttributeType><IsRequired>true</IsRequired><Value i:type="a:ArrayOfdouble" xmlns:a="http://schemas.microsoft.com/2003/10/Serialization/Arrays"><a:double>0</a:double><a:double>0</a:double><a:double>0</a:double></Value></Attribute><Attribute z:Id="i32"><AttributeType>rpy</AttributeType><IsRequired>true</IsRequired><Value i:type="a:ArrayOfdouble" xmlns:a="http://schemas.microsoft.com/2003/10/Serialization/Arrays"><a:double>0</a:double><a:double>0</a:double><a:double>0</a:double></Value></Attribute></Attributes><ChildElements/><ElementName>origin</ElementName><required>false</required><RPYAttribute z:Ref="i32"/><XYZAttribute z:Ref="i31"/><isCustomized>false</isCustomized></URDFElement><URDFElement z:Id="i33" i:type="Geometry"><Attributes/><ChildElements><URDFElement z:Id="i34" i:type="Mesh"><Attributes><Attribute z:Id="i35"><AttributeType>filename</AttributeType><IsRequired>true</IsRequired><Value i:nil="true"/></Attribute></Attributes><ChildElements/><ElementName>mesh</ElementName><required>false</required><FilenameAttribute z:Ref="i35"/></URDFElement></ChildElements><ElementName>geometry</ElementName><required>true</required><Mesh z:Ref="i34"/></URDFElement></ChildElements><ElementName>collision</ElementName><required>false</required><Geometry z:Ref="i33"/><Origin z:Ref="i30"/></URDFElement><URDFElement z:Id="i36" i:type="Joint"><Attributes><Attribute z:Id="i37"><AttributeType>name</AttributeType><IsRequired>true</IsRequired><Value i:type="a:string" xmlns:a="http://www.w3.org/2001/XMLSchema"/></Attribute><Attribute z:Id="i38"><AttributeType>type</AttributeType><IsRequired>true</IsRequired><Value i:type="a:string" xmlns:a="http://www.w3.org/2001/XMLSchema"/></Attribute></Attributes><ChildElements><URDFElement z:Id="i39" i:type="Origin"><Attributes><Attribute z:Id="i40"><AttributeType>xyz</AttributeType><IsRequired>true</IsRequired><Value i:type="a:ArrayOfdouble" xmlns:a="http://schemas.microsoft.com/2003/10/Serialization/Arrays"><a:double>0</a:double><a:double>0</a:double><a:double>0</a:double></Value></Attribute><Attribute z:Id="i41"><AttributeType>rpy</AttributeType><IsRequired>true</IsRequired><Value i:type="a:ArrayOfdouble" xmlns:a="http://schemas.microsoft.com/2003/10/Serialization/Arrays"><a:double>0</a:double><a:double>0</a:double><a:double>0</a:double></Value></Attribute></Attributes><ChildElements/><ElementName>origin</ElementName><required>false</required><RPYAttribute z:Ref="i41"/><XYZAttribute z:Ref="i40"/><isCustomized>false</isCustomized></URDFElement><URDFElement z:Id="i42" i:type="ParentLink"><Attributes><Attribute z:Id="i43"><AttributeType>link</AttributeType><IsRequired>true</IsRequired><Value i:type="a:string" xmlns:a="http://www.w3.org/2001/XMLSchema"/></Attribute></Attributes><ChildElements/><ElementName>parent</ElementName><required>true</required><NameAttribute z:Ref="i43"/></URDFElement><URDFElement z:Id="i44" i:type="ChildLink"><Attributes><Attribute z:Id="i45"><AttributeType>link</AttributeType><IsRequired>true</IsRequired><Value i:type="a:string" xmlns:a="http://www.w3.org/2001/XMLSchema"/></Attribute></Attributes><ChildElements/><ElementName>child</ElementName><required>true</required><NameAttribute z:Ref="i45"/></URDFElement><URDFElement z:Id="i46" i:type="Axis"><Attributes><Attribute z:Id="i47"><AttributeType>xyz</AttributeType><IsRequired>true</IsRequired><Value i:type="a:ArrayOfdouble" xmlns:a="http://schemas.microsoft.com/2003/10/Serialization/Arrays"><a:double>0</a:double><a:double>0</a:double><a:double>0</a:double></Value></Attribute></Attributes><ChildElements/><ElementName>axis</ElementName><required>false</required><XYZAttribute z:Ref="i47"/></URDFElement><URDFElement z:Id="i48" i:type="Limit"><Attributes><Attribute z:Id="i49"><AttributeType>lower</AttributeType><IsRequired>false</IsRequired><Value i:nil="true"/></Attribute><Attribute z:Id="i50"><AttributeType>upper</AttributeType><IsRequired>false</IsRequired><Value i:nil="true"/></Attribute><Attribute z:Id="i51"><AttributeType>effort</AttributeType><IsRequired>true</IsRequired><Value i:nil="true"/></Attribute><Attribute z:Id="i52"><AttributeType>velocity</AttributeType><IsRequired>true</IsRequired><Value i:nil="true"/></Attribute></Attributes><ChildElements/><ElementName>limit</ElementName><required>false</required><EffortAttribute z:Ref="i51"/><LowerAttribute z:Ref="i49"/><UpperAttribute z:Ref="i50"/><VelocityAttribute z:Ref="i52"/></URDFElement><URDFElement z:Id="i53" i:type="Calibration"><Attributes><Attribute z:Id="i54"><AttributeType>rising</AttributeType><IsRequired>false</IsRequired><Value i:nil="true"/></Attribute><Attribute z:Id="i55"><AttributeType>falling</AttributeType><IsRequired>false</IsRequired><Value i:nil="true"/></Attribute></Attributes><ChildElements/><ElementName>calibration</ElementName><required>false</required><FallingAttribute z:Ref="i55"/><RisingAttribute z:Ref="i54"/></URDFElement><URDFElement z:Id="i56" i:type="Dynamics"><Attributes><Attribute z:Id="i57"><AttributeType>damping</AttributeType><IsRequired>false</IsRequired><Value i:nil="true"/></Attribute><Attribute z:Id="i58"><AttributeType>friction</AttributeType><IsRequired>false</IsRequired><Value i:nil="true"/></Attribute></Attributes><ChildElements/><ElementName>dynamics</ElementName><required>false</required><DampingAttribute z:Ref="i57"/><FrictionAttribute z:Ref="i58"/></URDFElement><URDFElement z:Id="i59" i:type="SafetyController"><Attributes><Attribute z:Id="i60"><AttributeType>soft_upper_limit</AttributeType><IsRequired>false</IsRequired><Value i:nil="true"/></Attribute><Attribute z:Id="i61"><AttributeType>soft_lower_limit</AttributeType><IsRequired>false</IsRequired><Value i:nil="true"/></Attribute><Attribute z:Id="i62"><AttributeType>k_position</AttributeType><IsRequired>false</IsRequired><Value i:nil="true"/></Attribute><Attribute z:Id="i63"><AttributeType>k_velocity</AttributeType><IsRequired>true</IsRequired><Value i:nil="true"/></Attribute></Attributes><ChildElements/><ElementName>safety_controller</ElementName><required>false</required><KPositionAttribute z:Ref="i62"/><KVelocityAttribute z:Ref="i63"/><SoftLowerAttribute z:Ref="i61"/><SoftUpperAttribute z:Ref="i60"/></URDFElement><URDFElement z:Id="i64" i:type="Mimic"><Attributes><Attribute z:Id="i65"><AttributeType>joint</AttributeType><IsRequired>true</IsRequired><Value i:nil="true"/></Attribute><Attribute z:Id="i66"><AttributeType>multiplier</AttributeType><IsRequired>false</IsRequired><Value i:nil="true"/></Attribute><Attribute z:Id="i67"><AttributeType>offset</AttributeType><IsRequired>false</IsRequired><Value i:nil="true"/></Attribute></Attributes><ChildElements/><ElementName>mimic</ElementName><required>false</required><JointNameAttribute z:Ref="i65"/><MultiplierAttribute z:Ref="i66"/><OffsetAttribute z:Ref="i67"/></URDFElement></ChildElements><ElementName>joint</ElementName><required>false</required><Axis z:Ref="i46"/><AxisName/><Calibration z:Ref="i53"/><Child z:Ref="i44"/><CoordinateSystemName>Origin_global</CoordinateSystemName><Dynamics z:Ref="i56"/><Limit z:Ref="i48"/><Mimic z:Ref="i64"/><NameAttribute z:Ref="i37"/><Origin z:Ref="i39"/><Parent z:Ref="i42"/><Safety z:Ref="i59"/><TypeAttribute z:Ref="i38"/></URDFElement></ChildElements><ElementName>link</ElementName><required>true</required><Children><Link z:Id="i68"><Attributes><Attribute z:Id="i69"><AttributeType>name</AttributeType><IsRequired>true</IsRequired><Value i:type="a:string" xmlns:a="http://www.w3.org/2001/XMLSchema">LFshoulder</Value></Attribute></Attributes><ChildElements><URDFElement z:Id="i70" i:type="Inertial"><Attributes/><ChildElements><URDFElement z:Id="i71" i:type="Origin"><Attributes><Attribute z:Id="i72"><AttributeType>xyz</AttributeType><IsRequired>true</IsRequired><Value i:type="a:ArrayOfdouble" xmlns:a="http://schemas.microsoft.com/2003/10/Serialization/Arrays"><a:double>0.0068116972262093345</a:double><a:double>0.0012503368627788669</a:double><a:double>-0.052999449998840209</a:double></Value></Attribute><Attribute z:Id="i73"><AttributeType>rpy</AttributeType><IsRequired>true</IsRequired><Value i:type="a:ArrayOfdouble" xmlns:a="http://schemas.microsoft.com/2003/10/Serialization/Arrays"><a:double>0</a:double><a:double>0</a:double><a:double>0</a:double></Value></Attribute></Attributes><ChildElements/><ElementName>origin</ElementName><required>false</required><RPYAttribute z:Ref="i73"/><XYZAttribute z:Ref="i72"/><isCustomized>false</isCustomized></URDFElement><URDFElement z:Id="i74" i:type="Mass"><Attributes><Attribute z:Id="i75"><AttributeType>value</AttributeType><IsRequired>true</IsRequired><Value i:type="a:double" xmlns:a="http://www.w3.org/2001/XMLSchema">0.10673460632234874</Value></Attribute></Attributes><ChildElements/><ElementName>mass</ElementName><required>false</required><ValueAttribute z:Ref="i75"/></URDFElement><URDFElement z:Id="i76" i:type="Inertia"><Attributes><Attribute z:Id="i77"><AttributeType>ixx</AttributeType><IsRequired>true</IsRequired><Value i:type="a:double" xmlns:a="http://www.w3.org/2001/XMLSchema">5.1789085360076173E-05</Value></Attribute><Attribute z:Id="i78"><AttributeType>ixy</AttributeType><IsRequired>true</IsRequired><Value i:type="a:double" xmlns:a="http://www.w3.org/2001/XMLSchema">2.95186281770846E-06</Value></Attribute><Attribute z:Id="i79"><AttributeType>ixz</AttributeType><IsRequired>true</IsRequired><Value i:type="a:double" xmlns:a="http://www.w3.org/2001/XMLSchema">-2.7636482858829016E-06</Value></Attribute><Attribute z:Id="i80"><AttributeType>iyy</AttributeType><IsRequired>true</IsRequired><Value i:type="a:double" xmlns:a="http://www.w3.org/2001/XMLSchema">3.8883033533986786E-05</Value></Attribute><Attribute z:Id="i81"><AttributeType>iyz</AttributeType><IsRequired>true</IsRequired><Value i:type="a:double" xmlns:a="http://www.w3.org/2001/XMLSchema">-2.5578413977225496E-06</Value></Attribute><Attribute z:Id="i82"><AttributeType>izz</AttributeType><IsRequired>true</IsRequired><Value i:type="a:double" xmlns:a="http://www.w3.org/2001/XMLSchema">4.6973714082755924E-05</Value></Attribute></Attributes><ChildElements/><ElementName>inertia</ElementName><required>false</required><IxxAttribute z:Ref="i77"/><IxyAttribute z:Ref="i78"/><IxzAttribute z:Ref="i79"/><IyyAttribute z:Ref="i80"/><IyzAttribute z:Ref="i81"/><IzzAttribute z:Ref="i82"/></URDFElement></ChildElements><ElementName>inertial</ElementName><required>false</required><Inertia z:Ref="i76"/><Mass z:Ref="i74"/><Origin z:Ref="i71"/></URDFElement><URDFElement z:Id="i83" i:type="Visual"><Attributes/><ChildElements><URDFElement z:Id="i84" i:type="Origin"><Attributes><Attribute z:Id="i85"><AttributeType>xyz</AttributeType><IsRequired>true</IsRequired><Value i:type="a:ArrayOfdouble" xmlns:a="http://schemas.microsoft.com/2003/10/Serialization/Arrays"><a:double>0</a:double><a:double>0</a:double><a:double>0</a:double></Value></Attribute><Attribute z:Id="i86"><AttributeType>rpy</AttributeType><IsRequired>true</IsRequired><Value i:type="a:ArrayOfdouble" xmlns:a="http://schemas.microsoft.com/2003/10/Serialization/Arrays"><a:double>0</a:double><a:double>0</a:double><a:double>0</a:double></Value></Attribute></Attributes><ChildElements/><ElementName>origin</ElementName><required>false</required><RPYAttribute z:Ref="i86"/><XYZAttribute z:Ref="i85"/><isCustomized>false</isCustomized></URDFElement><URDFElement z:Id="i87" i:type="Geometry"><Attributes/><ChildElements><URDFElement z:Id="i88" i:type="Mesh"><Attributes><Attribute z:Id="i89"><AttributeType>filename</AttributeType><IsRequired>true</IsRequired><Value i:nil="true"/></Attribute></Attributes><ChildElements/><ElementName>mesh</ElementName><required>false</required><FilenameAttribute z:Ref="i89"/></URDFElement></ChildElements><ElementName>geometry</ElementName><required>true</required><Mesh z:Ref="i88"/></URDFElement><URDFElement z:Id="i90" i:type="Material"><Attributes><Attribute z:Id="i91"><AttributeType>name</AttributeType><IsRequired>true</IsRequired><Value i:type="a:string" xmlns:a="http://www.w3.org/2001/XMLSchema"/></Attribute></Attributes><ChildElements><URDFElement z:Id="i92" i:type="Color"><Attributes><Attribute z:Id="i93"><AttributeType>rgba</AttributeType><IsRequired>true</IsRequired><Value i:type="a:ArrayOfdouble" xmlns:a="http://schemas.microsoft.com/2003/10/Serialization/Arrays"><a:double>0.62745098039215685</a:double><a:double>0.62745098039215685</a:double><a:double>0.62745098039215685</a:double><a:double>1</a:double></Value></Attribute></Attributes><ChildElements/><ElementName>color</ElementName><required>false</required><RGBAAttribute z:Ref="i93"/></URDFElement><URDFElement z:Id="i94" i:type="Texture"><Attributes><Attribute z:Id="i95"><AttributeType>filename</AttributeType><IsRequired>true</IsRequired><Value i:nil="true"/></Attribute></Attributes><ChildElements/><ElementName>texture</ElementName><required>false</required><FilenameAttribute z:Ref="i95"/><wFilename/></URDFElement></ChildElements><ElementName>material</ElementName><required>false</required><Color z:Ref="i92"/><NameAttribute z:Ref="i91"/><Texture z:Ref="i94"/></URDFElement></ChildElements><ElementName>visual</ElementName><required>false</required><Geometry z:Ref="i87"/><Material z:Ref="i90"/><Origin z:Ref="i84"/></URDFElement><URDFElement z:Id="i96" i:type="Collision"><Attributes/><ChildElements><URDFElement z:Id="i97" i:type="Origin"><Attributes><Attribute z:Id="i98"><AttributeType>xyz</AttributeType><IsRequired>true</IsRequired><Value i:type="a:ArrayOfdouble" xmlns:a="http://schemas.microsoft.com/2003/10/Serialization/Arrays"><a:double>0</a:double><a:double>0</a:double><a:double>0</a:double></Value></Attribute><Attribute z:Id="i99"><AttributeType>rpy</AttributeType><IsRequired>true</IsRequired><Value i:type="a:ArrayOfdouble" xmlns:a="http://schemas.microsoft.com/2003/10/Serialization/Arrays"><a:double>0</a:double><a:double>0</a:double><a:double>0</a:double></Value></Attribute></Attributes><ChildElements/><ElementName>origin</ElementName><required>false</required><RPYAttribute z:Ref="i99"/><XYZAttribute z:Ref="i98"/><isCustomized>false</isCustomized></URDFElement><URDFElement z:Id="i100" i:type="Geometry"><Attributes/><ChildElements><URDFElement z:Id="i101" i:type="Mesh"><Attributes><Attribute z:Id="i102"><AttributeType>filename</AttributeType><IsRequired>true</IsRequired><Value i:nil="true"/></Attribute></Attributes><ChildElements/><ElementName>mesh</ElementName><required>false</required><FilenameAttribute z:Ref="i102"/></URDFElement></ChildElements><ElementName>geometry</ElementName><required>true</required><Mesh z:Ref="i101"/></URDFElement></ChildElements><ElementName>collision</ElementName><required>false</required><Geometry z:Ref="i100"/><Origin z:Ref="i97"/></URDFElement><URDFElement z:Id="i103" i:type="Joint"><Attributes><Attribute z:Id="i104"><AttributeType>name</AttributeType><IsRequired>true</IsRequired><Value i:type="a:string" xmlns:a="http://www.w3.org/2001/XMLSchema">LFshoulder1</Value></Attribute><Attribute z:Id="i105"><AttributeType>type</AttributeType><IsRequired>true</IsRequired><Value i:type="a:string" xmlns:a="http://www.w3.org/2001/XMLSchema">revolute</Value></Attribute></Attributes><ChildElements><URDFElement z:Id="i106" i:type="Origin"><Attributes><Attribute z:Id="i107"><AttributeType>xyz</AttributeType><IsRequired>true</IsRequired><Value i:type="a:ArrayOfdouble" xmlns:a="http://schemas.microsoft.com/2003/10/Serialization/Arrays"><a:double>0.57094590083093566</a:double><a:double>-1.3528782718737069</a:double><a:double>0.93482698245375773</a:double></Value></Attribute><Attribute z:Id="i108"><AttributeType>rpy</AttributeType><IsRequired>true</IsRequired><Value i:type="a:ArrayOfdouble" xmlns:a="http://schemas.microsoft.com/2003/10/Serialization/Arrays"><a:double>1.5707963267948966</a:double><a:double>0.019698287580365837</a:double><a:double>0</a:double></Value></Attribute></Attributes><ChildElements/><ElementName>origin</ElementName><required>false</required><RPYAttribute z:Ref="i108"/><XYZAttribute z:Ref="i107"/><isCustomized>false</isCustomized></URDFElement><URDFElement z:Id="i109" i:type="ParentLink"><Attributes><Attribute z:Id="i110"><AttributeType>link</AttributeType><IsRequired>true</IsRequired><Value i:type="a:string" xmlns:a="http://www.w3.org/2001/XMLSchema">Body</Value></Attribute></Attributes><ChildElements/><ElementName>parent</ElementName><required>true</required><NameAttribute z:Ref="i110"/></URDFElement><URDFElement z:Id="i111" i:type="ChildLink"><Attributes><Attribute z:Id="i112"><AttributeType>link</AttributeType><IsRequired>true</IsRequired><Value i:type="a:string" xmlns:a="http://www.w3.org/2001/XMLSchema">LFshoulder</Value></Attribute></Attributes><ChildElements/><ElementName>child</ElementName><required>true</required><NameAttribute z:Ref="i112"/></URDFElement><URDFElement z:Id="i113" i:type="Axis"><Attributes><Attribute z:Id="i114"><AttributeType>xyz</AttributeType><IsRequired>true</IsRequired><Value i:type="a:ArrayOfdouble" xmlns:a="http://schemas.microsoft.com/2003/10/Serialization/Arrays"><a:double>0</a:double><a:double>0</a:double><a:double>1</a:double></Value></Attribute></Attributes><ChildElements/><ElementName>axis</ElementName><required>false</required><XYZAttribute z:Ref="i114"/></URDFElement><URDFElement z:Id="i115" i:type="Limit"><Attributes><Attribute z:Id="i116"><AttributeType>lower</AttributeType><IsRequired>true</IsRequired><Value i:type="a:double" xmlns:a="http://www.w3.org/2001/XMLSchema">0</Value></Attribute><Attribute z:Id="i117"><AttributeType>upper</AttributeType><IsRequired>true</IsRequired><Value i:type="a:double" xmlns:a="http://www.w3.org/2001/XMLSchema">6.2832</Value></Attribute><Attribute z:Id="i118"><AttributeType>effort</AttributeType><IsRequired>true</IsRequired><Value i:type="a:double" xmlns:a="http://www.w3.org/2001/XMLSchema">100</Value></Attribute><Attribute z:Id="i119"><AttributeType>velocity</AttributeType><IsRequired>true</IsRequired><Value i:type="a:double" xmlns:a="http://www.w3.org/2001/XMLSchema">2</Value></Attribute></Attributes><ChildElements/><ElementName>limit</ElementName><required>true</required><EffortAttribute z:Ref="i118"/><LowerAttribute z:Ref="i116"/><UpperAttribute z:Ref="i117"/><VelocityAttribute z:Ref="i119"/></URDFElement><URDFElement z:Id="i120" i:type="Calibration"><Attributes><Attribute z:Id="i121"><AttributeType>rising</AttributeType><IsRequired>false</IsRequired><Value i:nil="true"/></Attribute><Attribute z:Id="i122"><AttributeType>falling</AttributeType><IsRequired>false</IsRequired><Value i:nil="true"/></Attribute></Attributes><ChildElements/><ElementName>calibration</ElementName><required>false</required><FallingAttribute z:Ref="i122"/><RisingAttribute z:Ref="i121"/></URDFElement><URDFElement z:Id="i123" i:type="Dynamics"><Attributes><Attribute z:Id="i124"><AttributeType>damping</AttributeType><IsRequired>false</IsRequired><Value i:nil="true"/></Attribute><Attribute z:Id="i125"><AttributeType>friction</AttributeType><IsRequired>false</IsRequired><Value i:nil="true"/></Attribute></Attributes><ChildElements/><ElementName>dynamics</ElementName><required>false</required><DampingAttribute z:Ref="i124"/><FrictionAttribute z:Ref="i125"/></URDFElement><URDFElement z:Id="i126" i:type="SafetyController"><Attributes><Attribute z:Id="i127"><AttributeType>soft_upper_limit</AttributeType><IsRequired>false</IsRequired><Value i:nil="true"/></Attribute><Attribute z:Id="i128"><AttributeType>soft_lower_limit</AttributeType><IsRequired>false</IsRequired><Value i:nil="true"/></Attribute><Attribute z:Id="i129"><AttributeType>k_position</AttributeType><IsRequired>false</IsRequired><Value i:nil="true"/></Attribute><Attribute z:Id="i130"><AttributeType>k_velocity</AttributeType><IsRequired>true</IsRequired><Value i:nil="true"/></Attribute></Attributes><ChildElements/><ElementName>safety_controller</ElementName><required>false</required><KPositionAttribute z:Ref="i129"/><KVelocityAttribute z:Ref="i130"/><SoftLowerAttribute z:Ref="i128"/><SoftUpperAttribute z:Ref="i127"/></URDFElement><URDFElement z:Id="i131" i:type="Mimic"><Attributes><Attribute z:Id="i132"><AttributeType>joint</AttributeType><IsRequired>true</IsRequired><Value i:nil="true"/></Attribute><Attribute z:Id="i133"><AttributeType>multiplier</AttributeType><IsRequired>false</IsRequired><Value i:nil="true"/></Attribute><Attribute z:Id="i134"><AttributeType>offset</AttributeType><IsRequired>false</IsRequired><Value i:nil="true"/></Attribute></Attributes><ChildElements/><ElementName>mimic</ElementName><required>false</required><JointNameAttribute z:Ref="i132"/><MultiplierAttribute z:Ref="i133"/><OffsetAttribute z:Ref="i134"/></URDFElement></ChildElements><ElementName>joint</ElementName><required>false</required><Axis z:Ref="i113"/><AxisName>LF_shoulder1_axis</AxisName><Calibration z:Ref="i120"/><Child z:Ref="i111"/><CoordinateSystemName>LF_shoulder1_CS</CoordinateSystemName><Dynamics z:Ref="i123"/><Limit z:Ref="i115"/><Mimic z:Ref="i131"/><NameAttribute z:Ref="i104"/><Origin z:Ref="i106"/><Parent z:Ref="i109"/><Safety z:Ref="i126"/><TypeAttribute z:Ref="i105"/></URDFElement></ChildElements><ElementName>link</ElementName><required>true</required><Children><Link z:Id="i135"><Attributes><Attribute z:Id="i136"><AttributeType>name</AttributeType><IsRequired>true</IsRequired><Value i:type="a:string" xmlns:a="http://www.w3.org/2001/XMLSchema">LFthigh</Value></Attribute></Attributes><ChildElements><URDFElement z:Id="i137" i:type="Inertial"><Attributes/><ChildElements><URDFElement z:Id="i138" i:type="Origin"><Attributes><Attribute z:Id="i139"><AttributeType>xyz</AttributeType><IsRequired>true</IsRequired><Value i:type="a:ArrayOfdouble" xmlns:a="http://schemas.microsoft.com/2003/10/Serialization/Arrays"><a:double>0.025429922679959582</a:double><a:double>-0.056025345920952929</a:double><a:double>-0.001594649404419668</a:double></Value></Attribute><Attribute z:Id="i140"><AttributeType>rpy</AttributeType><IsRequired>true</IsRequired><Value i:type="a:ArrayOfdouble" xmlns:a="http://schemas.microsoft.com/2003/10/Serialization/Arrays"><a:double>0</a:double><a:double>0</a:double><a:double>0</a:double></Value></Attribute></Attributes><ChildElements/><ElementName>origin</ElementName><required>false</required><RPYAttribute z:Ref="i140"/><XYZAttribute z:Ref="i139"/><isCustomized>false</isCustomized></URDFElement><URDFElement z:Id="i141" i:type="Mass"><Attributes><Attribute z:Id="i142"><AttributeType>value</AttributeType><IsRequired>true</IsRequired><Value i:type="a:double" xmlns:a="http://www.w3.org/2001/XMLSchema">0.14258506237082466</Value></Attribute></Attributes><ChildElements/><ElementName>mass</ElementName><required>false</required><ValueAttribute z:Ref="i142"/></URDFElement><URDFElement z:Id="i143" i:type="Inertia"><Attributes><Attribute z:Id="i144"><AttributeType>ixx</AttributeType><IsRequired>true</IsRequired><Value i:type="a:double" xmlns:a="http://www.w3.org/2001/XMLSchema">0.00032131875229863031</Value></Attribute><Attribute z:Id="i145"><AttributeType>ixy</AttributeType><IsRequired>true</IsRequired><Value i:type="a:double" xmlns:a="http://www.w3.org/2001/XMLSchema">-2.4193849462560258E-06</Value></Attribute><Attribute z:Id="i146"><AttributeType>ixz</AttributeType><IsRequired>true</IsRequired><Value i:type="a:double" xmlns:a="http://www.w3.org/2001/XMLSchema">-5.001795167267087E-08</Value></Attribute><Attribute z:Id="i147"><AttributeType>iyy</AttributeType><IsRequired>true</IsRequired><Value i:type="a:double" xmlns:a="http://www.w3.org/2001/XMLSchema">3.389576290724378E-05</Value></Attribute><Attribute z:Id="i148"><AttributeType>iyz</AttributeType><IsRequired>true</IsRequired><Value i:type="a:double" xmlns:a="http://www.w3.org/2001/XMLSchema">-7.6738920051101863E-06</Value></Attribute><Attribute z:Id="i149"><AttributeType>izz</AttributeType><IsRequired>true</IsRequired><Value i:type="a:double" xmlns:a="http://www.w3.org/2001/XMLSchema">0.00031630604481713116</Value></Attribute></Attributes><ChildElements/><ElementName>inertia</ElementName><required>false</required><IxxAttribute z:Ref="i144"/><IxyAttribute z:Ref="i145"/><IxzAttribute z:Ref="i146"/><IyyAttribute z:Ref="i147"/><IyzAttribute z:Ref="i148"/><IzzAttribute z:Ref="i149"/></URDFElement></ChildElements><ElementName>inertial</ElementName><required>false</required><Inertia z:Ref="i143"/><Mass z:Ref="i141"/><Origin z:Ref="i138"/></URDFElement><URDFElement z:Id="i150" i:type="Visual"><Attributes/><ChildElements><URDFElement z:Id="i151" i:type="Origin"><Attributes><Attribute z:Id="i152"><AttributeType>xyz</AttributeType><IsRequired>true</IsRequired><Value i:type="a:ArrayOfdouble" xmlns:a="http://schemas.microsoft.com/2003/10/Serialization/Arrays"><a:double>0</a:double><a:double>0</a:double><a:double>0</a:double></Value></Attribute><Attribute z:Id="i153"><AttributeType>rpy</AttributeType><IsRequired>true</IsRequired><Value i:type="a:ArrayOfdouble" xmlns:a="http://schemas.microsoft.com/2003/10/Serialization/Arrays"><a:double>0</a:double><a:double>0</a:double><a:double>0</a:double></Value></Attribute></Attributes><ChildElements/><ElementName>origin</ElementName><required>false</required><RPYAttribute z:Ref="i153"/><XYZAttribute z:Ref="i152"/><isCustomized>false</isCustomized></URDFElement><URDFElement z:Id="i154" i:type="Geometry"><Attributes/><ChildElements><URDFElement z:Id="i155" i:type="Mesh"><Attributes><Attribute z:Id="i156"><AttributeType>filename</AttributeType><IsRequired>true</IsRequired><Value i:nil="true"/></Attribute></Attributes><ChildElements/><ElementName>mesh</ElementName><required>false</required><FilenameAttribute z:Ref="i156"/></URDFElement></ChildElements><ElementName>geometry</ElementName><required>true</required><Mesh z:Ref="i155"/></URDFElement><URDFElement z:Id="i157" i:type="Material"><Attributes><Attribute z:Id="i158"><AttributeType>name</AttributeType><IsRequired>true</IsRequired><Value i:type="a:string" xmlns:a="http://www.w3.org/2001/XMLSchema"/></Attribute></Attributes><ChildElements><URDFElement z:Id="i159" i:type="Color"><Attributes><Attribute z:Id="i160"><AttributeType>rgba</AttributeType><IsRequired>true</IsRequired><Value i:type="a:ArrayOfdouble" xmlns:a="http://schemas.microsoft.com/2003/10/Serialization/Arrays"><a:double>0.792156862745098</a:double><a:double>0.81960784313725488</a:double><a:double>0.93333333333333335</a:double><a:double>1</a:double></Value></Attribute></Attributes><ChildElements/><ElementName>color</ElementName><required>false</required><RGBAAttribute z:Ref="i160"/></URDFElement><URDFElement z:Id="i161" i:type="Texture"><Attributes><Attribute z:Id="i162"><AttributeType>filename</AttributeType><IsRequired>true</IsRequired><Value i:nil="true"/></Attribute></Attributes><ChildElements/><ElementName>texture</ElementName><required>false</required><FilenameAttribute z:Ref="i162"/><wFilename/></URDFElement></ChildElements><ElementName>material</ElementName><required>false</required><Color z:Ref="i159"/><NameAttribute z:Ref="i158"/><Texture z:Ref="i161"/></URDFElement></ChildElements><ElementName>visual</ElementName><required>false</required><Geometry z:Ref="i154"/><Material z:Ref="i157"/><Origin z:Ref="i151"/></URDFElement><URDFElement z:Id="i163" i:type="Collision"><Attributes/><ChildElements><URDFElement z:Id="i164" i:type="Origin"><Attributes><Attribute z:Id="i165"><AttributeType>xyz</AttributeType><IsRequired>true</IsRequired><Value i:type="a:ArrayOfdouble" xmlns:a="http://schemas.microsoft.com/2003/10/Serialization/Arrays"><a:double>0</a:double><a:double>0</a:double><a:double>0</a:double></Value></Attribute><Attribute z:Id="i166"><AttributeType>rpy</AttributeType><IsRequired>true</IsRequired><Value i:type="a:ArrayOfdouble" xmlns:a="http://schemas.microsoft.com/2003/10/Serialization/Arrays"><a:double>0</a:double><a:double>0</a:double><a:double>0</a:double></Value></Attribute></Attributes><ChildElements/><ElementName>origin</ElementName><required>false</required><RPYAttribute z:Ref="i166"/><XYZAttribute z:Ref="i165"/><isCustomized>false</isCustomized></URDFElement><URDFElement z:Id="i167" i:type="Geometry"><Attributes/><ChildElements><URDFElement z:Id="i168" i:type="Mesh"><Attributes><Attribute z:Id="i169"><AttributeType>filename</AttributeType><IsRequired>true</IsRequired><Value i:nil="true"/></Attribute></Attributes><ChildElements/><ElementName>mesh</ElementName><required>false</required><FilenameAttribute z:Ref="i169"/></URDFElement></ChildElements><ElementName>geometry</ElementName><required>true</required><Mesh z:Ref="i168"/></URDFElement></ChildElements><ElementName>collision</ElementName><required>false</required><Geometry z:Ref="i167"/><Origin z:Ref="i164"/></URDFElement><URDFElement z:Id="i170" i:type="Joint"><Attributes><Attribute z:Id="i171"><AttributeType>name</AttributeType><IsRequired>true</IsRequired><Value i:type="a:string" xmlns:a="http://www.w3.org/2001/XMLSchema">LFshoulder</Value></Attribute><Attribute z:Id="i172"><AttributeType>type</AttributeType><IsRequired>true</IsRequired><Value i:type="a:string" xmlns:a="http://www.w3.org/2001/XMLSchema">revolute</Value></Attribute></Attributes><ChildElements><URDFElement z:Id="i173" i:type="Origin"><Attributes><Attribute z:Id="i174"><AttributeType>xyz</AttributeType><IsRequired>true</IsRequired><Value i:type="a:ArrayOfdouble" xmlns:a="http://schemas.microsoft.com/2003/10/Serialization/Arrays"><a:double>-0.030132735669689548</a:double><a:double>-0.027433002683566965</a:double><a:double>-0.054419879145493955</a:double></Value></Attribute><Attribute z:Id="i175"><AttributeType>rpy</AttributeType><IsRequired>true</IsRequired><Value i:type="a:ArrayOfdouble" xmlns:a="http://schemas.microsoft.com/2003/10/Serialization/Arrays"><a:double>-0.29981341752985358</a:double><a:double>0</a:double><a:double>0</a:double></Value></Attribute></Attributes><ChildElements/><ElementName>origin</ElementName><required>false</required><RPYAttribute z:Ref="i175"/><XYZAttribute z:Ref="i174"/><isCustomized>false</isCustomized></URDFElement><URDFElement z:Id="i176" i:type="ParentLink"><Attributes><Attribute z:Id="i177"><AttributeType>link</AttributeType><IsRequired>true</IsRequired><Value i:type="a:string" xmlns:a="http://www.w3.org/2001/XMLSchema">LFshoulder</Value></Attribute></Attributes><ChildElements/><ElementName>parent</ElementName><required>true</required><NameAttribute z:Ref="i177"/></URDFElement><URDFElement z:Id="i178" i:type="ChildLink"><Attributes><Attribute z:Id="i179"><AttributeType>link</AttributeType><IsRequired>true</IsRequired><Value i:type="a:string" xmlns:a="http://www.w3.org/2001/XMLSchema">LFthigh</Value></Attribute></Attributes><ChildElements/><ElementName>child</ElementName><required>true</required><NameAttribute z:Ref="i179"/></URDFElement><URDFElement z:Id="i180" i:type="Axis"><Attributes><Attribute z:Id="i181"><AttributeType>xyz</AttributeType><IsRequired>true</IsRequired><Value i:type="a:ArrayOfdouble" xmlns:a="http://schemas.microsoft.com/2003/10/Serialization/Arrays"><a:double>0.99999999999999978</a:double><a:double>0</a:double><a:double>0</a:double></Value></Attribute></Attributes><ChildElements/><ElementName>axis</ElementName><required>false</required><XYZAttribute z:Ref="i181"/></URDFElement><URDFElement z:Id="i182" i:type="Limit"><Attributes><Attribute z:Id="i183"><AttributeType>lower</AttributeType><IsRequired>true</IsRequired><Value i:type="a:double" xmlns:a="http://www.w3.org/2001/XMLSchema">0</Value></Attribute><Attribute z:Id="i184"><AttributeType>upper</AttributeType><IsRequired>true</IsRequired><Value i:type="a:double" xmlns:a="http://www.w3.org/2001/XMLSchema">6.2832</Value></Attribute><Attribute z:Id="i185"><AttributeType>effort</AttributeType><IsRequired>true</IsRequired><Value i:type="a:double" xmlns:a="http://www.w3.org/2001/XMLSchema">100</Value></Attribute><Attribute z:Id="i186"><AttributeType>velocity</AttributeType><IsRequired>true</IsRequired><Value i:type="a:double" xmlns:a="http://www.w3.org/2001/XMLSchema">2</Value></Attribute></Attributes><ChildElements/><ElementName>limit</ElementName><required>true</required><EffortAttribute z:Ref="i185"/><LowerAttribute z:Ref="i183"/><UpperAttribute z:Ref="i184"/><VelocityAttribute z:Ref="i186"/></URDFElement><URDFElement z:Id="i187" i:type="Calibration"><Attributes><Attribute z:Id="i188"><AttributeType>rising</AttributeType><IsRequired>false</IsRequired><Value i:nil="true"/></Attribute><Attribute z:Id="i189"><AttributeType>falling</AttributeType><IsRequired>false</IsRequired><Value i:nil="true"/></Attribute></Attributes><ChildElements/><ElementName>calibration</ElementName><required>false</required><FallingAttribute z:Ref="i189"/><RisingAttribute z:Ref="i188"/></URDFElement><URDFElement z:Id="i190" i:type="Dynamics"><Attributes><Attribute z:Id="i191"><AttributeType>damping</AttributeType><IsRequired>false</IsRequired><Value i:nil="true"/></Attribute><Attribute z:Id="i192"><AttributeType>friction</AttributeType><IsRequired>false</IsRequired><Value i:nil="true"/></Attribute></Attributes><ChildElements/><ElementName>dynamics</ElementName><required>false</required><DampingAttribute z:Ref="i191"/><FrictionAttribute z:Ref="i192"/></URDFElement><URDFElement z:Id="i193" i:type="SafetyController"><Attributes><Attribute z:Id="i194"><AttributeType>soft_upper_limit</AttributeType><IsRequired>false</IsRequired><Value i:nil="true"/></Attribute><Attribute z:Id="i195"><AttributeType>soft_lower_limit</AttributeType><IsRequired>false</IsRequired><Value i:nil="true"/></Attribute><Attribute z:Id="i196"><AttributeType>k_position</AttributeType><IsRequired>false</IsRequired><Value i:nil="true"/></Attribute><Attribute z:Id="i197"><AttributeType>k_velocity</AttributeType><IsRequired>true</IsRequired><Value i:nil="true"/></Attribute></Attributes><ChildElements/><ElementName>safety_controller</ElementName><required>false</required><KPositionAttribute z:Ref="i196"/><KVelocityAttribute z:Ref="i197"/><SoftLowerAttribute z:Ref="i195"/><SoftUpperAttribute z:Ref="i194"/></URDFElement><URDFElement z:Id="i198" i:type="Mimic"><Attributes><Attribute z:Id="i199"><AttributeType>joint</AttributeType><IsRequired>true</IsRequired><Value i:nil="true"/></Attribute><Attribute z:Id="i200"><AttributeType>multiplier</AttributeType><IsRequired>false</IsRequired><Value i:nil="true"/></Attribute><Attribute z:Id="i201"><AttributeType>offset</AttributeType><IsRequired>false</IsRequired><Value i:nil="true"/></Attribute></Attributes><ChildElements/><ElementName>mimic</ElementName><required>false</required><JointNameAttribute z:Ref="i199"/><MultiplierAttribute z:Ref="i200"/><OffsetAttribute z:Ref="i201"/></URDFElement></ChildElements><ElementName>joint</ElementName><required>false</required><Axis z:Ref="i180"/><AxisName>left1_front_shoulder_axis</AxisName><Calibration z:Ref="i187"/><Child z:Ref="i178"/><CoordinateSystemName>LF_shoulder_CS</CoordinateSystemName><Dynamics z:Ref="i190"/><Limit z:Ref="i182"/><Mimic z:Ref="i198"/><NameAttribute z:Ref="i171"/><Origin z:Ref="i173"/><Parent z:Ref="i176"/><Safety z:Ref="i193"/><TypeAttribute z:Ref="i172"/></URDFElement></ChildElements><ElementName>link</ElementName><required>true</required><Children><Link z:Id="i202"><Attributes><Attribute z:Id="i203"><AttributeType>name</AttributeType><IsRequired>true</IsRequired><Value i:type="a:string" xmlns:a="http://www.w3.org/2001/XMLSchema">LFcalf</Value></Attribute></Attributes><ChildElements><URDFElement z:Id="i204" i:type="Inertial"><Attributes/><ChildElements><URDFElement z:Id="i205" i:type="Origin"><Attributes><Attribute z:Id="i206"><AttributeType>xyz</AttributeType><IsRequired>true</IsRequired><Value i:type="a:ArrayOfdouble" xmlns:a="http://schemas.microsoft.com/2003/10/Serialization/Arrays"><a:double>0.037785146291112848</a:double><a:double>-0.077136025477507308</a:double><a:double>-8.79296635503124E-13</a:double></Value></Attribute><Attribute z:Id="i207"><AttributeType>rpy</AttributeType><IsRequired>true</IsRequired><Value i:type="a:ArrayOfdouble" xmlns:a="http://schemas.microsoft.com/2003/10/Serialization/Arrays"><a:double>0</a:double><a:double>0</a:double><a:double>0</a:double></Value></Attribute></Attributes><ChildElements/><ElementName>origin</ElementName><required>false</required><RPYAttribute z:Ref="i207"/><XYZAttribute z:Ref="i206"/><isCustomized>false</isCustomized></URDFElement><URDFElement z:Id="i208" i:type="Mass"><Attributes><Attribute z:Id="i209"><AttributeType>value</AttributeType><IsRequired>true</IsRequired><Value i:type="a:double" xmlns:a="http://www.w3.org/2001/XMLSchema">0.22012987304452508</Value></Attribute></Attributes><ChildElements/><ElementName>mass</ElementName><required>false</required><ValueAttribute z:Ref="i209"/></URDFElement><URDFElement z:Id="i210" i:type="Inertia"><Attributes><Attribute z:Id="i211"><AttributeType>ixx</AttributeType><IsRequired>true</IsRequired><Value i:type="a:double" xmlns:a="http://www.w3.org/2001/XMLSchema">0.00050033341724740085</Value></Attribute><Attribute z:Id="i212"><AttributeType>ixy</AttributeType><IsRequired>true</IsRequired><Value i:type="a:double" xmlns:a="http://www.w3.org/2001/XMLSchema">-2.71815321277087E-06</Value></Attribute><Attribute z:Id="i213"><AttributeType>ixz</AttributeType><IsRequired>true</IsRequired><Value i:type="a:double" xmlns:a="http://www.w3.org/2001/XMLSchema">-5.7174723939665273E-21</Value></Attribute><Attribute z:Id="i214"><AttributeType>iyy</AttributeType><IsRequired>true</IsRequired><Value i:type="a:double" xmlns:a="http://www.w3.org/2001/XMLSchema">5.5998922418015778E-05</Value></Attribute><Attribute z:Id="i215"><AttributeType>iyz</AttributeType><IsRequired>true</IsRequired><Value i:type="a:double" xmlns:a="http://www.w3.org/2001/XMLSchema">1.0977546996415732E-18</Value></Attribute><Attribute z:Id="i216"><AttributeType>izz</AttributeType><IsRequired>true</IsRequired><Value i:type="a:double" xmlns:a="http://www.w3.org/2001/XMLSchema">0.00049943663709032745</Value></Attribute></Attributes><ChildElements/><ElementName>inertia</ElementName><required>false</required><IxxAttribute z:Ref="i211"/><IxyAttribute z:Ref="i212"/><IxzAttribute z:Ref="i213"/><IyyAttribute z:Ref="i214"/><IyzAttribute z:Ref="i215"/><IzzAttribute z:Ref="i216"/></URDFElement></ChildElements><ElementName>inertial</ElementName><required>false</required><Inertia z:Ref="i210"/><Mass z:Ref="i208"/><Origin z:Ref="i205"/></URDFElement><URDFElement z:Id="i217" i:type="Visual"><Attributes/><ChildElements><URDFElement z:Id="i218" i:type="Origin"><Attributes><Attribute z:Id="i219"><AttributeType>xyz</AttributeType><IsRequired>true</IsRequired><Value i:type="a:ArrayOfdouble" xmlns:a="http://schemas.microsoft.com/2003/10/Serialization/Arrays"><a:double>0</a:double><a:double>0</a:double><a:double>0</a:double></Value></Attribute><Attribute z:Id="i220"><AttributeType>rpy</AttributeType><IsRequired>true</IsRequired><Value i:type="a:ArrayOfdouble" xmlns:a="http://schemas.microsoft.com/2003/10/Serialization/Arrays"><a:double>0</a:double><a:double>0</a:double><a:double>0</a:double></Value></Attribute></Attributes><ChildElements/><ElementName>origin</ElementName><required>false</required><RPYAttribute z:Ref="i220"/><XYZAttribute z:Ref="i219"/><isCustomized>false</isCustomized></URDFElement><URDFElement z:Id="i221" i:type="Geometry"><Attributes/><ChildElements><URDFElement z:Id="i222" i:type="Mesh"><Attributes><Attribute z:Id="i223"><AttributeType>filename</AttributeType><IsRequired>true</IsRequired><Value i:nil="true"/></Attribute></Attributes><ChildElements/><ElementName>mesh</ElementName><required>false</required><FilenameAttribute z:Ref="i223"/></URDFElement></ChildElements><ElementName>geometry</ElementName><required>true</required><Mesh z:Ref="i222"/></URDFElement><URDFElement z:Id="i224" i:type="Material"><Attributes><Attribute z:Id="i225"><AttributeType>name</AttributeType><IsRequired>true</IsRequired><Value i:type="a:string" xmlns:a="http://www.w3.org/2001/XMLSchema"/></Attribute></Attributes><ChildElements><URDFElement z:Id="i226" i:type="Color"><Attributes><Attribute z:Id="i227"><AttributeType>rgba</AttributeType><IsRequired>true</IsRequired><Value i:type="a:ArrayOfdouble" xmlns:a="http://schemas.microsoft.com/2003/10/Serialization/Arrays"><a:double>0.792156862745098</a:double><a:double>0.81960784313725488</a:double><a:double>0.93333333333333335</a:double><a:double>1</a:double></Value></Attribute></Attributes><ChildElements/><ElementName>color</ElementName><required>false</required><RGBAAttribute z:Ref="i227"/></URDFElement><URDFElement z:Id="i228" i:type="Texture"><Attributes><Attribute z:Id="i229"><AttributeType>filename</AttributeType><IsRequired>true</IsRequired><Value i:nil="true"/></Attribute></Attributes><ChildElements/><ElementName>texture</ElementName><required>false</required><FilenameAttribute z:Ref="i229"/><wFilename/></URDFElement></ChildElements><ElementName>material</ElementName><required>false</required><Color z:Ref="i226"/><NameAttribute z:Ref="i225"/><Texture z:Ref="i228"/></URDFElement></ChildElements><ElementName>visual</ElementName><required>false</required><Geometry z:Ref="i221"/><Material z:Ref="i224"/><Origin z:Ref="i218"/></URDFElement><URDFElement z:Id="i230" i:type="Collision"><Attributes/><ChildElements><URDFElement z:Id="i231" i:type="Origin"><Attributes><Attribute z:Id="i232"><AttributeType>xyz</AttributeType><IsRequired>true</IsRequired><Value i:type="a:ArrayOfdouble" xmlns:a="http://schemas.microsoft.com/2003/10/Serialization/Arrays"><a:double>0</a:double><a:double>0</a:double><a:double>0</a:double></Value></Attribute><Attribute z:Id="i233"><AttributeType>rpy</AttributeType><IsRequired>true</IsRequired><Value i:type="a:ArrayOfdouble" xmlns:a="http://schemas.microsoft.com/2003/10/Serialization/Arrays"><a:double>0</a:double><a:double>0</a:double><a:double>0</a:double></Value></Attribute></Attributes><ChildElements/><ElementName>origin</ElementName><required>false</required><RPYAttribute z:Ref="i233"/><XYZAttribute z:Ref="i232"/><isCustomized>false</isCustomized></URDFElement><URDFElement z:Id="i234" i:type="Geometry"><Attributes/><ChildElements><URDFElement z:Id="i235" i:type="Mesh"><Attributes><Attribute z:Id="i236"><AttributeType>filename</AttributeType><IsRequired>true</IsRequired><Value i:nil="true"/></Attribute></Attributes><ChildElements/><ElementName>mesh</ElementName><required>false</required><FilenameAttribute z:Ref="i236"/></URDFElement></ChildElements><ElementName>geometry</ElementName><required>true</required><Mesh z:Ref="i235"/></URDFElement></ChildElements><ElementName>collision</ElementName><required>false</required><Geometry z:Ref="i234"/><Origin z:Ref="i231"/></URDFElement><URDFElement z:Id="i237" i:type="Joint"><Attributes><Attribute z:Id="i238"><AttributeType>name</AttributeType><IsRequired>true</IsRequired><Value i:type="a:string" xmlns:a="http://www.w3.org/2001/XMLSchema">LFknee</Value></Attribute><Attribute z:Id="i239"><AttributeType>type</AttributeType><IsRequired>true</IsRequired><Value i:type="a:string" xmlns:a="http://www.w3.org/2001/XMLSchema">revolute</Value></Attribute></Attributes><ChildElements><URDFElement z:Id="i240" i:type="Origin"><Attributes><Attribute z:Id="i241"><AttributeType>xyz</AttributeType><IsRequired>true</IsRequired><Value i:type="a:ArrayOfdouble" xmlns:a="http://schemas.microsoft.com/2003/10/Serialization/Arrays"><a:double>-0.0098017085373102164</a:double><a:double>-0.1347704822805631</a:double><a:double>-0.0041466409553598815</a:double></Value></Attribute><Attribute z:Id="i242"><AttributeType>rpy</AttributeType><IsRequired>true</IsRequired><Value i:type="a:ArrayOfdouble" xmlns:a="http://schemas.microsoft.com/2003/10/Serialization/Arrays"><a:double>1.0916284405023646</a:double><a:double>-0.012281032998768334</a:double><a:double>0.0063804086168105017</a:double></Value></Attribute></Attributes><ChildElements/><ElementName>origin</ElementName><required>false</required><RPYAttribute z:Ref="i242"/><XYZAttribute z:Ref="i241"/><isCustomized>false</isCustomized></URDFElement><URDFElement z:Id="i243" i:type="ParentLink"><Attributes><Attribute z:Id="i244"><AttributeType>link</AttributeType><IsRequired>true</IsRequired><Value i:type="a:string" xmlns:a="http://www.w3.org/2001/XMLSchema">LFthigh</Value></Attribute></Attributes><ChildElements/><ElementName>parent</ElementName><required>true</required><NameAttribute z:Ref="i244"/></URDFElement><URDFElement z:Id="i245" i:type="ChildLink"><Attributes><Attribute z:Id="i246"><AttributeType>link</AttributeType><IsRequired>true</IsRequired><Value i:type="a:string" xmlns:a="http://www.w3.org/2001/XMLSchema">LFcalf</Value></Attribute></Attributes><ChildElements/><ElementName>child</ElementName><required>true</required><NameAttribute z:Ref="i246"/></URDFElement><URDFElement z:Id="i247" i:type="Axis"><Attributes><Attribute z:Id="i248"><AttributeType>xyz</AttributeType><IsRequired>true</IsRequired><Value i:type="a:ArrayOfdouble" xmlns:a="http://schemas.microsoft.com/2003/10/Serialization/Arrays"><a:double>0.999904235859026</a:double><a:double>-0.013839043000754466</a:double><a:double>0</a:double></Value></Attribute></Attributes><ChildElements/><ElementName>axis</ElementName><required>false</required><XYZAttribute z:Ref="i248"/></URDFElement><URDFElement z:Id="i249" i:type="Limit"><Attributes><Attribute z:Id="i250"><AttributeType>lower</AttributeType><IsRequired>true</IsRequired><Value i:type="a:double" xmlns:a="http://www.w3.org/2001/XMLSchema">0</Value></Attribute><Attribute z:Id="i251"><AttributeType>upper</AttributeType><IsRequired>true</IsRequired><Value i:type="a:double" xmlns:a="http://www.w3.org/2001/XMLSchema">6.2832</Value></Attribute><Attribute z:Id="i252"><AttributeType>effort</AttributeType><IsRequired>true</IsRequired><Value i:type="a:double" xmlns:a="http://www.w3.org/2001/XMLSchema">100</Value></Attribute><Attribute z:Id="i253"><AttributeType>velocity</AttributeType><IsRequired>true</IsRequired><Value i:type="a:double" xmlns:a="http://www.w3.org/2001/XMLSchema">2</Value></Attribute></Attributes><ChildElements/><ElementName>limit</ElementName><required>true</required><EffortAttribute z:Ref="i252"/><LowerAttribute z:Ref="i250"/><UpperAttribute z:Ref="i251"/><VelocityAttribute z:Ref="i253"/></URDFElement><URDFElement z:Id="i254" i:type="Calibration"><Attributes><Attribute z:Id="i255"><AttributeType>rising</AttributeType><IsRequired>false</IsRequired><Value i:nil="true"/></Attribute><Attribute z:Id="i256"><AttributeType>falling</AttributeType><IsRequired>false</IsRequired><Value i:nil="true"/></Attribute></Attributes><ChildElements/><ElementName>calibration</ElementName><required>false</required><FallingAttribute z:Ref="i256"/><RisingAttribute z:Ref="i255"/></URDFElement><URDFElement z:Id="i257" i:type="Dynamics"><Attributes><Attribute z:Id="i258"><AttributeType>damping</AttributeType><IsRequired>false</IsRequired><Value i:nil="true"/></Attribute><Attribute z:Id="i259"><AttributeType>friction</AttributeType><IsRequired>false</IsRequired><Value i:nil="true"/></Attribute></Attributes><ChildElements/><ElementName>dynamics</ElementName><required>false</required><DampingAttribute z:Ref="i258"/><FrictionAttribute z:Ref="i259"/></URDFElement><URDFElement z:Id="i260" i:type="SafetyController"><Attributes><Attribute z:Id="i261"><AttributeType>soft_upper_limit</AttributeType><IsRequired>false</IsRequired><Value i:nil="true"/></Attribute><Attribute z:Id="i262"><AttributeType>soft_lower_limit</AttributeType><IsRequired>false</IsRequired><Value i:nil="true"/></Attribute><Attribute z:Id="i263"><AttributeType>k_position</AttributeType><IsRequired>false</IsRequired><Value i:nil="true"/></Attribute><Attribute z:Id="i264"><AttributeType>k_velocity</AttributeType><IsRequired>true</IsRequired><Value i:nil="true"/></Attribute></Attributes><ChildElements/><ElementName>safety_controller</ElementName><required>false</required><KPositionAttribute z:Ref="i263"/><KVelocityAttribute z:Ref="i264"/><SoftLowerAttribute z:Ref="i262"/><SoftUpperAttribute z:Ref="i261"/></URDFElement><URDFElement z:Id="i265" i:type="Mimic"><Attributes><Attribute z:Id="i266"><AttributeType>joint</AttributeType><IsRequired>true</IsRequired><Value i:nil="true"/></Attribute><Attribute z:Id="i267"><AttributeType>multiplier</AttributeType><IsRequired>false</IsRequired><Value i:nil="true"/></Attribute><Attribute z:Id="i268"><AttributeType>offset</AttributeType><IsRequired>false</IsRequired><Value i:nil="true"/></Attribute></Attributes><ChildElements/><ElementName>mimic</ElementName><required>false</required><JointNameAttribute z:Ref="i266"/><MultiplierAttribute z:Ref="i267"/><OffsetAttribute z:Ref="i268"/></URDFElement></ChildElements><ElementName>joint</ElementName><required>false</required><Axis z:Ref="i247"/><AxisName>left_front1_knee_axis</AxisName><Calibration z:Ref="i254"/><Child z:Ref="i245"/><CoordinateSystemName>LF_knee_CS</CoordinateSystemName><Dynamics z:Ref="i257"/><Limit z:Ref="i249"/><Mimic z:Ref="i265"/><NameAttribute z:Ref="i238"/><Origin z:Ref="i240"/><Parent z:Ref="i243"/><Safety z:Ref="i260"/><TypeAttribute z:Ref="i239"/></URDFElement></ChildElements><ElementName>link</ElementName><required>true</required><Children/><Collision z:Ref="i230"/><Inertial z:Ref="i204"/><Joint z:Ref="i237"/><NameAttribute z:Ref="i203"/><Parent z:Ref="i135"/><STLQualityFine>false</STLQualityFine><SWComponentPIDs xmlns:a="http://schemas.microsoft.com/2003/10/Serialization/Arrays"><a:base64Binary>UEYAAAUAAAD//v8hTABlAGcALQAzAEAAYgBvAGQAeQAgAHAAawAvAE4ARQBXACAATABPAFcARQBSACAATABFAEcALQAxAEAATABlAGcABAAAABAAAAABAAAAAgAAADIGAABHAAAA</a:base64Binary><a:base64Binary>UEYAAAUAAAD//v8fTABlAGcALQAzAEAAYgBvAGQAeQAgAHAAawAvAGwAbwB3AGUAcgAgAGwAZQBnACAAMgAtADEAQABMAGUAZwAEAAAAEAAAAAEAAAACAAAAMgYAAEYAAAA=</a:base64Binary></SWComponentPIDs><SWMainComponentPID i:nil="true"/><Visual z:Ref="i217"/><isFixedFrame>false</isFixedFrame><isIncomplete>false</isIncomplete></Link></Children><Collision z:Ref="i163"/><Inertial z:Ref="i137"/><Joint z:Ref="i170"/><NameAttribute z:Ref="i136"/><Parent z:Ref="i68"/><STLQualityFine>false</STLQualityFine><SWComponentPIDs xmlns:a="http://schemas.microsoft.com/2003/10/Serialization/Arrays"><a:base64Binary>UEYAAAUAAAD//v8aTABlAGcALQAzAEAAYgBvAGQAeQAgAHAAawAvAHUAcAAgAGwAZQBnAC0AMQBAAEwAZQBnAAQAAAAQAAAAAQAAAAIAAAAyBgAAPgAAAA==</a:base64Binary></SWComponentPIDs><SWMainComponentPID i:nil="true"/><Visual z:Ref="i150"/><isFixedFrame>false</isFixedFrame><isIncomplete>false</isIncomplete></Link></Children><Collision z:Ref="i96"/><Inertial z:Ref="i70"/><Joint z:Ref="i103"/><NameAttribute z:Ref="i69"/><Parent z:Ref="i1"/><STLQualityFine>false</STLQualityFine><SWComponentPIDs xmlns:a="http://schemas.microsoft.com/2003/10/Serialization/Arrays"><a:base64Binary>UEYAAAUAAAD//v81TABlAGcALQAzAEAAYgBvAGQAeQAgAHAAawAvAHMAaABvAHUAbABkAGUAcgAtADEAQABMAGUAZwAvAHMAaABvAHUAbABkAGUAcgAgAHAAYQByAHQALQAxAEAAcwBoAG8AdQBsAGQAZQByAAQAAAAQAAAAAQAAAAMAAAAyBgAAGAAAAB4AAAA=</a:base64Binary></SWComponentPIDs><SWMainComponentPID i:nil="true"/><Visual z:Ref="i83"/><isFixedFrame>false</isFixedFrame><isIncomplete>false</isIncomplete></Link><Link z:Id="i269"><Attributes><Attribute z:Id="i270"><AttributeType>name</AttributeType><IsRequired>true</IsRequired><Value i:type="a:string" xmlns:a="http://www.w3.org/2001/XMLSchema">LRshoulder</Value></Attribute></Attributes><ChildElements><URDFElement z:Id="i271" i:type="Inertial"><Attributes/><ChildElements><URDFElement z:Id="i272" i:type="Origin"><Attributes><Attribute z:Id="i273"><AttributeType>xyz</AttributeType><IsRequired>true</IsRequired><Value i:type="a:ArrayOfdouble" xmlns:a="http://schemas.microsoft.com/2003/10/Serialization/Arrays"><a:double>0.0069792314079765161</a:double><a:double>0.0012054493771359587</a:double><a:double>-0.053004471651077134</a:double></Value></Attribute><Attribute z:Id="i274"><AttributeType>rpy</AttributeType><IsRequired>true</IsRequired><Value i:type="a:ArrayOfdouble" xmlns:a="http://schemas.microsoft.com/2003/10/Serialization/Arrays"><a:double>0</a:double><a:double>0</a:double><a:double>0</a:double></Value></Attribute></Attributes><ChildElements/><ElementName>origin</ElementName><required>false</required><RPYAttribute z:Ref="i274"/><XYZAttribute z:Ref="i273"/><isCustomized>false</isCustomized></URDFElement><URDFElement z:Id="i275" i:type="Mass"><Attributes><Attribute z:Id="i276"><AttributeType>value</AttributeType><IsRequired>true</IsRequired><Value i:type="a:double" xmlns:a="http://www.w3.org/2001/XMLSchema">0.10711326009938971</Value></Attribute></Attributes><ChildElements/><ElementName>mass</ElementName><required>false</required><ValueAttribute z:Ref="i276"/></URDFElement><URDFElement z:Id="i277" i:type="Inertia"><Attributes><Attribute z:Id="i278"><AttributeType>ixx</AttributeType><IsRequired>true</IsRequired><Value i:type="a:double" xmlns:a="http://www.w3.org/2001/XMLSchema">5.1818384581595835E-05</Value></Attribute><Attribute z:Id="i279"><AttributeType>ixy</AttributeType><IsRequired>true</IsRequired><Value i:type="a:double" xmlns:a="http://www.w3.org/2001/XMLSchema">2.9074698977896758E-06</Value></Attribute><Attribute z:Id="i280"><AttributeType>ixz</AttributeType><IsRequired>true</IsRequired><Value i:type="a:double" xmlns:a="http://www.w3.org/2001/XMLSchema">-2.7636485615491175E-06</Value></Attribute><Attribute z:Id="i281"><AttributeType>iyy</AttributeType><IsRequired>true</IsRequired><Value i:type="a:double" xmlns:a="http://www.w3.org/2001/XMLSchema">3.9028177781963352E-05</Value></Attribute><Attribute z:Id="i282"><AttributeType>iyz</AttributeType><IsRequired>true</IsRequired><Value i:type="a:double" xmlns:a="http://www.w3.org/2001/XMLSchema">-2.5578413878064836E-06</Value></Attribute><Attribute z:Id="i283"><AttributeType>izz</AttributeType><IsRequired>true</IsRequired><Value i:type="a:double" xmlns:a="http://www.w3.org/2001/XMLSchema">4.7122913523720537E-05</Value></Attribute></Attributes><ChildElements/><ElementName>inertia</ElementName><required>false</required><IxxAttribute z:Ref="i278"/><IxyAttribute z:Ref="i279"/><IxzAttribute z:Ref="i280"/><IyyAttribute z:Ref="i281"/><IyzAttribute z:Ref="i282"/><IzzAttribute z:Ref="i283"/></URDFElement></ChildElements><ElementName>inertial</ElementName><required>false</required><Inertia z:Ref="i277"/><Mass z:Ref="i275"/><Origin z:Ref="i272"/></URDFElement><URDFElement z:Id="i284" i:type="Visual"><Attributes/><ChildElements><URDFElement z:Id="i285" i:type="Origin"><Attributes><Attribute z:Id="i286"><AttributeType>xyz</AttributeType><IsRequired>true</IsRequired><Value i:type="a:ArrayOfdouble" xmlns:a="http://schemas.microsoft.com/2003/10/Serialization/Arrays"><a:double>0</a:double><a:double>0</a:double><a:double>0</a:double></Value></Attribute><Attribute z:Id="i287"><AttributeType>rpy</AttributeType><IsRequired>true</IsRequired><Value i:type="a:ArrayOfdouble" xmlns:a="http://schemas.microsoft.com/2003/10/Serialization/Arrays"><a:double>0</a:double><a:double>0</a:double><a:double>0</a:double></Value></Attribute></Attributes><ChildElements/><ElementName>origin</ElementName><required>false</required><RPYAttribute z:Ref="i287"/><XYZAttribute z:Ref="i286"/><isCustomized>false</isCustomized></URDFElement><URDFElement z:Id="i288" i:type="Geometry"><Attributes/><ChildElements><URDFElement z:Id="i289" i:type="Mesh"><Attributes><Attribute z:Id="i290"><AttributeType>filename</AttributeType><IsRequired>true</IsRequired><Value i:nil="true"/></Attribute></Attributes><ChildElements/><ElementName>mesh</ElementName><required>false</required><FilenameAttribute z:Ref="i290"/></URDFElement></ChildElements><ElementName>geometry</ElementName><required>true</required><Mesh z:Ref="i289"/></URDFElement><URDFElement z:Id="i291" i:type="Material"><Attributes><Attribute z:Id="i292"><AttributeType>name</AttributeType><IsRequired>true</IsRequired><Value i:type="a:string" xmlns:a="http://www.w3.org/2001/XMLSchema"/></Attribute></Attributes><ChildElements><URDFElement z:Id="i293" i:type="Color"><Attributes><Attribute z:Id="i294"><AttributeType>rgba</AttributeType><IsRequired>true</IsRequired><Value i:type="a:ArrayOfdouble" xmlns:a="http://schemas.microsoft.com/2003/10/Serialization/Arrays"><a:double>0.62745098039215685</a:double><a:double>0.62745098039215685</a:double><a:double>0.62745098039215685</a:double><a:double>1</a:double></Value></Attribute></Attributes><ChildElements/><ElementName>color</ElementName><required>false</required><RGBAAttribute z:Ref="i294"/></URDFElement><URDFElement z:Id="i295" i:type="Texture"><Attributes><Attribute z:Id="i296"><AttributeType>filename</AttributeType><IsRequired>true</IsRequired><Value i:nil="true"/></Attribute></Attributes><ChildElements/><ElementName>texture</ElementName><required>false</required><FilenameAttribute z:Ref="i296"/><wFilename/></URDFElement></ChildElements><ElementName>material</ElementName><required>false</required><Color z:Ref="i293"/><NameAttribute z:Ref="i292"/><Texture z:Ref="i295"/></URDFElement></ChildElements><ElementName>visual</ElementName><required>false</required><Geometry z:Ref="i288"/><Material z:Ref="i291"/><Origin z:Ref="i285"/></URDFElement><URDFElement z:Id="i297" i:type="Collision"><Attributes/><ChildElements><URDFElement z:Id="i298" i:type="Origin"><Attributes><Attribute z:Id="i299"><AttributeType>xyz</AttributeType><IsRequired>true</IsRequired><Value i:type="a:ArrayOfdouble" xmlns:a="http://schemas.microsoft.com/2003/10/Serialization/Arrays"><a:double>0</a:double><a:double>0</a:double><a:double>0</a:double></Value></Attribute><Attribute z:Id="i300"><AttributeType>rpy</AttributeType><IsRequired>true</IsRequired><Value i:type="a:ArrayOfdouble" xmlns:a="http://schemas.microsoft.com/2003/10/Serialization/Arrays"><a:double>0</a:double><a:double>0</a:double><a:double>0</a:double></Value></Attribute></Attributes><ChildElements/><ElementName>origin</ElementName><required>false</required><RPYAttribute z:Ref="i300"/><XYZAttribute z:Ref="i299"/><isCustomized>false</isCustomized></URDFElement><URDFElement z:Id="i301" i:type="Geometry"><Attributes/><ChildElements><URDFElement z:Id="i302" i:type="Mesh"><Attributes><Attribute z:Id="i303"><AttributeType>filename</AttributeType><IsRequired>true</IsRequired><Value i:nil="true"/></Attribute></Attributes><ChildElements/><ElementName>mesh</ElementName><required>false</required><FilenameAttribute z:Ref="i303"/></URDFElement></ChildElements><ElementName>geometry</ElementName><required>true</required><Mesh z:Ref="i302"/></URDFElement></ChildElements><ElementName>collision</ElementName><required>false</required><Geometry z:Ref="i301"/><Origin z:Ref="i298"/></URDFElement><URDFElement z:Id="i304" i:type="Joint"><Attributes><Attribute z:Id="i305"><AttributeType>name</AttributeType><IsRequired>true</IsRequired><Value i:type="a:string" xmlns:a="http://www.w3.org/2001/XMLSchema">LRshoulder1</Value></Attribute><Attribute z:Id="i306"><AttributeType>type</AttributeType><IsRequired>true</IsRequired><Value i:type="a:string" xmlns:a="http://www.w3.org/2001/XMLSchema">revolute</Value></Attribute></Attributes><ChildElements><URDFElement z:Id="i307" i:type="Origin"><Attributes><Attribute z:Id="i308"><AttributeType>xyz</AttributeType><IsRequired>true</IsRequired><Value i:type="a:ArrayOfdouble" xmlns:a="http://schemas.microsoft.com/2003/10/Serialization/Arrays"><a:double>0.57094590083093666</a:double><a:double>-1.6026782718737087</a:double><a:double>0.93502698245374449</a:double></Value></Attribute><Attribute z:Id="i309"><AttributeType>rpy</AttributeType><IsRequired>true</IsRequired><Value i:type="a:ArrayOfdouble" xmlns:a="http://schemas.microsoft.com/2003/10/Serialization/Arrays"><a:double>1.5707963267948963</a:double><a:double>0.040017443041471437</a:double><a:double>0</a:double></Value></Attribute></Attributes><ChildElements/><ElementName>origin</ElementName><required>false</required><RPYAttribute z:Ref="i309"/><XYZAttribute z:Ref="i308"/><isCustomized>false</isCustomized></URDFElement><URDFElement z:Id="i310" i:type="ParentLink"><Attributes><Attribute z:Id="i311"><AttributeType>link</AttributeType><IsRequired>true</IsRequired><Value i:type="a:string" xmlns:a="http://www.w3.org/2001/XMLSchema">Body</Value></Attribute></Attributes><ChildElements/><ElementName>parent</ElementName><required>true</required><NameAttribute z:Ref="i311"/></URDFElement><URDFElement z:Id="i312" i:type="ChildLink"><Attributes><Attribute z:Id="i313"><AttributeType>link</AttributeType><IsRequired>true</IsRequired><Value i:type="a:string" xmlns:a="http://www.w3.org/2001/XMLSchema">LRshoulder</Value></Attribute></Attributes><ChildElements/><ElementName>child</ElementName><required>true</required><NameAttribute z:Ref="i313"/></URDFElement><URDFElement z:Id="i314" i:type="Axis"><Attributes><Attribute z:Id="i315"><AttributeType>xyz</AttributeType><IsRequired>true</IsRequired><Value i:type="a:ArrayOfdouble" xmlns:a="http://schemas.microsoft.com/2003/10/Serialization/Arrays"><a:double>0</a:double><a:double>0</a:double><a:double>1</a:double></Value></Attribute></Attributes><ChildElements/><ElementName>axis</ElementName><required>false</required><XYZAttribute z:Ref="i315"/></URDFElement><URDFElement z:Id="i316" i:type="Limit"><Attributes><Attribute z:Id="i317"><AttributeType>lower</AttributeType><IsRequired>true</IsRequired><Value i:type="a:double" xmlns:a="http://www.w3.org/2001/XMLSchema">0</Value></Attribute><Attribute z:Id="i318"><AttributeType>upper</AttributeType><IsRequired>true</IsRequired><Value i:type="a:double" xmlns:a="http://www.w3.org/2001/XMLSchema">6.2832</Value></Attribute><Attribute z:Id="i319"><AttributeType>effort</AttributeType><IsRequired>true</IsRequired><Value i:type="a:double" xmlns:a="http://www.w3.org/2001/XMLSchema">100</Value></Attribute><Attribute z:Id="i320"><AttributeType>velocity</AttributeType><IsRequired>true</IsRequired><Value i:type="a:double" xmlns:a="http://www.w3.org/2001/XMLSchema">2</Value></Attribute></Attributes><ChildElements/><ElementName>limit</ElementName><required>true</required><EffortAttribute z:Ref="i319"/><LowerAttribute z:Ref="i317"/><UpperAttribute z:Ref="i318"/><VelocityAttribute z:Ref="i320"/></URDFElement><URDFElement z:Id="i321" i:type="Calibration"><Attributes><Attribute z:Id="i322"><AttributeType>rising</AttributeType><IsRequired>false</IsRequired><Value i:nil="true"/></Attribute><Attribute z:Id="i323"><AttributeType>falling</AttributeType><IsRequired>false</IsRequired><Value i:nil="true"/></Attribute></Attributes><ChildElements/><ElementName>calibration</ElementName><required>false</required><FallingAttribute z:Ref="i323"/><RisingAttribute z:Ref="i322"/></URDFElement><URDFElement z:Id="i324" i:type="Dynamics"><Attributes><Attribute z:Id="i325"><AttributeType>damping</AttributeType><IsRequired>false</IsRequired><Value i:nil="true"/></Attribute><Attribute z:Id="i326"><AttributeType>friction</AttributeType><IsRequired>false</IsRequired><Value i:nil="true"/></Attribute></Attributes><ChildElements/><ElementName>dynamics</ElementName><required>false</required><DampingAttribute z:Ref="i325"/><FrictionAttribute z:Ref="i326"/></URDFElement><URDFElement z:Id="i327" i:type="SafetyController"><Attributes><Attribute z:Id="i328"><AttributeType>soft_upper_limit</AttributeType><IsRequired>false</IsRequired><Value i:nil="true"/></Attribute><Attribute z:Id="i329"><AttributeType>soft_lower_limit</AttributeType><IsRequired>false</IsRequired><Value i:nil="true"/></Attribute><Attribute z:Id="i330"><AttributeType>k_position</AttributeType><IsRequired>false</IsRequired><Value i:nil="true"/></Attribute><Attribute z:Id="i331"><AttributeType>k_velocity</AttributeType><IsRequired>true</IsRequired><Value i:nil="true"/></Attribute></Attributes><ChildElements/><ElementName>safety_controller</ElementName><required>false</required><KPositionAttribute z:Ref="i330"/><KVelocityAttribute z:Ref="i331"/><SoftLowerAttribute z:Ref="i329"/><SoftUpperAttribute z:Ref="i328"/></URDFElement><URDFElement z:Id="i332" i:type="Mimic"><Attributes><Attribute z:Id="i333"><AttributeType>joint</AttributeType><IsRequired>true</IsRequired><Value i:nil="true"/></Attribute><Attribute z:Id="i334"><AttributeType>multiplier</AttributeType><IsRequired>false</IsRequired><Value i:nil="true"/></Attribute><Attribute z:Id="i335"><AttributeType>offset</AttributeType><IsRequired>false</IsRequired><Value i:nil="true"/></Attribute></Attributes><ChildElements/><ElementName>mimic</ElementName><required>false</required><JointNameAttribute z:Ref="i333"/><MultiplierAttribute z:Ref="i334"/><OffsetAttribute z:Ref="i335"/></URDFElement></ChildElements><ElementName>joint</ElementName><required>false</required><Axis z:Ref="i314"/><AxisName>LR_shoulder1_axis</AxisName><Calibration z:Ref="i321"/><Child z:Ref="i312"/><CoordinateSystemName>LR_shoulder1_CS</CoordinateSystemName><Dynamics z:Ref="i324"/><Limit z:Ref="i316"/><Mimic z:Ref="i332"/><NameAttribute z:Ref="i305"/><Origin z:Ref="i307"/><Parent z:Ref="i310"/><Safety z:Ref="i327"/><TypeAttribute z:Ref="i306"/></URDFElement></ChildElements><ElementName>link</ElementName><required>true</required><Children><Link z:Id="i336"><Attributes><Attribute z:Id="i337"><AttributeType>name</AttributeType><IsRequired>true</IsRequired><Value i:type="a:string" xmlns:a="http://www.w3.org/2001/XMLSchema">LRthigh</Value></Attribute></Attributes><ChildElements><URDFElement z:Id="i338" i:type="Inertial"><Attributes/><ChildElements><URDFElement z:Id="i339" i:type="Origin"><Attributes><Attribute z:Id="i340"><AttributeType>xyz</AttributeType><IsRequired>true</IsRequired><Value i:type="a:ArrayOfdouble" xmlns:a="http://schemas.microsoft.com/2003/10/Serialization/Arrays"><a:double>0.025448581000379944</a:double><a:double>-0.056027215176005507</a:double><a:double>0.001176501524164042</a:double></Value></Attribute><Attribute z:Id="i341"><AttributeType>rpy</AttributeType><IsRequired>true</IsRequired><Value i:type="a:ArrayOfdouble" xmlns:a="http://schemas.microsoft.com/2003/10/Serialization/Arrays"><a:double>0</a:double><a:double>0</a:double><a:double>0</a:double></Value></Attribute></Attributes><ChildElements/><ElementName>origin</ElementName><required>false</required><RPYAttribute z:Ref="i341"/><XYZAttribute z:Ref="i340"/><isCustomized>false</isCustomized></URDFElement><URDFElement z:Id="i342" i:type="Mass"><Attributes><Attribute z:Id="i343"><AttributeType>value</AttributeType><IsRequired>true</IsRequired><Value i:type="a:double" xmlns:a="http://www.w3.org/2001/XMLSchema">0.14258506251230874</Value></Attribute></Attributes><ChildElements/><ElementName>mass</ElementName><required>false</required><ValueAttribute z:Ref="i343"/></URDFElement><URDFElement z:Id="i344" i:type="Inertia"><Attributes><Attribute z:Id="i345"><AttributeType>ixx</AttributeType><IsRequired>true</IsRequired><Value i:type="a:double" xmlns:a="http://www.w3.org/2001/XMLSchema">0.00032132013312255003</Value></Attribute><Attribute z:Id="i346"><AttributeType>ixy</AttributeType><IsRequired>true</IsRequired><Value i:type="a:double" xmlns:a="http://www.w3.org/2001/XMLSchema">-2.3067733125969738E-06</Value></Attribute><Attribute z:Id="i347"><AttributeType>ixz</AttributeType><IsRequired>true</IsRequired><Value i:type="a:double" xmlns:a="http://www.w3.org/2001/XMLSchema">1.5282721820260339E-08</Value></Attribute><Attribute z:Id="i348"><AttributeType>iyy</AttributeType><IsRequired>true</IsRequired><Value i:type="a:double" xmlns:a="http://www.w3.org/2001/XMLSchema">3.3918127466674161E-05</Value></Attribute><Attribute z:Id="i349"><AttributeType>iyz</AttributeType><IsRequired>true</IsRequired><Value i:type="a:double" xmlns:a="http://www.w3.org/2001/XMLSchema">8.1075029118682443E-06</Value></Attribute><Attribute z:Id="i350"><AttributeType>izz</AttributeType><IsRequired>true</IsRequired><Value i:type="a:double" xmlns:a="http://www.w3.org/2001/XMLSchema">0.00031628229988160943</Value></Attribute></Attributes><ChildElements/><ElementName>inertia</ElementName><required>false</required><IxxAttribute z:Ref="i345"/><IxyAttribute z:Ref="i346"/><IxzAttribute z:Ref="i347"/><IyyAttribute z:Ref="i348"/><IyzAttribute z:Ref="i349"/><IzzAttribute z:Ref="i350"/></URDFElement></ChildElements><ElementName>inertial</ElementName><required>false</required><Inertia z:Ref="i344"/><Mass z:Ref="i342"/><Origin z:Ref="i339"/></URDFElement><URDFElement z:Id="i351" i:type="Visual"><Attributes/><ChildElements><URDFElement z:Id="i352" i:type="Origin"><Attributes><Attribute z:Id="i353"><AttributeType>xyz</AttributeType><IsRequired>true</IsRequired><Value i:type="a:ArrayOfdouble" xmlns:a="http://schemas.microsoft.com/2003/10/Serialization/Arrays"><a:double>0</a:double><a:double>0</a:double><a:double>0</a:double></Value></Attribute><Attribute z:Id="i354"><AttributeType>rpy</AttributeType><IsRequired>true</IsRequired><Value i:type="a:ArrayOfdouble" xmlns:a="http://schemas.microsoft.com/2003/10/Serialization/Arrays"><a:double>0</a:double><a:double>0</a:double><a:double>0</a:double></Value></Attribute></Attributes><ChildElements/><ElementName>origin</ElementName><required>false</required><RPYAttribute z:Ref="i354"/><XYZAttribute z:Ref="i353"/><isCustomized>false</isCustomized></URDFElement><URDFElement z:Id="i355" i:type="Geometry"><Attributes/><ChildElements><URDFElement z:Id="i356" i:type="Mesh"><Attributes><Attribute z:Id="i357"><AttributeType>filename</AttributeType><IsRequired>true</IsRequired><Value i:nil="true"/></Attribute></Attributes><ChildElements/><ElementName>mesh</ElementName><required>false</required><FilenameAttribute z:Ref="i357"/></URDFElement></ChildElements><ElementName>geometry</ElementName><required>true</required><Mesh z:Ref="i356"/></URDFElement><URDFElement z:Id="i358" i:type="Material"><Attributes><Attribute z:Id="i359"><AttributeType>name</AttributeType><IsRequired>true</IsRequired><Value i:type="a:string" xmlns:a="http://www.w3.org/2001/XMLSchema"/></Attribute></Attributes><ChildElements><URDFElement z:Id="i360" i:type="Color"><Attributes><Attribute z:Id="i361"><AttributeType>rgba</AttributeType><IsRequired>true</IsRequired><Value i:type="a:ArrayOfdouble" xmlns:a="http://schemas.microsoft.com/2003/10/Serialization/Arrays"><a:double>0.792156862745098</a:double><a:double>0.81960784313725488</a:double><a:double>0.93333333333333335</a:double><a:double>1</a:double></Value></Attribute></Attributes><ChildElements/><ElementName>color</ElementName><required>false</required><RGBAAttribute z:Ref="i361"/></URDFElement><URDFElement z:Id="i362" i:type="Texture"><Attributes><Attribute z:Id="i363"><AttributeType>filename</AttributeType><IsRequired>true</IsRequired><Value i:nil="true"/></Attribute></Attributes><ChildElements/><ElementName>texture</ElementName><required>false</required><FilenameAttribute z:Ref="i363"/><wFilename/></URDFElement></ChildElements><ElementName>material</ElementName><required>false</required><Color z:Ref="i360"/><NameAttribute z:Ref="i359"/><Texture z:Ref="i362"/></URDFElement></ChildElements><ElementName>visual</ElementName><required>false</required><Geometry z:Ref="i355"/><Material z:Ref="i358"/><Origin z:Ref="i352"/></URDFElement><URDFElement z:Id="i364" i:type="Collision"><Attributes/><ChildElements><URDFElement z:Id="i365" i:type="Origin"><Attributes><Attribute z:Id="i366"><AttributeType>xyz</AttributeType><IsRequired>true</IsRequired><Value i:type="a:ArrayOfdouble" xmlns:a="http://schemas.microsoft.com/2003/10/Serialization/Arrays"><a:double>0</a:double><a:double>0</a:double><a:double>0</a:double></Value></Attribute><Attribute z:Id="i367"><AttributeType>rpy</AttributeType><IsRequired>true</IsRequired><Value i:type="a:ArrayOfdouble" xmlns:a="http://schemas.microsoft.com/2003/10/Serialization/Arrays"><a:double>0</a:double><a:double>0</a:double><a:double>0</a:double></Value></Attribute></Attributes><ChildElements/><ElementName>origin</ElementName><required>false</required><RPYAttribute z:Ref="i367"/><XYZAttribute z:Ref="i366"/><isCustomized>false</isCustomized></URDFElement><URDFElement z:Id="i368" i:type="Geometry"><Attributes/><ChildElements><URDFElement z:Id="i369" i:type="Mesh"><Attributes><Attribute z:Id="i370"><AttributeType>filename</AttributeType><IsRequired>true</IsRequired><Value i:nil="true"/></Attribute></Attributes><ChildElements/><ElementName>mesh</ElementName><required>false</required><FilenameAttribute z:Ref="i370"/></URDFElement></ChildElements><ElementName>geometry</ElementName><required>true</required><Mesh z:Ref="i369"/></URDFElement></ChildElements><ElementName>collision</ElementName><required>false</required><Geometry z:Ref="i368"/><Origin z:Ref="i365"/></URDFElement><URDFElement z:Id="i371" i:type="Joint"><Attributes><Attribute z:Id="i372"><AttributeType>name</AttributeType><IsRequired>true</IsRequired><Value i:type="a:string" xmlns:a="http://www.w3.org/2001/XMLSchema">LRshoulder</Value></Attribute><Attribute z:Id="i373"><AttributeType>type</AttributeType><IsRequired>true</IsRequired><Value i:type="a:string" xmlns:a="http://www.w3.org/2001/XMLSchema">revolute</Value></Attribute></Attributes><ChildElements><URDFElement z:Id="i374" i:type="Origin"><Attributes><Attribute z:Id="i375"><AttributeType>xyz</AttributeType><IsRequired>true</IsRequired><Value i:type="a:ArrayOfdouble" xmlns:a="http://schemas.microsoft.com/2003/10/Serialization/Arrays"><a:double>-0.030132735418954115</a:double><a:double>-0.027433000707996813</a:double><a:double>-0.054419879145494621</a:double></Value></Attribute><Attribute z:Id="i376"><AttributeType>rpy</AttributeType><IsRequired>true</IsRequired><Value i:type="a:ArrayOfdouble" xmlns:a="http://schemas.microsoft.com/2003/10/Serialization/Arrays"><a:double>-0.35188052482124133</a:double><a:double>-0.012952542989659232</a:double><a:double>0.0047555005665018092</a:double></Value></Attribute></Attributes><ChildElements/><ElementName>origin</ElementName><required>false</required><RPYAttribute z:Ref="i376"/><XYZAttribute z:Ref="i375"/><isCustomized>false</isCustomized></URDFElement><URDFElement z:Id="i377" i:type="ParentLink"><Attributes><Attribute z:Id="i378"><AttributeType>link</AttributeType><IsRequired>true</IsRequired><Value i:type="a:string" xmlns:a="http://www.w3.org/2001/XMLSchema">LRshoulder</Value></Attribute></Attributes><ChildElements/><ElementName>parent</ElementName><required>true</required><NameAttribute z:Ref="i378"/></URDFElement><URDFElement z:Id="i379" i:type="ChildLink"><Attributes><Attribute z:Id="i380"><AttributeType>link</AttributeType><IsRequired>true</IsRequired><Value i:type="a:string" xmlns:a="http://www.w3.org/2001/XMLSchema">LRthigh</Value></Attribute></Attributes><ChildElements/><ElementName>child</ElementName><required>true</required><NameAttribute z:Ref="i380"/></URDFElement><URDFElement z:Id="i381" i:type="Axis"><Attributes><Attribute z:Id="i382"><AttributeType>xyz</AttributeType><IsRequired>true</IsRequired><Value i:type="a:ArrayOfdouble" xmlns:a="http://schemas.microsoft.com/2003/10/Serialization/Arrays"><a:double>0.9999048105647903</a:double><a:double>0</a:double><a:double>-0.013797456627610147</a:double></Value></Attribute></Attributes><ChildElements/><ElementName>axis</ElementName><required>false</required><XYZAttribute z:Ref="i382"/></URDFElement><URDFElement z:Id="i383" i:type="Limit"><Attributes><Attribute z:Id="i384"><AttributeType>lower</AttributeType><IsRequired>true</IsRequired><Value i:type="a:double" xmlns:a="http://www.w3.org/2001/XMLSchema">0</Value></Attribute><Attribute z:Id="i385"><AttributeType>upper</AttributeType><IsRequired>true</IsRequired><Value i:type="a:double" xmlns:a="http://www.w3.org/2001/XMLSchema">6.2832</Value></Attribute><Attribute z:Id="i386"><AttributeType>effort</AttributeType><IsRequired>true</IsRequired><Value i:type="a:double" xmlns:a="http://www.w3.org/2001/XMLSchema">100</Value></Attribute><Attribute z:Id="i387"><AttributeType>velocity</AttributeType><IsRequired>true</IsRequired><Value i:type="a:double" xmlns:a="http://www.w3.org/2001/XMLSchema">2</Value></Attribute></Attributes><ChildElements/><ElementName>limit</ElementName><required>true</required><EffortAttribute z:Ref="i386"/><LowerAttribute z:Ref="i384"/><UpperAttribute z:Ref="i385"/><VelocityAttribute z:Ref="i387"/></URDFElement><URDFElement z:Id="i388" i:type="Calibration"><Attributes><Attribute z:Id="i389"><AttributeType>rising</AttributeType><IsRequired>false</IsRequired><Value i:nil="true"/></Attribute><Attribute z:Id="i390"><AttributeType>falling</AttributeType><IsRequired>false</IsRequired><Value i:nil="true"/></Attribute></Attributes><ChildElements/><ElementName>calibration</ElementName><required>false</required><FallingAttribute z:Ref="i390"/><RisingAttribute z:Ref="i389"/></URDFElement><URDFElement z:Id="i391" i:type="Dynamics"><Attributes><Attribute z:Id="i392"><AttributeType>damping</AttributeType><IsRequired>false</IsRequired><Value i:nil="true"/></Attribute><Attribute z:Id="i393"><AttributeType>friction</AttributeType><IsRequired>false</IsRequired><Value i:nil="true"/></Attribute></Attributes><ChildElements/><ElementName>dynamics</ElementName><required>false</required><DampingAttribute z:Ref="i392"/><FrictionAttribute z:Ref="i393"/></URDFElement><URDFElement z:Id="i394" i:type="SafetyController"><Attributes><Attribute z:Id="i395"><AttributeType>soft_upper_limit</AttributeType><IsRequired>false</IsRequired><Value i:nil="true"/></Attribute><Attribute z:Id="i396"><AttributeType>soft_lower_limit</AttributeType><IsRequired>false</IsRequired><Value i:nil="true"/></Attribute><Attribute z:Id="i397"><AttributeType>k_position</AttributeType><IsRequired>false</IsRequired><Value i:nil="true"/></Attribute><Attribute z:Id="i398"><AttributeType>k_velocity</AttributeType><IsRequired>true</IsRequired><Value i:nil="true"/></Attribute></Attributes><ChildElements/><ElementName>safety_controller</ElementName><required>false</required><KPositionAttribute z:Ref="i397"/><KVelocityAttribute z:Ref="i398"/><SoftLowerAttribute z:Ref="i396"/><SoftUpperAttribute z:Ref="i395"/></URDFElement><URDFElement z:Id="i399" i:type="Mimic"><Attributes><Attribute z:Id="i400"><AttributeType>joint</AttributeType><IsRequired>true</IsRequired><Value i:nil="true"/></Attribute><Attribute z:Id="i401"><AttributeType>multiplier</AttributeType><IsRequired>false</IsRequired><Value i:nil="true"/></Attribute><Attribute z:Id="i402"><AttributeType>offset</AttributeType><IsRequired>false</IsRequired><Value i:nil="true"/></Attribute></Attributes><ChildElements/><ElementName>mimic</ElementName><required>false</required><JointNameAttribute z:Ref="i400"/><MultiplierAttribute z:Ref="i401"/><OffsetAttribute z:Ref="i402"/></URDFElement></ChildElements><ElementName>joint</ElementName><required>false</required><Axis z:Ref="i381"/><AxisName>left1_rear1_shoulder_axis</AxisName><Calibration z:Ref="i388"/><Child z:Ref="i379"/><CoordinateSystemName>LR_shoulder_CS</CoordinateSystemName><Dynamics z:Ref="i391"/><Limit z:Ref="i383"/><Mimic z:Ref="i399"/><NameAttribute z:Ref="i372"/><Origin z:Ref="i374"/><Parent z:Ref="i377"/><Safety z:Ref="i394"/><TypeAttribute z:Ref="i373"/></URDFElement></ChildElements><ElementName>link</ElementName><required>true</required><Children><Link z:Id="i403"><Attributes><Attribute z:Id="i404"><AttributeType>name</AttributeType><IsRequired>true</IsRequired><Value i:type="a:string" xmlns:a="http://www.w3.org/2001/XMLSchema">LRcalf</Value></Attribute></Attributes><ChildElements><URDFElement z:Id="i405" i:type="Inertial"><Attributes/><ChildElements><URDFElement z:Id="i406" i:type="Origin"><Attributes><Attribute z:Id="i407"><AttributeType>xyz</AttributeType><IsRequired>true</IsRequired><Value i:type="a:ArrayOfdouble" xmlns:a="http://schemas.microsoft.com/2003/10/Serialization/Arrays"><a:double>0.03605775615440876</a:double><a:double>-0.077958462841246412</a:double><a:double>2.040485558296723E-10</a:double></Value></Attribute><Attribute z:Id="i408"><AttributeType>rpy</AttributeType><IsRequired>true</IsRequired><Value i:type="a:ArrayOfdouble" xmlns:a="http://schemas.microsoft.com/2003/10/Serialization/Arrays"><a:double>0</a:double><a:double>0</a:double><a:double>0</a:double></Value></Attribute></Attributes><ChildElements/><ElementName>origin</ElementName><required>false</required><RPYAttribute z:Ref="i408"/><XYZAttribute z:Ref="i407"/><isCustomized>false</isCustomized></URDFElement><URDFElement z:Id="i409" i:type="Mass"><Attributes><Attribute z:Id="i410"><AttributeType>value</AttributeType><IsRequired>true</IsRequired><Value i:type="a:double" xmlns:a="http://www.w3.org/2001/XMLSchema">0.22012987304452497</Value></Attribute></Attributes><ChildElements/><ElementName>mass</ElementName><required>false</required><ValueAttribute z:Ref="i410"/></URDFElement><URDFElement z:Id="i411" i:type="Inertia"><Attributes><Attribute z:Id="i412"><AttributeType>ixx</AttributeType><IsRequired>true</IsRequired><Value i:type="a:double" xmlns:a="http://www.w3.org/2001/XMLSchema">0.00049999194695153214</Value></Attribute><Attribute z:Id="i413"><AttributeType>ixy</AttributeType><IsRequired>true</IsRequired><Value i:type="a:double" xmlns:a="http://www.w3.org/2001/XMLSchema">-1.2609472088038436E-05</Value></Attribute><Attribute z:Id="i414"><AttributeType>ixz</AttributeType><IsRequired>true</IsRequired><Value i:type="a:double" xmlns:a="http://www.w3.org/2001/XMLSchema">3.6845933205562065E-20</Value></Attribute><Attribute z:Id="i415"><AttributeType>iyy</AttributeType><IsRequired>true</IsRequired><Value i:type="a:double" xmlns:a="http://www.w3.org/2001/XMLSchema">5.6340392713883988E-05</Value></Attribute><Attribute z:Id="i416"><AttributeType>iyz</AttributeType><IsRequired>true</IsRequired><Value i:type="a:double" xmlns:a="http://www.w3.org/2001/XMLSchema">2.541098841762901E-19</Value></Attribute><Attribute z:Id="i417"><AttributeType>izz</AttributeType><IsRequired>true</IsRequired><Value i:type="a:double" xmlns:a="http://www.w3.org/2001/XMLSchema">0.000499436637090327</Value></Attribute></Attributes><ChildElements/><ElementName>inertia</ElementName><required>false</required><IxxAttribute z:Ref="i412"/><IxyAttribute z:Ref="i413"/><IxzAttribute z:Ref="i414"/><IyyAttribute z:Ref="i415"/><IyzAttribute z:Ref="i416"/><IzzAttribute z:Ref="i417"/></URDFElement></ChildElements><ElementName>inertial</ElementName><required>false</required><Inertia z:Ref="i411"/><Mass z:Ref="i409"/><Origin z:Ref="i406"/></URDFElement><URDFElement z:Id="i418" i:type="Visual"><Attributes/><ChildElements><URDFElement z:Id="i419" i:type="Origin"><Attributes><Attribute z:Id="i420"><AttributeType>xyz</AttributeType><IsRequired>true</IsRequired><Value i:type="a:ArrayOfdouble" xmlns:a="http://schemas.microsoft.com/2003/10/Serialization/Arrays"><a:double>0</a:double><a:double>0</a:double><a:double>0</a:double></Value></Attribute><Attribute z:Id="i421"><AttributeType>rpy</AttributeType><IsRequired>true</IsRequired><Value i:type="a:ArrayOfdouble" xmlns:a="http://schemas.microsoft.com/2003/10/Serialization/Arrays"><a:double>0</a:double><a:double>0</a:double><a:double>0</a:double></Value></Attribute></Attributes><ChildElements/><ElementName>origin</ElementName><required>false</required><RPYAttribute z:Ref="i421"/><XYZAttribute z:Ref="i420"/><isCustomized>false</isCustomized></URDFElement><URDFElement z:Id="i422" i:type="Geometry"><Attributes/><ChildElements><URDFElement z:Id="i423" i:type="Mesh"><Attributes><Attribute z:Id="i424"><AttributeType>filename</AttributeType><IsRequired>true</IsRequired><Value i:nil="true"/></Attribute></Attributes><ChildElements/><ElementName>mesh</ElementName><required>false</required><FilenameAttribute z:Ref="i424"/></URDFElement></ChildElements><ElementName>geometry</ElementName><required>true</required><Mesh z:Ref="i423"/></URDFElement><URDFElement z:Id="i425" i:type="Material"><Attributes><Attribute z:Id="i426"><AttributeType>name</AttributeType><IsRequired>true</IsRequired><Value i:type="a:string" xmlns:a="http://www.w3.org/2001/XMLSchema"/></Attribute></Attributes><ChildElements><URDFElement z:Id="i427" i:type="Color"><Attributes><Attribute z:Id="i428"><AttributeType>rgba</AttributeType><IsRequired>true</IsRequired><Value i:type="a:ArrayOfdouble" xmlns:a="http://schemas.microsoft.com/2003/10/Serialization/Arrays"><a:double>0.792156862745098</a:double><a:double>0.81960784313725488</a:double><a:double>0.93333333333333335</a:double><a:double>1</a:double></Value></Attribute></Attributes><ChildElements/><ElementName>color</ElementName><required>false</required><RGBAAttribute z:Ref="i428"/></URDFElement><URDFElement z:Id="i429" i:type="Texture"><Attributes><Attribute z:Id="i430"><AttributeType>filename</AttributeType><IsRequired>true</IsRequired><Value i:nil="true"/></Attribute></Attributes><ChildElements/><ElementName>texture</ElementName><required>false</required><FilenameAttribute z:Ref="i430"/><wFilename/></URDFElement></ChildElements><ElementName>material</ElementName><required>false</required><Color z:Ref="i427"/><NameAttribute z:Ref="i426"/><Texture z:Ref="i429"/></URDFElement></ChildElements><ElementName>visual</ElementName><required>false</required><Geometry z:Ref="i422"/><Material z:Ref="i425"/><Origin z:Ref="i419"/></URDFElement><URDFElement z:Id="i431" i:type="Collision"><Attributes/><ChildElements><URDFElement z:Id="i432" i:type="Origin"><Attributes><Attribute z:Id="i433"><AttributeType>xyz</AttributeType><IsRequired>true</IsRequired><Value i:type="a:ArrayOfdouble" xmlns:a="http://schemas.microsoft.com/2003/10/Serialization/Arrays"><a:double>0</a:double><a:double>0</a:double><a:double>0</a:double></Value></Attribute><Attribute z:Id="i434"><AttributeType>rpy</AttributeType><IsRequired>true</IsRequired><Value i:type="a:ArrayOfdouble" xmlns:a="http://schemas.microsoft.com/2003/10/Serialization/Arrays"><a:double>0</a:double><a:double>0</a:double><a:double>0</a:double></Value></Attribute></Attributes><ChildElements/><ElementName>origin</ElementName><required>false</required><RPYAttribute z:Ref="i434"/><XYZAttribute z:Ref="i433"/><isCustomized>false</isCustomized></URDFElement><URDFElement z:Id="i435" i:type="Geometry"><Attributes/><ChildElements><URDFElement z:Id="i436" i:type="Mesh"><Attributes><Attribute z:Id="i437"><AttributeType>filename</AttributeType><IsRequired>true</IsRequired><Value i:nil="true"/></Attribute></Attributes><ChildElements/><ElementName>mesh</ElementName><required>false</required><FilenameAttribute z:Ref="i437"/></URDFElement></ChildElements><ElementName>geometry</ElementName><required>true</required><Mesh z:Ref="i436"/></URDFElement></ChildElements><ElementName>collision</ElementName><required>false</required><Geometry z:Ref="i435"/><Origin z:Ref="i432"/></URDFElement><URDFElement z:Id="i438" i:type="Joint"><Attributes><Attribute z:Id="i439"><AttributeType>name</AttributeType><IsRequired>true</IsRequired><Value i:type="a:string" xmlns:a="http://www.w3.org/2001/XMLSchema">LRknee</Value></Attribute><Attribute z:Id="i440"><AttributeType>type</AttributeType><IsRequired>true</IsRequired><Value i:type="a:string" xmlns:a="http://www.w3.org/2001/XMLSchema">revolute</Value></Attribute></Attributes><ChildElements><URDFElement z:Id="i441" i:type="Origin"><Attributes><Attribute z:Id="i442"><AttributeType>xyz</AttributeType><IsRequired>true</IsRequired><Value i:type="a:ArrayOfdouble" xmlns:a="http://schemas.microsoft.com/2003/10/Serialization/Arrays"><a:double>-0.0097543571198832613</a:double><a:double>-0.13479228305782703</a:double><a:double>0.0034992085970597664</a:double></Value></Attribute><Attribute z:Id="i443"><AttributeType>rpy</AttributeType><IsRequired>true</IsRequired><Value i:type="a:ArrayOfdouble" xmlns:a="http://schemas.microsoft.com/2003/10/Serialization/Arrays"><a:double>0.79744360791040014</a:double><a:double>-0.01204531467838079</a:double><a:double>0.025226531570967013</a:double></Value></Attribute></Attributes><ChildElements/><ElementName>origin</ElementName><required>false</required><RPYAttribute z:Ref="i443"/><XYZAttribute z:Ref="i442"/><isCustomized>false</isCustomized></URDFElement><URDFElement z:Id="i444" i:type="ParentLink"><Attributes><Attribute z:Id="i445"><AttributeType>link</AttributeType><IsRequired>true</IsRequired><Value i:type="a:string" xmlns:a="http://www.w3.org/2001/XMLSchema">LRthigh</Value></Attribute></Attributes><ChildElements/><ElementName>parent</ElementName><required>true</required><NameAttribute z:Ref="i445"/></URDFElement><URDFElement z:Id="i446" i:type="ChildLink"><Attributes><Attribute z:Id="i447"><AttributeType>link</AttributeType><IsRequired>true</IsRequired><Value i:type="a:string" xmlns:a="http://www.w3.org/2001/XMLSchema">LRcalf</Value></Attribute></Attributes><ChildElements/><ElementName>child</ElementName><required>true</required><NameAttribute z:Ref="i447"/></URDFElement><URDFElement z:Id="i448" i:type="Axis"><Attributes><Attribute z:Id="i449"><AttributeType>xyz</AttributeType><IsRequired>true</IsRequired><Value i:type="a:ArrayOfdouble" xmlns:a="http://schemas.microsoft.com/2003/10/Serialization/Arrays"><a:double>0.99934796414845928</a:double><a:double>-0.036106045924881133</a:double><a:double>0</a:double></Value></Attribute></Attributes><ChildElements/><ElementName>axis</ElementName><required>false</required><XYZAttribute z:Ref="i449"/></URDFElement><URDFElement z:Id="i450" i:type="Limit"><Attributes><Attribute z:Id="i451"><AttributeType>lower</AttributeType><IsRequired>true</IsRequired><Value i:type="a:double" xmlns:a="http://www.w3.org/2001/XMLSchema">0</Value></Attribute><Attribute z:Id="i452"><AttributeType>upper</AttributeType><IsRequired>true</IsRequired><Value i:type="a:double" xmlns:a="http://www.w3.org/2001/XMLSchema">6.2832</Value></Attribute><Attribute z:Id="i453"><AttributeType>effort</AttributeType><IsRequired>true</IsRequired><Value i:type="a:double" xmlns:a="http://www.w3.org/2001/XMLSchema">100</Value></Attribute><Attribute z:Id="i454"><AttributeType>velocity</AttributeType><IsRequired>true</IsRequired><Value i:type="a:double" xmlns:a="http://www.w3.org/2001/XMLSchema">2</Value></Attribute></Attributes><ChildElements/><ElementName>limit</ElementName><required>true</required><EffortAttribute z:Ref="i453"/><LowerAttribute z:Ref="i451"/><UpperAttribute z:Ref="i452"/><VelocityAttribute z:Ref="i454"/></URDFElement><URDFElement z:Id="i455" i:type="Calibration"><Attributes><Attribute z:Id="i456"><AttributeType>rising</AttributeType><IsRequired>false</IsRequired><Value i:nil="true"/></Attribute><Attribute z:Id="i457"><AttributeType>falling</AttributeType><IsRequired>false</IsRequired><Value i:nil="true"/></Attribute></Attributes><ChildElements/><ElementName>calibration</ElementName><required>false</required><FallingAttribute z:Ref="i457"/><RisingAttribute z:Ref="i456"/></URDFElement><URDFElement z:Id="i458" i:type="Dynamics"><Attributes><Attribute z:Id="i459"><AttributeType>damping</AttributeType><IsRequired>false</IsRequired><Value i:nil="true"/></Attribute><Attribute z:Id="i460"><AttributeType>friction</AttributeType><IsRequired>false</IsRequired><Value i:nil="true"/></Attribute></Attributes><ChildElements/><ElementName>dynamics</ElementName><required>false</required><DampingAttribute z:Ref="i459"/><FrictionAttribute z:Ref="i460"/></URDFElement><URDFElement z:Id="i461" i:type="SafetyController"><Attributes><Attribute z:Id="i462"><AttributeType>soft_upper_limit</AttributeType><IsRequired>false</IsRequired><Value i:nil="true"/></Attribute><Attribute z:Id="i463"><AttributeType>soft_lower_limit</AttributeType><IsRequired>false</IsRequired><Value i:nil="true"/></Attribute><Attribute z:Id="i464"><AttributeType>k_position</AttributeType><IsRequired>false</IsRequired><Value i:nil="true"/></Attribute><Attribute z:Id="i465"><AttributeType>k_velocity</AttributeType><IsRequired>true</IsRequired><Value i:nil="true"/></Attribute></Attributes><ChildElements/><ElementName>safety_controller</ElementName><required>false</required><KPositionAttribute z:Ref="i464"/><KVelocityAttribute z:Ref="i465"/><SoftLowerAttribute z:Ref="i463"/><SoftUpperAttribute z:Ref="i462"/></URDFElement><URDFElement z:Id="i466" i:type="Mimic"><Attributes><Attribute z:Id="i467"><AttributeType>joint</AttributeType><IsRequired>true</IsRequired><Value i:nil="true"/></Attribute><Attribute z:Id="i468"><AttributeType>multiplier</AttributeType><IsRequired>false</IsRequired><Value i:nil="true"/></Attribute><Attribute z:Id="i469"><AttributeType>offset</AttributeType><IsRequired>false</IsRequired><Value i:nil="true"/></Attribute></Attributes><ChildElements/><ElementName>mimic</ElementName><required>false</required><JointNameAttribute z:Ref="i467"/><MultiplierAttribute z:Ref="i468"/><OffsetAttribute z:Ref="i469"/></URDFElement></ChildElements><ElementName>joint</ElementName><required>false</required><Axis z:Ref="i448"/><AxisName>left_rear_knee_axis</AxisName><Calibration z:Ref="i455"/><Child z:Ref="i446"/><CoordinateSystemName>LR_knee_CS</CoordinateSystemName><Dynamics z:Ref="i458"/><Limit z:Ref="i450"/><Mimic z:Ref="i466"/><NameAttribute z:Ref="i439"/><Origin z:Ref="i441"/><Parent z:Ref="i444"/><Safety z:Ref="i461"/><TypeAttribute z:Ref="i440"/></URDFElement></ChildElements><ElementName>link</ElementName><required>true</required><Children/><Collision z:Ref="i431"/><Inertial z:Ref="i405"/><Joint z:Ref="i438"/><NameAttribute z:Ref="i404"/><Parent z:Ref="i336"/><STLQualityFine>false</STLQualityFine><SWComponentPIDs xmlns:a="http://schemas.microsoft.com/2003/10/Serialization/Arrays"><a:base64Binary>UEYAAAUAAAD//v8hTABlAGcALQA0AEAAYgBvAGQAeQAgAHAAawAvAE4ARQBXACAATABPAFcARQBSACAATABFAEcALQAxAEAATABlAGcABAAAABAAAAABAAAAAgAAAC4HAABHAAAA</a:base64Binary><a:base64Binary>UEYAAAUAAAD//v8fTABlAGcALQA0AEAAYgBvAGQAeQAgAHAAawAvAGwAbwB3AGUAcgAgAGwAZQBnACAAMgAtADEAQABMAGUAZwAEAAAAEAAAAAEAAAACAAAALgcAAEYAAAA=</a:base64Binary></SWComponentPIDs><SWMainComponentPID i:nil="true"/><Visual z:Ref="i418"/><isFixedFrame>false</isFixedFrame><isIncomplete>false</isIncomplete></Link></Children><Collision z:Ref="i364"/><Inertial z:Ref="i338"/><Joint z:Ref="i371"/><NameAttribute z:Ref="i337"/><Parent z:Ref="i269"/><STLQualityFine>false</STLQualityFine><SWComponentPIDs xmlns:a="http://schemas.microsoft.com/2003/10/Serialization/Arrays"><a:base64Binary>UEYAAAUAAAD//v8aTABlAGcALQA0AEAAYgBvAGQAeQAgAHAAawAvAHUAcAAgAGwAZQBnAC0AMQBAAEwAZQBnAAQAAAAQAAAAAQAAAAIAAAAuBwAAPgAAAA==</a:base64Binary></SWComponentPIDs><SWMainComponentPID i:nil="true"/><Visual z:Ref="i351"/><isFixedFrame>false</isFixedFrame><isIncomplete>false</isIncomplete></Link></Children><Collision z:Ref="i297"/><Inertial z:Ref="i271"/><Joint z:Ref="i304"/><NameAttribute z:Ref="i270"/><Parent z:Ref="i1"/><STLQualityFine>false</STLQualityFine><SWComponentPIDs xmlns:a="http://schemas.microsoft.com/2003/10/Serialization/Arrays"><a:base64Binary>UEYAAAUAAAD//v81TABlAGcALQA0AEAAYgBvAGQAeQAgAHAAawAvAHMAaABvAHUAbABkAGUAcgAtADEAQABMAGUAZwAvAHMAaABvAHUAbABkAGUAcgAgAHAAYQByAHQALQAxAEAAcwBoAG8AdQBsAGQAZQByAAQAAAAQAAAAAQAAAAMAAAAuBwAAGAAAAB4AAAA=</a:base64Binary></SWComponentPIDs><SWMainComponentPID i:nil="true"/><Visual z:Ref="i284"/><isFixedFrame>false</isFixedFrame><isIncomplete>false</isIncomplete></Link><Link z:Id="i470"><Attributes><Attribute z:Id="i471"><AttributeType>name</AttributeType><IsRequired>true</IsRequired><Value i:type="a:string" xmlns:a="http://www.w3.org/2001/XMLSchema">RFshoulder</Value></Attribute></Attributes><ChildElements><URDFElement z:Id="i472" i:type="Inertial"><Attributes/><ChildElements><URDFElement z:Id="i473" i:type="Origin"><Attributes><Attribute z:Id="i474"><AttributeType>xyz</AttributeType><IsRequired>true</IsRequired><Value i:type="a:ArrayOfdouble" xmlns:a="http://schemas.microsoft.com/2003/10/Serialization/Arrays"><a:double>-0.0069792232215655226</a:double><a:double>0.0012054592618099269</a:double><a:double>-0.053004483515451506</a:double></Value></Attribute><Attribute z:Id="i475"><AttributeType>rpy</AttributeType><IsRequired>true</IsRequired><Value i:type="a:ArrayOfdouble" xmlns:a="http://schemas.microsoft.com/2003/10/Serialization/Arrays"><a:double>0</a:double><a:double>0</a:double><a:double>0</a:double></Value></Attribute></Attributes><ChildElements/><ElementName>origin</ElementName><required>false</required><RPYAttribute z:Ref="i475"/><XYZAttribute z:Ref="i474"/><isCustomized>false</isCustomized></URDFElement><URDFElement z:Id="i476" i:type="Mass"><Attributes><Attribute z:Id="i477"><AttributeType>value</AttributeType><IsRequired>true</IsRequired><Value i:type="a:double" xmlns:a="http://www.w3.org/2001/XMLSchema">0.10711331663525624</Value></Attribute></Attributes><ChildElements/><ElementName>mass</ElementName><required>false</required><ValueAttribute z:Ref="i477"/></URDFElement><URDFElement z:Id="i478" i:type="Inertia"><Attributes><Attribute z:Id="i479"><AttributeType>ixx</AttributeType><IsRequired>true</IsRequired><Value i:type="a:double" xmlns:a="http://www.w3.org/2001/XMLSchema">5.1818396260032868E-05</Value></Attribute><Attribute z:Id="i480"><AttributeType>ixy</AttributeType><IsRequired>true</IsRequired><Value i:type="a:double" xmlns:a="http://www.w3.org/2001/XMLSchema">-2.9074712333015431E-06</Value></Attribute><Attribute z:Id="i481"><AttributeType>ixz</AttributeType><IsRequired>true</IsRequired><Value i:type="a:double" xmlns:a="http://www.w3.org/2001/XMLSchema">2.7636535424229936E-06</Value></Attribute><Attribute z:Id="i482"><AttributeType>iyy</AttributeType><IsRequired>true</IsRequired><Value i:type="a:double" xmlns:a="http://www.w3.org/2001/XMLSchema">3.9028189962403676E-05</Value></Attribute><Attribute z:Id="i483"><AttributeType>iyz</AttributeType><IsRequired>true</IsRequired><Value i:type="a:double" xmlns:a="http://www.w3.org/2001/XMLSchema">-2.5578377265856997E-06</Value></Attribute><Attribute z:Id="i484"><AttributeType>izz</AttributeType><IsRequired>true</IsRequired><Value i:type="a:double" xmlns:a="http://www.w3.org/2001/XMLSchema">4.7122917086894775E-05</Value></Attribute></Attributes><ChildElements/><ElementName>inertia</ElementName><required>false</required><IxxAttribute z:Ref="i479"/><IxyAttribute z:Ref="i480"/><IxzAttribute z:Ref="i481"/><IyyAttribute z:Ref="i482"/><IyzAttribute z:Ref="i483"/><IzzAttribute z:Ref="i484"/></URDFElement></ChildElements><ElementName>inertial</ElementName><required>false</required><Inertia z:Ref="i478"/><Mass z:Ref="i476"/><Origin z:Ref="i473"/></URDFElement><URDFElement z:Id="i485" i:type="Visual"><Attributes/><ChildElements><URDFElement z:Id="i486" i:type="Origin"><Attributes><Attribute z:Id="i487"><AttributeType>xyz</AttributeType><IsRequired>true</IsRequired><Value i:type="a:ArrayOfdouble" xmlns:a="http://schemas.microsoft.com/2003/10/Serialization/Arrays"><a:double>0</a:double><a:double>0</a:double><a:double>0</a:double></Value></Attribute><Attribute z:Id="i488"><AttributeType>rpy</AttributeType><IsRequired>true</IsRequired><Value i:type="a:ArrayOfdouble" xmlns:a="http://schemas.microsoft.com/2003/10/Serialization/Arrays"><a:double>0</a:double><a:double>0</a:double><a:double>0</a:double></Value></Attribute></Attributes><ChildElements/><ElementName>origin</ElementName><required>false</required><RPYAttribute z:Ref="i488"/><XYZAttribute z:Ref="i487"/><isCustomized>false</isCustomized></URDFElement><URDFElement z:Id="i489" i:type="Geometry"><Attributes/><ChildElements><URDFElement z:Id="i490" i:type="Mesh"><Attributes><Attribute z:Id="i491"><AttributeType>filename</AttributeType><IsRequired>true</IsRequired><Value i:nil="true"/></Attribute></Attributes><ChildElements/><ElementName>mesh</ElementName><required>false</required><FilenameAttribute z:Ref="i491"/></URDFElement></ChildElements><ElementName>geometry</ElementName><required>true</required><Mesh z:Ref="i490"/></URDFElement><URDFElement z:Id="i492" i:type="Material"><Attributes><Attribute z:Id="i493"><AttributeType>name</AttributeType><IsRequired>true</IsRequired><Value i:type="a:string" xmlns:a="http://www.w3.org/2001/XMLSchema"/></Attribute></Attributes><ChildElements><URDFElement z:Id="i494" i:type="Color"><Attributes><Attribute z:Id="i495"><AttributeType>rgba</AttributeType><IsRequired>true</IsRequired><Value i:type="a:ArrayOfdouble" xmlns:a="http://schemas.microsoft.com/2003/10/Serialization/Arrays"><a:double>0.62745098039215685</a:double><a:double>0.62745098039215685</a:double><a:double>0.62745098039215685</a:double><a:double>1</a:double></Value></Attribute></Attributes><ChildElements/><ElementName>color</ElementName><required>false</required><RGBAAttribute z:Ref="i495"/></URDFElement><URDFElement z:Id="i496" i:type="Texture"><Attributes><Attribute z:Id="i497"><AttributeType>filename</AttributeType><IsRequired>true</IsRequired><Value i:nil="true"/></Attribute></Attributes><ChildElements/><ElementName>texture</ElementName><required>false</required><FilenameAttribute z:Ref="i497"/><wFilename/></URDFElement></ChildElements><ElementName>material</ElementName><required>false</required><Color z:Ref="i494"/><NameAttribute z:Ref="i493"/><Texture z:Ref="i496"/></URDFElement></ChildElements><ElementName>visual</ElementName><required>false</required><Geometry z:Ref="i489"/><Material z:Ref="i492"/><Origin z:Ref="i486"/></URDFElement><URDFElement z:Id="i498" i:type="Collision"><Attributes/><ChildElements><URDFElement z:Id="i499" i:type="Origin"><Attributes><Attribute z:Id="i500"><AttributeType>xyz</AttributeType><IsRequired>true</IsRequired><Value i:type="a:ArrayOfdouble" xmlns:a="http://schemas.microsoft.com/2003/10/Serialization/Arrays"><a:double>0</a:double><a:double>0</a:double><a:double>0</a:double></Value></Attribute><Attribute z:Id="i501"><AttributeType>rpy</AttributeType><IsRequired>true</IsRequired><Value i:type="a:ArrayOfdouble" xmlns:a="http://schemas.microsoft.com/2003/10/Serialization/Arrays"><a:double>0</a:double><a:double>0</a:double><a:double>0</a:double></Value></Attribute></Attributes><ChildElements/><ElementName>origin</ElementName><required>false</required><RPYAttribute z:Ref="i501"/><XYZAttribute z:Ref="i500"/><isCustomized>false</isCustomized></URDFElement><URDFElement z:Id="i502" i:type="Geometry"><Attributes/><ChildElements><URDFElement z:Id="i503" i:type="Mesh"><Attributes><Attribute z:Id="i504"><AttributeType>filename</AttributeType><IsRequired>true</IsRequired><Value i:nil="true"/></Attribute></Attributes><ChildElements/><ElementName>mesh</ElementName><required>false</required><FilenameAttribute z:Ref="i504"/></URDFElement></ChildElements><ElementName>geometry</ElementName><required>true</required><Mesh z:Ref="i503"/></URDFElement></ChildElements><ElementName>collision</ElementName><required>false</required><Geometry z:Ref="i502"/><Origin z:Ref="i499"/></URDFElement><URDFElement z:Id="i505" i:type="Joint"><Attributes><Attribute z:Id="i506"><AttributeType>name</AttributeType><IsRequired>true</IsRequired><Value i:type="a:string" xmlns:a="http://www.w3.org/2001/XMLSchema">RFshoulder1</Value></Attribute><Attribute z:Id="i507"><AttributeType>type</AttributeType><IsRequired>true</IsRequired><Value i:type="a:string" xmlns:a="http://www.w3.org/2001/XMLSchema">revolute</Value></Attribute></Attributes><ChildElements><URDFElement z:Id="i508" i:type="Origin"><Attributes><Attribute z:Id="i509"><AttributeType>xyz</AttributeType><IsRequired>true</IsRequired><Value i:type="a:ArrayOfdouble" xmlns:a="http://schemas.microsoft.com/2003/10/Serialization/Arrays"><a:double>0.74128418442522381</a:double><a:double>-1.3528782718749273</a:double><a:double>0.9358269815138035</a:double></Value></Attribute><Attribute z:Id="i510"><AttributeType>rpy</AttributeType><IsRequired>true</IsRequired><Value i:type="a:ArrayOfdouble" xmlns:a="http://schemas.microsoft.com/2003/10/Serialization/Arrays"><a:double>1.5707963267948961</a:double><a:double>-0.1164588933687767</a:double><a:double>0</a:double></Value></Attribute></Attributes><ChildElements/><ElementName>origin</ElementName><required>false</required><RPYAttribute z:Ref="i510"/><XYZAttribute z:Ref="i509"/><isCustomized>false</isCustomized></URDFElement><URDFElement z:Id="i511" i:type="ParentLink"><Attributes><Attribute z:Id="i512"><AttributeType>link</AttributeType><IsRequired>true</IsRequired><Value i:type="a:string" xmlns:a="http://www.w3.org/2001/XMLSchema">Body</Value></Attribute></Attributes><ChildElements/><ElementName>parent</ElementName><required>true</required><NameAttribute z:Ref="i512"/></URDFElement><URDFElement z:Id="i513" i:type="ChildLink"><Attributes><Attribute z:Id="i514"><AttributeType>link</AttributeType><IsRequired>true</IsRequired><Value i:type="a:string" xmlns:a="http://www.w3.org/2001/XMLSchema">RFshoulder</Value></Attribute></Attributes><ChildElements/><ElementName>child</ElementName><required>true</required><NameAttribute z:Ref="i514"/></URDFElement><URDFElement z:Id="i515" i:type="Axis"><Attributes><Attribute z:Id="i516"><AttributeType>xyz</AttributeType><IsRequired>true</IsRequired><Value i:type="a:ArrayOfdouble" xmlns:a="http://schemas.microsoft.com/2003/10/Serialization/Arrays"><a:double>0</a:double><a:double>0</a:double><a:double>1</a:double></Value></Attribute></Attributes><ChildElements/><ElementName>axis</ElementName><required>false</required><XYZAttribute z:Ref="i516"/></URDFElement><URDFElement z:Id="i517" i:type="Limit"><Attributes><Attribute z:Id="i518"><AttributeType>lower</AttributeType><IsRequired>true</IsRequired><Value i:type="a:double" xmlns:a="http://www.w3.org/2001/XMLSchema">0</Value></Attribute><Attribute z:Id="i519"><AttributeType>upper</AttributeType><IsRequired>true</IsRequired><Value i:type="a:double" xmlns:a="http://www.w3.org/2001/XMLSchema">6.2832</Value></Attribute><Attribute z:Id="i520"><AttributeType>effort</AttributeType><IsRequired>true</IsRequired><Value i:type="a:double" xmlns:a="http://www.w3.org/2001/XMLSchema">100</Value></Attribute><Attribute z:Id="i521"><AttributeType>velocity</AttributeType><IsRequired>true</IsRequired><Value i:type="a:double" xmlns:a="http://www.w3.org/2001/XMLSchema">2</Value></Attribute></Attributes><ChildElements/><ElementName>limit</ElementName><required>true</required><EffortAttribute z:Ref="i520"/><LowerAttribute z:Ref="i518"/><UpperAttribute z:Ref="i519"/><VelocityAttribute z:Ref="i521"/></URDFElement><URDFElement z:Id="i522" i:type="Calibration"><Attributes><Attribute z:Id="i523"><AttributeType>rising</AttributeType><IsRequired>false</IsRequired><Value i:nil="true"/></Attribute><Attribute z:Id="i524"><AttributeType>falling</AttributeType><IsRequired>false</IsRequired><Value i:nil="true"/></Attribute></Attributes><ChildElements/><ElementName>calibration</ElementName><required>false</required><FallingAttribute z:Ref="i524"/><RisingAttribute z:Ref="i523"/></URDFElement><URDFElement z:Id="i525" i:type="Dynamics"><Attributes><Attribute z:Id="i526"><AttributeType>damping</AttributeType><IsRequired>false</IsRequired><Value i:nil="true"/></Attribute><Attribute z:Id="i527"><AttributeType>friction</AttributeType><IsRequired>false</IsRequired><Value i:nil="true"/></Attribute></Attributes><ChildElements/><ElementName>dynamics</ElementName><required>false</required><DampingAttribute z:Ref="i526"/><FrictionAttribute z:Ref="i527"/></URDFElement><URDFElement z:Id="i528" i:type="SafetyController"><Attributes><Attribute z:Id="i529"><AttributeType>soft_upper_limit</AttributeType><IsRequired>false</IsRequired><Value i:nil="true"/></Attribute><Attribute z:Id="i530"><AttributeType>soft_lower_limit</AttributeType><IsRequired>false</IsRequired><Value i:nil="true"/></Attribute><Attribute z:Id="i531"><AttributeType>k_position</AttributeType><IsRequired>false</IsRequired><Value i:nil="true"/></Attribute><Attribute z:Id="i532"><AttributeType>k_velocity</AttributeType><IsRequired>true</IsRequired><Value i:nil="true"/></Attribute></Attributes><ChildElements/><ElementName>safety_controller</ElementName><required>false</required><KPositionAttribute z:Ref="i531"/><KVelocityAttribute z:Ref="i532"/><SoftLowerAttribute z:Ref="i530"/><SoftUpperAttribute z:Ref="i529"/></URDFElement><URDFElement z:Id="i533" i:type="Mimic"><Attributes><Attribute z:Id="i534"><AttributeType>joint</AttributeType><IsRequired>true</IsRequired><Value i:nil="true"/></Attribute><Attribute z:Id="i535"><AttributeType>multiplier</AttributeType><IsRequired>false</IsRequired><Value i:nil="true"/></Attribute><Attribute z:Id="i536"><AttributeType>offset</AttributeType><IsRequired>false</IsRequired><Value i:nil="true"/></Attribute></Attributes><ChildElements/><ElementName>mimic</ElementName><required>false</required><JointNameAttribute z:Ref="i534"/><MultiplierAttribute z:Ref="i535"/><OffsetAttribute z:Ref="i536"/></URDFElement></ChildElements><ElementName>joint</ElementName><required>false</required><Axis z:Ref="i515"/><AxisName>RF_shoulder1_axis</AxisName><Calibration z:Ref="i522"/><Child z:Ref="i513"/><CoordinateSystemName>RF_shoulder1_CS</CoordinateSystemName><Dynamics z:Ref="i525"/><Limit z:Ref="i517"/><Mimic z:Ref="i533"/><NameAttribute z:Ref="i506"/><Origin z:Ref="i508"/><Parent z:Ref="i511"/><Safety z:Ref="i528"/><TypeAttribute z:Ref="i507"/></URDFElement></ChildElements><ElementName>link</ElementName><required>true</required><Children><Link z:Id="i537"><Attributes><Attribute z:Id="i538"><AttributeType>name</AttributeType><IsRequired>true</IsRequired><Value i:type="a:string" xmlns:a="http://www.w3.org/2001/XMLSchema">RFthigh</Value></Attribute></Attributes><ChildElements><URDFElement z:Id="i539" i:type="Inertial"><Attributes/><ChildElements><URDFElement z:Id="i540" i:type="Origin"><Attributes><Attribute z:Id="i541"><AttributeType>xyz</AttributeType><IsRequired>true</IsRequired><Value i:type="a:ArrayOfdouble" xmlns:a="http://schemas.microsoft.com/2003/10/Serialization/Arrays"><a:double>-0.025429922548409367</a:double><a:double>-0.056025348704015432</a:double><a:double>-0.001594649740974452</a:double></Value></Attribute><Attribute z:Id="i542"><AttributeType>rpy</AttributeType><IsRequired>true</IsRequired><Value i:type="a:ArrayOfdouble" xmlns:a="http://schemas.microsoft.com/2003/10/Serialization/Arrays"><a:double>0</a:double><a:double>0</a:double><a:double>0</a:double></Value></Attribute></Attributes><ChildElements/><ElementName>origin</ElementName><required>false</required><RPYAttribute z:Ref="i542"/><XYZAttribute z:Ref="i541"/><isCustomized>false</isCustomized></URDFElement><URDFElement z:Id="i543" i:type="Mass"><Attributes><Attribute z:Id="i544"><AttributeType>value</AttributeType><IsRequired>true</IsRequired><Value i:type="a:double" xmlns:a="http://www.w3.org/2001/XMLSchema">0.14258506807020371</Value></Attribute></Attributes><ChildElements/><ElementName>mass</ElementName><required>false</required><ValueAttribute z:Ref="i544"/></URDFElement><URDFElement z:Id="i545" i:type="Inertia"><Attributes><Attribute z:Id="i546"><AttributeType>ixx</AttributeType><IsRequired>true</IsRequired><Value i:type="a:double" xmlns:a="http://www.w3.org/2001/XMLSchema">0.00032131878631758176</Value></Attribute><Attribute z:Id="i547"><AttributeType>ixy</AttributeType><IsRequired>true</IsRequired><Value i:type="a:double" xmlns:a="http://www.w3.org/2001/XMLSchema">2.41938856259464E-06</Value></Attribute><Attribute z:Id="i548"><AttributeType>ixz</AttributeType><IsRequired>true</IsRequired><Value i:type="a:double" xmlns:a="http://www.w3.org/2001/XMLSchema">5.0018727698188964E-08</Value></Attribute><Attribute z:Id="i549"><AttributeType>iyy</AttributeType><IsRequired>true</IsRequired><Value i:type="a:double" xmlns:a="http://www.w3.org/2001/XMLSchema">3.3895761115164831E-05</Value></Attribute><Attribute z:Id="i550"><AttributeType>iyz</AttributeType><IsRequired>true</IsRequired><Value i:type="a:double" xmlns:a="http://www.w3.org/2001/XMLSchema">-7.6738949119115643E-06</Value></Attribute><Attribute z:Id="i551"><AttributeType>izz</AttributeType><IsRequired>true</IsRequired><Value i:type="a:double" xmlns:a="http://www.w3.org/2001/XMLSchema">0.00031630608010157569</Value></Attribute></Attributes><ChildElements/><ElementName>inertia</ElementName><required>false</required><IxxAttribute z:Ref="i546"/><IxyAttribute z:Ref="i547"/><IxzAttribute z:Ref="i548"/><IyyAttribute z:Ref="i549"/><IyzAttribute z:Ref="i550"/><IzzAttribute z:Ref="i551"/></URDFElement></ChildElements><ElementName>inertial</ElementName><required>false</required><Inertia z:Ref="i545"/><Mass z:Ref="i543"/><Origin z:Ref="i540"/></URDFElement><URDFElement z:Id="i552" i:type="Visual"><Attributes/><ChildElements><URDFElement z:Id="i553" i:type="Origin"><Attributes><Attribute z:Id="i554"><AttributeType>xyz</AttributeType><IsRequired>true</IsRequired><Value i:type="a:ArrayOfdouble" xmlns:a="http://schemas.microsoft.com/2003/10/Serialization/Arrays"><a:double>0</a:double><a:double>0</a:double><a:double>0</a:double></Value></Attribute><Attribute z:Id="i555"><AttributeType>rpy</AttributeType><IsRequired>true</IsRequired><Value i:type="a:ArrayOfdouble" xmlns:a="http://schemas.microsoft.com/2003/10/Serialization/Arrays"><a:double>0</a:double><a:double>0</a:double><a:double>0</a:double></Value></Attribute></Attributes><ChildElements/><ElementName>origin</ElementName><required>false</required><RPYAttribute z:Ref="i555"/><XYZAttribute z:Ref="i554"/><isCustomized>false</isCustomized></URDFElement><URDFElement z:Id="i556" i:type="Geometry"><Attributes/><ChildElements><URDFElement z:Id="i557" i:type="Mesh"><Attributes><Attribute z:Id="i558"><AttributeType>filename</AttributeType><IsRequired>true</IsRequired><Value i:nil="true"/></Attribute></Attributes><ChildElements/><ElementName>mesh</ElementName><required>false</required><FilenameAttribute z:Ref="i558"/></URDFElement></ChildElements><ElementName>geometry</ElementName><required>true</required><Mesh z:Ref="i557"/></URDFElement><URDFElement z:Id="i559" i:type="Material"><Attributes><Attribute z:Id="i560"><AttributeType>name</AttributeType><IsRequired>true</IsRequired><Value i:type="a:string" xmlns:a="http://www.w3.org/2001/XMLSchema"/></Attribute></Attributes><ChildElements><URDFElement z:Id="i561" i:type="Color"><Attributes><Attribute z:Id="i562"><AttributeType>rgba</AttributeType><IsRequired>true</IsRequired><Value i:type="a:ArrayOfdouble" xmlns:a="http://schemas.microsoft.com/2003/10/Serialization/Arrays"><a:double>0.792156862745098</a:double><a:double>0.81960784313725488</a:double><a:double>0.93333333333333335</a:double><a:double>1</a:double></Value></Attribute></Attributes><ChildElements/><ElementName>color</ElementName><required>false</required><RGBAAttribute z:Ref="i562"/></URDFElement><URDFElement z:Id="i563" i:type="Texture"><Attributes><Attribute z:Id="i564"><AttributeType>filename</AttributeType><IsRequired>true</IsRequired><Value i:nil="true"/></Attribute></Attributes><ChildElements/><ElementName>texture</ElementName><required>false</required><FilenameAttribute z:Ref="i564"/><wFilename/></URDFElement></ChildElements><ElementName>material</ElementName><required>false</required><Color z:Ref="i561"/><NameAttribute z:Ref="i560"/><Texture z:Ref="i563"/></URDFElement></ChildElements><ElementName>visual</ElementName><required>false</required><Geometry z:Ref="i556"/><Material z:Ref="i559"/><Origin z:Ref="i553"/></URDFElement><URDFElement z:Id="i565" i:type="Collision"><Attributes/><ChildElements><URDFElement z:Id="i566" i:type="Origin"><Attributes><Attribute z:Id="i567"><AttributeType>xyz</AttributeType><IsRequired>true</IsRequired><Value i:type="a:ArrayOfdouble" xmlns:a="http://schemas.microsoft.com/2003/10/Serialization/Arrays"><a:double>0</a:double><a:double>0</a:double><a:double>0</a:double></Value></Attribute><Attribute z:Id="i568"><AttributeType>rpy</AttributeType><IsRequired>true</IsRequired><Value i:type="a:ArrayOfdouble" xmlns:a="http://schemas.microsoft.com/2003/10/Serialization/Arrays"><a:double>0</a:double><a:double>0</a:double><a:double>0</a:double></Value></Attribute></Attributes><ChildElements/><ElementName>origin</ElementName><required>false</required><RPYAttribute z:Ref="i568"/><XYZAttribute z:Ref="i567"/><isCustomized>false</isCustomized></URDFElement><URDFElement z:Id="i569" i:type="Geometry"><Attributes/><ChildElements><URDFElement z:Id="i570" i:type="Mesh"><Attributes><Attribute z:Id="i571"><AttributeType>filename</AttributeType><IsRequired>true</IsRequired><Value i:nil="true"/></Attribute></Attributes><ChildElements/><ElementName>mesh</ElementName><required>false</required><FilenameAttribute z:Ref="i571"/></URDFElement></ChildElements><ElementName>geometry</ElementName><required>true</required><Mesh z:Ref="i570"/></URDFElement></ChildElements><ElementName>collision</ElementName><required>false</required><Geometry z:Ref="i569"/><Origin z:Ref="i566"/></URDFElement><URDFElement z:Id="i572" i:type="Joint"><Attributes><Attribute z:Id="i573"><AttributeType>name</AttributeType><IsRequired>true</IsRequired><Value i:type="a:string" xmlns:a="http://www.w3.org/2001/XMLSchema">RFshoulder</Value></Attribute><Attribute z:Id="i574"><AttributeType>type</AttributeType><IsRequired>true</IsRequired><Value i:type="a:string" xmlns:a="http://www.w3.org/2001/XMLSchema">revolute</Value></Attribute></Attributes><ChildElements><URDFElement z:Id="i575" i:type="Origin"><Attributes><Attribute z:Id="i576"><AttributeType>xyz</AttributeType><IsRequired>true</IsRequired><Value i:type="a:ArrayOfdouble" xmlns:a="http://schemas.microsoft.com/2003/10/Serialization/Arrays"><a:double>0.030132736285776396</a:double><a:double>-0.027433001803540247</a:double><a:double>-0.054419879147057593</a:double></Value></Attribute><Attribute z:Id="i577"><AttributeType>rpy</AttributeType><IsRequired>true</IsRequired><Value i:type="a:ArrayOfdouble" xmlns:a="http://schemas.microsoft.com/2003/10/Serialization/Arrays"><a:double>-0.532538206681912</a:double><a:double>0</a:double><a:double>0</a:double></Value></Attribute></Attributes><ChildElements/><ElementName>origin</ElementName><required>false</required><RPYAttribute z:Ref="i577"/><XYZAttribute z:Ref="i576"/><isCustomized>false</isCustomized></URDFElement><URDFElement z:Id="i578" i:type="ParentLink"><Attributes><Attribute z:Id="i579"><AttributeType>link</AttributeType><IsRequired>true</IsRequired><Value i:type="a:string" xmlns:a="http://www.w3.org/2001/XMLSchema">RFshoulder</Value></Attribute></Attributes><ChildElements/><ElementName>parent</ElementName><required>true</required><NameAttribute z:Ref="i579"/></URDFElement><URDFElement z:Id="i580" i:type="ChildLink"><Attributes><Attribute z:Id="i581"><AttributeType>link</AttributeType><IsRequired>true</IsRequired><Value i:type="a:string" xmlns:a="http://www.w3.org/2001/XMLSchema">RFthigh</Value></Attribute></Attributes><ChildElements/><ElementName>child</ElementName><required>true</required><NameAttribute z:Ref="i581"/></URDFElement><URDFElement z:Id="i582" i:type="Axis"><Attributes><Attribute z:Id="i583"><AttributeType>xyz</AttributeType><IsRequired>true</IsRequired><Value i:type="a:ArrayOfdouble" xmlns:a="http://schemas.microsoft.com/2003/10/Serialization/Arrays"><a:double>-1</a:double><a:double>0</a:double><a:double>0</a:double></Value></Attribute></Attributes><ChildElements/><ElementName>axis</ElementName><required>false</required><XYZAttribute z:Ref="i583"/></URDFElement><URDFElement z:Id="i584" i:type="Limit"><Attributes><Attribute z:Id="i585"><AttributeType>lower</AttributeType><IsRequired>true</IsRequired><Value i:type="a:double" xmlns:a="http://www.w3.org/2001/XMLSchema">0</Value></Attribute><Attribute z:Id="i586"><AttributeType>upper</AttributeType><IsRequired>true</IsRequired><Value i:type="a:double" xmlns:a="http://www.w3.org/2001/XMLSchema">6.2832</Value></Attribute><Attribute z:Id="i587"><AttributeType>effort</AttributeType><IsRequired>true</IsRequired><Value i:type="a:double" xmlns:a="http://www.w3.org/2001/XMLSchema">100</Value></Attribute><Attribute z:Id="i588"><AttributeType>velocity</AttributeType><IsRequired>true</IsRequired><Value i:type="a:double" xmlns:a="http://www.w3.org/2001/XMLSchema">2</Value></Attribute></Attributes><ChildElements/><ElementName>limit</ElementName><required>true</required><EffortAttribute z:Ref="i587"/><LowerAttribute z:Ref="i585"/><UpperAttribute z:Ref="i586"/><VelocityAttribute z:Ref="i588"/></URDFElement><URDFElement z:Id="i589" i:type="Calibration"><Attributes><Attribute z:Id="i590"><AttributeType>rising</AttributeType><IsRequired>false</IsRequired><Value i:nil="true"/></Attribute><Attribute z:Id="i591"><AttributeType>falling</AttributeType><IsRequired>false</IsRequired><Value i:nil="true"/></Attribute></Attributes><ChildElements/><ElementName>calibration</ElementName><required>false</required><FallingAttribute z:Ref="i591"/><RisingAttribute z:Ref="i590"/></URDFElement><URDFElement z:Id="i592" i:type="Dynamics"><Attributes><Attribute z:Id="i593"><AttributeType>damping</AttributeType><IsRequired>false</IsRequired><Value i:nil="true"/></Attribute><Attribute z:Id="i594"><AttributeType>friction</AttributeType><IsRequired>false</IsRequired><Value i:nil="true"/></Attribute></Attributes><ChildElements/><ElementName>dynamics</ElementName><required>false</required><DampingAttribute z:Ref="i593"/><FrictionAttribute z:Ref="i594"/></URDFElement><URDFElement z:Id="i595" i:type="SafetyController"><Attributes><Attribute z:Id="i596"><AttributeType>soft_upper_limit</AttributeType><IsRequired>false</IsRequired><Value i:nil="true"/></Attribute><Attribute z:Id="i597"><AttributeType>soft_lower_limit</AttributeType><IsRequired>false</IsRequired><Value i:nil="true"/></Attribute><Attribute z:Id="i598"><AttributeType>k_position</AttributeType><IsRequired>false</IsRequired><Value i:nil="true"/></Attribute><Attribute z:Id="i599"><AttributeType>k_velocity</AttributeType><IsRequired>true</IsRequired><Value i:nil="true"/></Attribute></Attributes><ChildElements/><ElementName>safety_controller</ElementName><required>false</required><KPositionAttribute z:Ref="i598"/><KVelocityAttribute z:Ref="i599"/><SoftLowerAttribute z:Ref="i597"/><SoftUpperAttribute z:Ref="i596"/></URDFElement><URDFElement z:Id="i600" i:type="Mimic"><Attributes><Attribute z:Id="i601"><AttributeType>joint</AttributeType><IsRequired>true</IsRequired><Value i:nil="true"/></Attribute><Attribute z:Id="i602"><AttributeType>multiplier</AttributeType><IsRequired>false</IsRequired><Value i:nil="true"/></Attribute><Attribute z:Id="i603"><AttributeType>offset</AttributeType><IsRequired>false</IsRequired><Value i:nil="true"/></Attribute></Attributes><ChildElements/><ElementName>mimic</ElementName><required>false</required><JointNameAttribute z:Ref="i601"/><MultiplierAttribute z:Ref="i602"/><OffsetAttribute z:Ref="i603"/></URDFElement></ChildElements><ElementName>joint</ElementName><required>false</required><Axis z:Ref="i582"/><AxisName>right_front_shoulder_axis</AxisName><Calibration z:Ref="i589"/><Child z:Ref="i580"/><CoordinateSystemName>RF_shoulder_CS</CoordinateSystemName><Dynamics z:Ref="i592"/><Limit z:Ref="i584"/><Mimic z:Ref="i600"/><NameAttribute z:Ref="i573"/><Origin z:Ref="i575"/><Parent z:Ref="i578"/><Safety z:Ref="i595"/><TypeAttribute z:Ref="i574"/></URDFElement></ChildElements><ElementName>link</ElementName><required>true</required><Children><Link z:Id="i604"><Attributes><Attribute z:Id="i605"><AttributeType>name</AttributeType><IsRequired>true</IsRequired><Value i:type="a:string" xmlns:a="http://www.w3.org/2001/XMLSchema">RFcalf</Value></Attribute></Attributes><ChildElements><URDFElement z:Id="i606" i:type="Inertial"><Attributes/><ChildElements><URDFElement z:Id="i607" i:type="Origin"><Attributes><Attribute z:Id="i608"><AttributeType>xyz</AttributeType><IsRequired>true</IsRequired><Value i:type="a:ArrayOfdouble" xmlns:a="http://schemas.microsoft.com/2003/10/Serialization/Arrays"><a:double>0.045638923673707366</a:double><a:double>-0.072926852129632458</a:double><a:double>-6.3309357756224927E-12</a:double></Value></Attribute><Attribute z:Id="i609"><AttributeType>rpy</AttributeType><IsRequired>true</IsRequired><Value i:type="a:ArrayOfdouble" xmlns:a="http://schemas.microsoft.com/2003/10/Serialization/Arrays"><a:double>0</a:double><a:double>0</a:double><a:double>0</a:double></Value></Attribute></Attributes><ChildElements/><ElementName>origin</ElementName><required>false</required><RPYAttribute z:Ref="i609"/><XYZAttribute z:Ref="i608"/><isCustomized>false</isCustomized></URDFElement><URDFElement z:Id="i610" i:type="Mass"><Attributes><Attribute z:Id="i611"><AttributeType>value</AttributeType><IsRequired>true</IsRequired><Value i:type="a:double" xmlns:a="http://www.w3.org/2001/XMLSchema">0.22012987304452564</Value></Attribute></Attributes><ChildElements/><ElementName>mass</ElementName><required>false</required><ValueAttribute z:Ref="i611"/></URDFElement><URDFElement z:Id="i612" i:type="Inertia"><Attributes><Attribute z:Id="i613"><AttributeType>ixx</AttributeType><IsRequired>true</IsRequired><Value i:type="a:double" xmlns:a="http://www.w3.org/2001/XMLSchema">0.0004975825482470981</Value></Attribute><Attribute z:Id="i614"><AttributeType>ixy</AttributeType><IsRequired>true</IsRequired><Value i:type="a:double" xmlns:a="http://www.w3.org/2001/XMLSchema">3.4958933968641032E-05</Value></Attribute><Attribute z:Id="i615"><AttributeType>ixz</AttributeType><IsRequired>true</IsRequired><Value i:type="a:double" xmlns:a="http://www.w3.org/2001/XMLSchema">2.0752307207730358E-20</Value></Attribute><Attribute z:Id="i616"><AttributeType>iyy</AttributeType><IsRequired>true</IsRequired><Value i:type="a:double" xmlns:a="http://www.w3.org/2001/XMLSchema">5.8749791418321587E-05</Value></Attribute><Attribute z:Id="i617"><AttributeType>iyz</AttributeType><IsRequired>true</IsRequired><Value i:type="a:double" xmlns:a="http://www.w3.org/2001/XMLSchema">-2.422514229147299E-19</Value></Attribute><Attribute z:Id="i618"><AttributeType>izz</AttributeType><IsRequired>true</IsRequired><Value i:type="a:double" xmlns:a="http://www.w3.org/2001/XMLSchema">0.00049943663709033016</Value></Attribute></Attributes><ChildElements/><ElementName>inertia</ElementName><required>false</required><IxxAttribute z:Ref="i613"/><IxyAttribute z:Ref="i614"/><IxzAttribute z:Ref="i615"/><IyyAttribute z:Ref="i616"/><IyzAttribute z:Ref="i617"/><IzzAttribute z:Ref="i618"/></URDFElement></ChildElements><ElementName>inertial</ElementName><required>false</required><Inertia z:Ref="i612"/><Mass z:Ref="i610"/><Origin z:Ref="i607"/></URDFElement><URDFElement z:Id="i619" i:type="Visual"><Attributes/><ChildElements><URDFElement z:Id="i620" i:type="Origin"><Attributes><Attribute z:Id="i621"><AttributeType>xyz</AttributeType><IsRequired>true</IsRequired><Value i:type="a:ArrayOfdouble" xmlns:a="http://schemas.microsoft.com/2003/10/Serialization/Arrays"><a:double>0</a:double><a:double>0</a:double><a:double>0</a:double></Value></Attribute><Attribute z:Id="i622"><AttributeType>rpy</AttributeType><IsRequired>true</IsRequired><Value i:type="a:ArrayOfdouble" xmlns:a="http://schemas.microsoft.com/2003/10/Serialization/Arrays"><a:double>0</a:double><a:double>0</a:double><a:double>0</a:double></Value></Attribute></Attributes><ChildElements/><ElementName>origin</ElementName><required>false</required><RPYAttribute z:Ref="i622"/><XYZAttribute z:Ref="i621"/><isCustomized>false</isCustomized></URDFElement><URDFElement z:Id="i623" i:type="Geometry"><Attributes/><ChildElements><URDFElement z:Id="i624" i:type="Mesh"><Attributes><Attribute z:Id="i625"><AttributeType>filename</AttributeType><IsRequired>true</IsRequired><Value i:nil="true"/></Attribute></Attributes><ChildElements/><ElementName>mesh</ElementName><required>false</required><FilenameAttribute z:Ref="i625"/></URDFElement></ChildElements><ElementName>geometry</ElementName><required>true</required><Mesh z:Ref="i624"/></URDFElement><URDFElement z:Id="i626" i:type="Material"><Attributes><Attribute z:Id="i627"><AttributeType>name</AttributeType><IsRequired>true</IsRequired><Value i:type="a:string" xmlns:a="http://www.w3.org/2001/XMLSchema"/></Attribute></Attributes><ChildElements><URDFElement z:Id="i628" i:type="Color"><Attributes><Attribute z:Id="i629"><AttributeType>rgba</AttributeType><IsRequired>true</IsRequired><Value i:type="a:ArrayOfdouble" xmlns:a="http://schemas.microsoft.com/2003/10/Serialization/Arrays"><a:double>0.792156862745098</a:double><a:double>0.81960784313725488</a:double><a:double>0.93333333333333335</a:double><a:double>1</a:double></Value></Attribute></Attributes><ChildElements/><ElementName>color</ElementName><required>false</required><RGBAAttribute z:Ref="i629"/></URDFElement><URDFElement z:Id="i630" i:type="Texture"><Attributes><Attribute z:Id="i631"><AttributeType>filename</AttributeType><IsRequired>true</IsRequired><Value i:nil="true"/></Attribute></Attributes><ChildElements/><ElementName>texture</ElementName><required>false</required><FilenameAttribute z:Ref="i631"/><wFilename/></URDFElement></ChildElements><ElementName>material</ElementName><required>false</required><Color z:Ref="i628"/><NameAttribute z:Ref="i627"/><Texture z:Ref="i630"/></URDFElement></ChildElements><ElementName>visual</ElementName><required>false</required><Geometry z:Ref="i623"/><Material z:Ref="i626"/><Origin z:Ref="i620"/></URDFElement><URDFElement z:Id="i632" i:type="Collision"><Attributes/><ChildElements><URDFElement z:Id="i633" i:type="Origin"><Attributes><Attribute z:Id="i634"><AttributeType>xyz</AttributeType><IsRequired>true</IsRequired><Value i:type="a:ArrayOfdouble" xmlns:a="http://schemas.microsoft.com/2003/10/Serialization/Arrays"><a:double>0</a:double><a:double>0</a:double><a:double>0</a:double></Value></Attribute><Attribute z:Id="i635"><AttributeType>rpy</AttributeType><IsRequired>true</IsRequired><Value i:type="a:ArrayOfdouble" xmlns:a="http://schemas.microsoft.com/2003/10/Serialization/Arrays"><a:double>0</a:double><a:double>0</a:double><a:double>0</a:double></Value></Attribute></Attributes><ChildElements/><ElementName>origin</ElementName><required>false</required><RPYAttribute z:Ref="i635"/><XYZAttribute z:Ref="i634"/><isCustomized>false</isCustomized></URDFElement><URDFElement z:Id="i636" i:type="Geometry"><Attributes/><ChildElements><URDFElement z:Id="i637" i:type="Mesh"><Attributes><Attribute z:Id="i638"><AttributeType>filename</AttributeType><IsRequired>true</IsRequired><Value i:nil="true"/></Attribute></Attributes><ChildElements/><ElementName>mesh</ElementName><required>false</required><FilenameAttribute z:Ref="i638"/></URDFElement></ChildElements><ElementName>geometry</ElementName><required>true</required><Mesh z:Ref="i637"/></URDFElement></ChildElements><ElementName>collision</ElementName><required>false</required><Geometry z:Ref="i636"/><Origin z:Ref="i633"/></URDFElement><URDFElement z:Id="i639" i:type="Joint"><Attributes><Attribute z:Id="i640"><AttributeType>name</AttributeType><IsRequired>true</IsRequired><Value i:type="a:string" xmlns:a="http://www.w3.org/2001/XMLSchema">RFknee</Value></Attribute><Attribute z:Id="i641"><AttributeType>type</AttributeType><IsRequired>true</IsRequired><Value i:type="a:string" xmlns:a="http://www.w3.org/2001/XMLSchema">revolute</Value></Attribute></Attributes><ChildElements><URDFElement z:Id="i642" i:type="Origin"><Attributes><Attribute z:Id="i643"><AttributeType>xyz</AttributeType><IsRequired>true</IsRequired><Value i:type="a:ArrayOfdouble" xmlns:a="http://schemas.microsoft.com/2003/10/Serialization/Arrays"><a:double>-0.0688982914538071</a:double><a:double>-0.13574108897487253</a:double><a:double>-0.0047015487332202621</a:double></Value></Attribute><Attribute z:Id="i644"><AttributeType>rpy</AttributeType><IsRequired>true</IsRequired><Value i:type="a:ArrayOfdouble" xmlns:a="http://schemas.microsoft.com/2003/10/Serialization/Arrays"><a:double>1.2644864677079013</a:double><a:double>0.0827040505719773</a:double><a:double>-0.026120523015000573</a:double></Value></Attribute></Attributes><ChildElements/><ElementName>origin</ElementName><required>false</required><RPYAttribute z:Ref="i644"/><XYZAttribute z:Ref="i643"/><isCustomized>false</isCustomized></URDFElement><URDFElement z:Id="i645" i:type="ParentLink"><Attributes><Attribute z:Id="i646"><AttributeType>link</AttributeType><IsRequired>true</IsRequired><Value i:type="a:string" xmlns:a="http://www.w3.org/2001/XMLSchema">RFthigh</Value></Attribute></Attributes><ChildElements/><ElementName>parent</ElementName><required>true</required><NameAttribute z:Ref="i646"/></URDFElement><URDFElement z:Id="i647" i:type="ChildLink"><Attributes><Attribute z:Id="i648"><AttributeType>link</AttributeType><IsRequired>true</IsRequired><Value i:type="a:string" xmlns:a="http://www.w3.org/2001/XMLSchema">RFcalf</Value></Attribute></Attributes><ChildElements/><ElementName>child</ElementName><required>true</required><NameAttribute z:Ref="i648"/></URDFElement><URDFElement z:Id="i649" i:type="Axis"><Attributes><Attribute z:Id="i650"><AttributeType>xyz</AttributeType><IsRequired>true</IsRequired><Value i:type="a:ArrayOfdouble" xmlns:a="http://schemas.microsoft.com/2003/10/Serialization/Arrays"><a:double>0.9962420134404969</a:double><a:double>0.086613224486937174</a:double><a:double>0</a:double></Value></Attribute></Attributes><ChildElements/><ElementName>axis</ElementName><required>false</required><XYZAttribute z:Ref="i650"/></URDFElement><URDFElement z:Id="i651" i:type="Limit"><Attributes><Attribute z:Id="i652"><AttributeType>lower</AttributeType><IsRequired>true</IsRequired><Value i:type="a:double" xmlns:a="http://www.w3.org/2001/XMLSchema">0</Value></Attribute><Attribute z:Id="i653"><AttributeType>upper</AttributeType><IsRequired>true</IsRequired><Value i:type="a:double" xmlns:a="http://www.w3.org/2001/XMLSchema">6.2832</Value></Attribute><Attribute z:Id="i654"><AttributeType>effort</AttributeType><IsRequired>true</IsRequired><Value i:type="a:double" xmlns:a="http://www.w3.org/2001/XMLSchema">100</Value></Attribute><Attribute z:Id="i655"><AttributeType>velocity</AttributeType><IsRequired>true</IsRequired><Value i:type="a:double" xmlns:a="http://www.w3.org/2001/XMLSchema">2</Value></Attribute></Attributes><ChildElements/><ElementName>limit</ElementName><required>true</required><EffortAttribute z:Ref="i654"/><LowerAttribute z:Ref="i652"/><UpperAttribute z:Ref="i653"/><VelocityAttribute z:Ref="i655"/></URDFElement><URDFElement z:Id="i656" i:type="Calibration"><Attributes><Attribute z:Id="i657"><AttributeType>rising</AttributeType><IsRequired>false</IsRequired><Value i:nil="true"/></Attribute><Attribute z:Id="i658"><AttributeType>falling</AttributeType><IsRequired>false</IsRequired><Value i:nil="true"/></Attribute></Attributes><ChildElements/><ElementName>calibration</ElementName><required>false</required><FallingAttribute z:Ref="i658"/><RisingAttribute z:Ref="i657"/></URDFElement><URDFElement z:Id="i659" i:type="Dynamics"><Attributes><Attribute z:Id="i660"><AttributeType>damping</AttributeType><IsRequired>false</IsRequired><Value i:nil="true"/></Attribute><Attribute z:Id="i661"><AttributeType>friction</AttributeType><IsRequired>false</IsRequired><Value i:nil="true"/></Attribute></Attributes><ChildElements/><ElementName>dynamics</ElementName><required>false</required><DampingAttribute z:Ref="i660"/><FrictionAttribute z:Ref="i661"/></URDFElement><URDFElement z:Id="i662" i:type="SafetyController"><Attributes><Attribute z:Id="i663"><AttributeType>soft_upper_limit</AttributeType><IsRequired>false</IsRequired><Value i:nil="true"/></Attribute><Attribute z:Id="i664"><AttributeType>soft_lower_limit</AttributeType><IsRequired>false</IsRequired><Value i:nil="true"/></Attribute><Attribute z:Id="i665"><AttributeType>k_position</AttributeType><IsRequired>false</IsRequired><Value i:nil="true"/></Attribute><Attribute z:Id="i666"><AttributeType>k_velocity</AttributeType><IsRequired>true</IsRequired><Value i:nil="true"/></Attribute></Attributes><ChildElements/><ElementName>safety_controller</ElementName><required>false</required><KPositionAttribute z:Ref="i665"/><KVelocityAttribute z:Ref="i666"/><SoftLowerAttribute z:Ref="i664"/><SoftUpperAttribute z:Ref="i663"/></URDFElement><URDFElement z:Id="i667" i:type="Mimic"><Attributes><Attribute z:Id="i668"><AttributeType>joint</AttributeType><IsRequired>true</IsRequired><Value i:nil="true"/></Attribute><Attribute z:Id="i669"><AttributeType>multiplier</AttributeType><IsRequired>false</IsRequired><Value i:nil="true"/></Attribute><Attribute z:Id="i670"><AttributeType>offset</AttributeType><IsRequired>false</IsRequired><Value i:nil="true"/></Attribute></Attributes><ChildElements/><ElementName>mimic</ElementName><required>false</required><JointNameAttribute z:Ref="i668"/><MultiplierAttribute z:Ref="i669"/><OffsetAttribute z:Ref="i670"/></URDFElement></ChildElements><ElementName>joint</ElementName><required>false</required><Axis z:Ref="i649"/><AxisName>right1_front_knee_axis</AxisName><Calibration z:Ref="i656"/><Child z:Ref="i647"/><CoordinateSystemName>RF_knee_CS</CoordinateSystemName><Dynamics z:Ref="i659"/><Limit z:Ref="i651"/><Mimic z:Ref="i667"/><NameAttribute z:Ref="i640"/><Origin z:Ref="i642"/><Parent z:Ref="i645"/><Safety z:Ref="i662"/><TypeAttribute z:Ref="i641"/></URDFElement></ChildElements><ElementName>link</ElementName><required>true</required><Children/><Collision z:Ref="i632"/><Inertial z:Ref="i606"/><Joint z:Ref="i639"/><NameAttribute z:Ref="i605"/><Parent z:Ref="i537"/><STLQualityFine>false</STLQualityFine><SWComponentPIDs xmlns:a="http://schemas.microsoft.com/2003/10/Serialization/Arrays"><a:base64Binary>UEYAAAUAAAD//v8yTABlAGcAbQBpAHIAcgBvAHIALQA0AEAAYgBvAGQAeQAgAHAAawAvAEwAZQBmAHQALQBOAEUAVwAgAEwATwBXAEUAUgAgAEwARQBHAC0AMgBAAEwAZQBnAG0AaQByAHIAbwByAAQAAAAQAAAAAQAAAAIAAABLBwAApQAAAA==</a:base64Binary><a:base64Binary>UEYAAAUAAAD//v8wTABlAGcAbQBpAHIAcgBvAHIALQA0AEAAYgBvAGQAeQAgAHAAawAvAEwAZQBmAHQALQBsAG8AdwBlAHIAIABsAGUAZwAgADIALQAyAEAATABlAGcAbQBpAHIAcgBvAHIABAAAABAAAAABAAAAAgAAAEsHAACjAAAA</a:base64Binary></SWComponentPIDs><SWMainComponentPID i:nil="true"/><Visual z:Ref="i619"/><isFixedFrame>false</isFixedFrame><isIncomplete>false</isIncomplete></Link></Children><Collision z:Ref="i565"/><Inertial z:Ref="i539"/><Joint z:Ref="i572"/><NameAttribute z:Ref="i538"/><Parent z:Ref="i470"/><STLQualityFine>false</STLQualityFine><SWComponentPIDs xmlns:a="http://schemas.microsoft.com/2003/10/Serialization/Arrays"><a:base64Binary>UEYAAAUAAAD//v8rTABlAGcAbQBpAHIAcgBvAHIALQA0AEAAYgBvAGQAeQAgAHAAawAvAEwAZQBmAHQALQB1AHAAIABsAGUAZwAtADIAQABMAGUAZwBtAGkAcgByAG8AcgAEAAAAEAAAAAEAAAACAAAASwcAAKEAAAA=</a:base64Binary></SWComponentPIDs><SWMainComponentPID i:nil="true"/><Visual z:Ref="i552"/><isFixedFrame>false</isFixedFrame><isIncomplete>false</isIncomplete></Link></Children><Collision z:Ref="i498"/><Inertial z:Ref="i472"/><Joint z:Ref="i505"/><NameAttribute z:Ref="i471"/><Parent z:Ref="i1"/><STLQualityFine>false</STLQualityFine><SWComponentPIDs xmlns:a="http://schemas.microsoft.com/2003/10/Serialization/Arrays"><a:base64Binary>UEYAAAUAAAD//v9QTABlAGcAbQBpAHIAcgBvAHIALQA0AEAAYgBvAGQAeQAgAHAAawAvAEwAZQBmAHQALQBzAGgAbwB1AGwAZABlAHIALQAyAEAATABlAGcAbQBpAHIAcgBvAHIALwBMAGUAZgB0AC0AcwBoAG8AdQBsAGQAZQByACAAcABhAHIAdAAtADEAQABMAGUAZgB0AC0AcwBoAG8AdQBsAGQAZQByAAQAAAAQAAAAAQAAAAMAAABLBwAAogAAABwAAAA=</a:base64Binary></SWComponentPIDs><SWMainComponentPID i:nil="true"/><Visual z:Ref="i485"/><isFixedFrame>false</isFixedFrame><isIncomplete>false</isIncomplete></Link><Link z:Id="i671"><Attributes><Attribute z:Id="i672"><AttributeType>name</AttributeType><IsRequired>true</IsRequired><Value i:type="a:string" xmlns:a="http://www.w3.org/2001/XMLSchema">RRshoulder</Value></Attribute></Attributes><ChildElements><URDFElement z:Id="i673" i:type="Inertial"><Attributes/><ChildElements><URDFElement z:Id="i674" i:type="Origin"><Attributes><Attribute z:Id="i675"><AttributeType>xyz</AttributeType><IsRequired>true</IsRequired><Value i:type="a:ArrayOfdouble" xmlns:a="http://schemas.microsoft.com/2003/10/Serialization/Arrays"><a:double>-0.0069792119094787</a:double><a:double>0.0012048295504288875</a:double><a:double>-0.05300448355347176</a:double></Value></Attribute><Attribute z:Id="i676"><AttributeType>rpy</AttributeType><IsRequired>true</IsRequired><Value i:type="a:ArrayOfdouble" xmlns:a="http://schemas.microsoft.com/2003/10/Serialization/Arrays"><a:double>0</a:double><a:double>0</a:double><a:double>0</a:double></Value></Attribute></Attributes><ChildElements/><ElementName>origin</ElementName><required>false</required><RPYAttribute z:Ref="i676"/><XYZAttribute z:Ref="i675"/><isCustomized>false</isCustomized></URDFElement><URDFElement z:Id="i677" i:type="Mass"><Attributes><Attribute z:Id="i678"><AttributeType>value</AttributeType><IsRequired>true</IsRequired><Value i:type="a:double" xmlns:a="http://www.w3.org/2001/XMLSchema">0.10711331634775587</Value></Attribute></Attributes><ChildElements/><ElementName>mass</ElementName><required>false</required><ValueAttribute z:Ref="i678"/></URDFElement><URDFElement z:Id="i679" i:type="Inertia"><Attributes><Attribute z:Id="i680"><AttributeType>ixx</AttributeType><IsRequired>true</IsRequired><Value i:type="a:double" xmlns:a="http://www.w3.org/2001/XMLSchema">5.1818396204827292E-05</Value></Attribute><Attribute z:Id="i681"><AttributeType>ixy</AttributeType><IsRequired>true</IsRequired><Value i:type="a:double" xmlns:a="http://www.w3.org/2001/XMLSchema">-2.9074713495354619E-06</Value></Attribute><Attribute z:Id="i682"><AttributeType>ixz</AttributeType><IsRequired>true</IsRequired><Value i:type="a:double" xmlns:a="http://www.w3.org/2001/XMLSchema">2.7636533141014167E-06</Value></Attribute><Attribute z:Id="i683"><AttributeType>iyy</AttributeType><IsRequired>true</IsRequired><Value i:type="a:double" xmlns:a="http://www.w3.org/2001/XMLSchema">3.9028189648603848E-05</Value></Attribute><Attribute z:Id="i684"><AttributeType>iyz</AttributeType><IsRequired>true</IsRequired><Value i:type="a:double" xmlns:a="http://www.w3.org/2001/XMLSchema">-2.5578377048016022E-06</Value></Attribute><Attribute z:Id="i685"><AttributeType>izz</AttributeType><IsRequired>true</IsRequired><Value i:type="a:double" xmlns:a="http://www.w3.org/2001/XMLSchema">4.7122916669727518E-05</Value></Attribute></Attributes><ChildElements/><ElementName>inertia</ElementName><required>false</required><IxxAttribute z:Ref="i680"/><IxyAttribute z:Ref="i681"/><IxzAttribute z:Ref="i682"/><IyyAttribute z:Ref="i683"/><IyzAttribute z:Ref="i684"/><IzzAttribute z:Ref="i685"/></URDFElement></ChildElements><ElementName>inertial</ElementName><required>false</required><Inertia z:Ref="i679"/><Mass z:Ref="i677"/><Origin z:Ref="i674"/></URDFElement><URDFElement z:Id="i686" i:type="Visual"><Attributes/><ChildElements><URDFElement z:Id="i687" i:type="Origin"><Attributes><Attribute z:Id="i688"><AttributeType>xyz</AttributeType><IsRequired>true</IsRequired><Value i:type="a:ArrayOfdouble" xmlns:a="http://schemas.microsoft.com/2003/10/Serialization/Arrays"><a:double>0</a:double><a:double>0</a:double><a:double>0</a:double></Value></Attribute><Attribute z:Id="i689"><AttributeType>rpy</AttributeType><IsRequired>true</IsRequired><Value i:type="a:ArrayOfdouble" xmlns:a="http://schemas.microsoft.com/2003/10/Serialization/Arrays"><a:double>0</a:double><a:double>0</a:double><a:double>0</a:double></Value></Attribute></Attributes><ChildElements/><ElementName>origin</ElementName><required>false</required><RPYAttribute z:Ref="i689"/><XYZAttribute z:Ref="i688"/><isCustomized>false</isCustomized></URDFElement><URDFElement z:Id="i690" i:type="Geometry"><Attributes/><ChildElements><URDFElement z:Id="i691" i:type="Mesh"><Attributes><Attribute z:Id="i692"><AttributeType>filename</AttributeType><IsRequired>true</IsRequired><Value i:nil="true"/></Attribute></Attributes><ChildElements/><ElementName>mesh</ElementName><required>false</required><FilenameAttribute z:Ref="i692"/></URDFElement></ChildElements><ElementName>geometry</ElementName><required>true</required><Mesh z:Ref="i691"/></URDFElement><URDFElement z:Id="i693" i:type="Material"><Attributes><Attribute z:Id="i694"><AttributeType>name</AttributeType><IsRequired>true</IsRequired><Value i:type="a:string" xmlns:a="http://www.w3.org/2001/XMLSchema"/></Attribute></Attributes><ChildElements><URDFElement z:Id="i695" i:type="Color"><Attributes><Attribute z:Id="i696"><AttributeType>rgba</AttributeType><IsRequired>true</IsRequired><Value i:type="a:ArrayOfdouble" xmlns:a="http://schemas.microsoft.com/2003/10/Serialization/Arrays"><a:double>0.62745098039215685</a:double><a:double>0.62745098039215685</a:double><a:double>0.62745098039215685</a:double><a:double>1</a:double></Value></Attribute></Attributes><ChildElements/><ElementName>color</ElementName><required>false</required><RGBAAttribute z:Ref="i696"/></URDFElement><URDFElement z:Id="i697" i:type="Texture"><Attributes><Attribute z:Id="i698"><AttributeType>filename</AttributeType><IsRequired>true</IsRequired><Value i:nil="true"/></Attribute></Attributes><ChildElements/><ElementName>texture</ElementName><required>false</required><FilenameAttribute z:Ref="i698"/><wFilename/></URDFElement></ChildElements><ElementName>material</ElementName><required>false</required><Color z:Ref="i695"/><NameAttribute z:Ref="i694"/><Texture z:Ref="i697"/></URDFElement></ChildElements><ElementName>visual</ElementName><required>false</required><Geometry z:Ref="i690"/><Material z:Ref="i693"/><Origin z:Ref="i687"/></URDFElement><URDFElement z:Id="i699" i:type="Collision"><Attributes/><ChildElements><URDFElement z:Id="i700" i:type="Origin"><Attributes><Attribute z:Id="i701"><AttributeType>xyz</AttributeType><IsRequired>true</IsRequired><Value i:type="a:ArrayOfdouble" xmlns:a="http://schemas.microsoft.com/2003/10/Serialization/Arrays"><a:double>0</a:double><a:double>0</a:double><a:double>0</a:double></Value></Attribute><Attribute z:Id="i702"><AttributeType>rpy</AttributeType><IsRequired>true</IsRequired><Value i:type="a:ArrayOfdouble" xmlns:a="http://schemas.microsoft.com/2003/10/Serialization/Arrays"><a:double>0</a:double><a:double>0</a:double><a:double>0</a:double></Value></Attribute></Attributes><ChildElements/><ElementName>origin</ElementName><required>false</required><RPYAttribute z:Ref="i702"/><XYZAttribute z:Ref="i701"/><isCustomized>false</isCustomized></URDFElement><URDFElement z:Id="i703" i:type="Geometry"><Attributes/><ChildElements><URDFElement z:Id="i704" i:type="Mesh"><Attributes><Attribute z:Id="i705"><AttributeType>filename</AttributeType><IsRequired>true</IsRequired><Value i:nil="true"/></Attribute></Attributes><ChildElements/><ElementName>mesh</ElementName><required>false</required><FilenameAttribute z:Ref="i705"/></URDFElement></ChildElements><ElementName>geometry</ElementName><required>true</required><Mesh z:Ref="i704"/></URDFElement></ChildElements><ElementName>collision</ElementName><required>false</required><Geometry z:Ref="i703"/><Origin z:Ref="i700"/></URDFElement><URDFElement z:Id="i706" i:type="Joint"><Attributes><Attribute z:Id="i707"><AttributeType>name</AttributeType><IsRequired>true</IsRequired><Value i:type="a:string" xmlns:a="http://www.w3.org/2001/XMLSchema">RRshoulder1</Value></Attribute><Attribute z:Id="i708"><AttributeType>type</AttributeType><IsRequired>true</IsRequired><Value i:type="a:string" xmlns:a="http://www.w3.org/2001/XMLSchema">revolute</Value></Attribute></Attributes><ChildElements><URDFElement z:Id="i709" i:type="Origin"><Attributes><Attribute z:Id="i710"><AttributeType>xyz</AttributeType><IsRequired>true</IsRequired><Value i:type="a:ArrayOfdouble" xmlns:a="http://schemas.microsoft.com/2003/10/Serialization/Arrays"><a:double>0.741284184940541</a:double><a:double>-1.6026782718737367</a:double><a:double>0.93582698245376694</a:double></Value></Attribute><Attribute z:Id="i711"><AttributeType>rpy</AttributeType><IsRequired>true</IsRequired><Value i:type="a:ArrayOfdouble" xmlns:a="http://schemas.microsoft.com/2003/10/Serialization/Arrays"><a:double>1.5707963267948966</a:double><a:double>-0.0019797424334105</a:double><a:double>0</a:double></Value></Attribute></Attributes><ChildElements/><ElementName>origin</ElementName><required>false</required><RPYAttribute z:Ref="i711"/><XYZAttribute z:Ref="i710"/><isCustomized>false</isCustomized></URDFElement><URDFElement z:Id="i712" i:type="ParentLink"><Attributes><Attribute z:Id="i713"><AttributeType>link</AttributeType><IsRequired>true</IsRequired><Value i:type="a:string" xmlns:a="http://www.w3.org/2001/XMLSchema">Body</Value></Attribute></Attributes><ChildElements/><ElementName>parent</ElementName><required>true</required><NameAttribute z:Ref="i713"/></URDFElement><URDFElement z:Id="i714" i:type="ChildLink"><Attributes><Attribute z:Id="i715"><AttributeType>link</AttributeType><IsRequired>true</IsRequired><Value i:type="a:string" xmlns:a="http://www.w3.org/2001/XMLSchema">RRshoulder</Value></Attribute></Attributes><ChildElements/><ElementName>child</ElementName><required>true</required><NameAttribute z:Ref="i715"/></URDFElement><URDFElement z:Id="i716" i:type="Axis"><Attributes><Attribute z:Id="i717"><AttributeType>xyz</AttributeType><IsRequired>true</IsRequired><Value i:type="a:ArrayOfdouble" xmlns:a="http://schemas.microsoft.com/2003/10/Serialization/Arrays"><a:double>0</a:double><a:double>0</a:double><a:double>1</a:double></Value></Attribute></Attributes><ChildElements/><ElementName>axis</ElementName><required>false</required><XYZAttribute z:Ref="i717"/></URDFElement><URDFElement z:Id="i718" i:type="Limit"><Attributes><Attribute z:Id="i719"><AttributeType>lower</AttributeType><IsRequired>true</IsRequired><Value i:type="a:double" xmlns:a="http://www.w3.org/2001/XMLSchema">0</Value></Attribute><Attribute z:Id="i720"><AttributeType>upper</AttributeType><IsRequired>true</IsRequired><Value i:type="a:double" xmlns:a="http://www.w3.org/2001/XMLSchema">6.2832</Value></Attribute><Attribute z:Id="i721"><AttributeType>effort</AttributeType><IsRequired>true</IsRequired><Value i:type="a:double" xmlns:a="http://www.w3.org/2001/XMLSchema">100</Value></Attribute><Attribute z:Id="i722"><AttributeType>velocity</AttributeType><IsRequired>true</IsRequired><Value i:type="a:double" xmlns:a="http://www.w3.org/2001/XMLSchema">2</Value></Attribute></Attributes><ChildElements/><ElementName>limit</ElementName><required>true</required><EffortAttribute z:Ref="i721"/><LowerAttribute z:Ref="i719"/><UpperAttribute z:Ref="i720"/><VelocityAttribute z:Ref="i722"/></URDFElement><URDFElement z:Id="i723" i:type="Calibration"><Attributes><Attribute z:Id="i724"><AttributeType>rising</AttributeType><IsRequired>false</IsRequired><Value i:nil="true"/></Attribute><Attribute z:Id="i725"><AttributeType>falling</AttributeType><IsRequired>false</IsRequired><Value i:nil="true"/></Attribute></Attributes><ChildElements/><ElementName>calibration</ElementName><required>false</required><FallingAttribute z:Ref="i725"/><RisingAttribute z:Ref="i724"/></URDFElement><URDFElement z:Id="i726" i:type="Dynamics"><Attributes><Attribute z:Id="i727"><AttributeType>damping</AttributeType><IsRequired>false</IsRequired><Value i:nil="true"/></Attribute><Attribute z:Id="i728"><AttributeType>friction</AttributeType><IsRequired>false</IsRequired><Value i:nil="true"/></Attribute></Attributes><ChildElements/><ElementName>dynamics</ElementName><required>false</required><DampingAttribute z:Ref="i727"/><FrictionAttribute z:Ref="i728"/></URDFElement><URDFElement z:Id="i729" i:type="SafetyController"><Attributes><Attribute z:Id="i730"><AttributeType>soft_upper_limit</AttributeType><IsRequired>false</IsRequired><Value i:nil="true"/></Attribute><Attribute z:Id="i731"><AttributeType>soft_lower_limit</AttributeType><IsRequired>false</IsRequired><Value i:nil="true"/></Attribute><Attribute z:Id="i732"><AttributeType>k_position</AttributeType><IsRequired>false</IsRequired><Value i:nil="true"/></Attribute><Attribute z:Id="i733"><AttributeType>k_velocity</AttributeType><IsRequired>true</IsRequired><Value i:nil="true"/></Attribute></Attributes><ChildElements/><ElementName>safety_controller</ElementName><required>false</required><KPositionAttribute z:Ref="i732"/><KVelocityAttribute z:Ref="i733"/><SoftLowerAttribute z:Ref="i731"/><SoftUpperAttribute z:Ref="i730"/></URDFElement><URDFElement z:Id="i734" i:type="Mimic"><Attributes><Attribute z:Id="i735"><AttributeType>joint</AttributeType><IsRequired>true</IsRequired><Value i:nil="true"/></Attribute><Attribute z:Id="i736"><AttributeType>multiplier</AttributeType><IsRequired>false</IsRequired><Value i:nil="true"/></Attribute><Attribute z:Id="i737"><AttributeType>offset</AttributeType><IsRequired>false</IsRequired><Value i:nil="true"/></Attribute></Attributes><ChildElements/><ElementName>mimic</ElementName><required>false</required><JointNameAttribute z:Ref="i735"/><MultiplierAttribute z:Ref="i736"/><OffsetAttribute z:Ref="i737"/></URDFElement></ChildElements><ElementName>joint</ElementName><required>false</required><Axis z:Ref="i716"/><AxisName>RR_shoulder1_axis</AxisName><Calibration z:Ref="i723"/><Child z:Ref="i714"/><CoordinateSystemName>RR_shoulder1_CS</CoordinateSystemName><Dynamics z:Ref="i726"/><Limit z:Ref="i718"/><Mimic z:Ref="i734"/><NameAttribute z:Ref="i707"/><Origin z:Ref="i709"/><Parent z:Ref="i712"/><Safety z:Ref="i729"/><TypeAttribute z:Ref="i708"/></URDFElement></ChildElements><ElementName>link</ElementName><required>true</required><Children><Link z:Id="i738"><Attributes><Attribute z:Id="i739"><AttributeType>name</AttributeType><IsRequired>true</IsRequired><Value i:type="a:string" xmlns:a="http://www.w3.org/2001/XMLSchema">RRthigh</Value></Attribute></Attributes><ChildElements><URDFElement z:Id="i740" i:type="Inertial"><Attributes/><ChildElements><URDFElement z:Id="i741" i:type="Origin"><Attributes><Attribute z:Id="i742"><AttributeType>xyz</AttributeType><IsRequired>true</IsRequired><Value i:type="a:ArrayOfdouble" xmlns:a="http://schemas.microsoft.com/2003/10/Serialization/Arrays"><a:double>-0.025429922758383516</a:double><a:double>-0.056025348321110724</a:double><a:double>-0.0015946497291525752</a:double></Value></Attribute><Attribute z:Id="i743"><AttributeType>rpy</AttributeType><IsRequired>true</IsRequired><Value i:type="a:ArrayOfdouble" xmlns:a="http://schemas.microsoft.com/2003/10/Serialization/Arrays"><a:double>0</a:double><a:double>0</a:double><a:double>0</a:double></Value></Attribute></Attributes><ChildElements/><ElementName>origin</ElementName><required>false</required><RPYAttribute z:Ref="i743"/><XYZAttribute z:Ref="i742"/><isCustomized>false</isCustomized></URDFElement><URDFElement z:Id="i744" i:type="Mass"><Attributes><Attribute z:Id="i745"><AttributeType>value</AttributeType><IsRequired>true</IsRequired><Value i:type="a:double" xmlns:a="http://www.w3.org/2001/XMLSchema">0.14258506687100436</Value></Attribute></Attributes><ChildElements/><ElementName>mass</ElementName><required>false</required><ValueAttribute z:Ref="i745"/></URDFElement><URDFElement z:Id="i746" i:type="Inertia"><Attributes><Attribute z:Id="i747"><AttributeType>ixx</AttributeType><IsRequired>true</IsRequired><Value i:type="a:double" xmlns:a="http://www.w3.org/2001/XMLSchema">0.00032131878312024938</Value></Attribute><Attribute z:Id="i748"><AttributeType>ixy</AttributeType><IsRequired>true</IsRequired><Value i:type="a:double" xmlns:a="http://www.w3.org/2001/XMLSchema">2.4193867481351643E-06</Value></Attribute><Attribute z:Id="i749"><AttributeType>ixz</AttributeType><IsRequired>true</IsRequired><Value i:type="a:double" xmlns:a="http://www.w3.org/2001/XMLSchema">5.0018633645540324E-08</Value></Attribute><Attribute z:Id="i750"><AttributeType>iyy</AttributeType><IsRequired>true</IsRequired><Value i:type="a:double" xmlns:a="http://www.w3.org/2001/XMLSchema">3.389576034650753E-05</Value></Attribute><Attribute z:Id="i751"><AttributeType>iyz</AttributeType><IsRequired>true</IsRequired><Value i:type="a:double" xmlns:a="http://www.w3.org/2001/XMLSchema">-7.6738946515439143E-06</Value></Attribute><Attribute z:Id="i752"><AttributeType>izz</AttributeType><IsRequired>true</IsRequired><Value i:type="a:double" xmlns:a="http://www.w3.org/2001/XMLSchema">0.00031630607613926869</Value></Attribute></Attributes><ChildElements/><ElementName>inertia</ElementName><required>false</required><IxxAttribute z:Ref="i747"/><IxyAttribute z:Ref="i748"/><IxzAttribute z:Ref="i749"/><IyyAttribute z:Ref="i750"/><IyzAttribute z:Ref="i751"/><IzzAttribute z:Ref="i752"/></URDFElement></ChildElements><ElementName>inertial</ElementName><required>false</required><Inertia z:Ref="i746"/><Mass z:Ref="i744"/><Origin z:Ref="i741"/></URDFElement><URDFElement z:Id="i753" i:type="Visual"><Attributes/><ChildElements><URDFElement z:Id="i754" i:type="Origin"><Attributes><Attribute z:Id="i755"><AttributeType>xyz</AttributeType><IsRequired>true</IsRequired><Value i:type="a:ArrayOfdouble" xmlns:a="http://schemas.microsoft.com/2003/10/Serialization/Arrays"><a:double>0</a:double><a:double>0</a:double><a:double>0</a:double></Value></Attribute><Attribute z:Id="i756"><AttributeType>rpy</AttributeType><IsRequired>true</IsRequired><Value i:type="a:ArrayOfdouble" xmlns:a="http://schemas.microsoft.com/2003/10/Serialization/Arrays"><a:double>0</a:double><a:double>0</a:double><a:double>0</a:double></Value></Attribute></Attributes><ChildElements/><ElementName>origin</ElementName><required>false</required><RPYAttribute z:Ref="i756"/><XYZAttribute z:Ref="i755"/><isCustomized>false</isCustomized></URDFElement><URDFElement z:Id="i757" i:type="Geometry"><Attributes/><ChildElements><URDFElement z:Id="i758" i:type="Mesh"><Attributes><Attribute z:Id="i759"><AttributeType>filename</AttributeType><IsRequired>true</IsRequired><Value i:nil="true"/></Attribute></Attributes><ChildElements/><ElementName>mesh</ElementName><required>false</required><FilenameAttribute z:Ref="i759"/></URDFElement></ChildElements><ElementName>geometry</ElementName><required>true</required><Mesh z:Ref="i758"/></URDFElement><URDFElement z:Id="i760" i:type="Material"><Attributes><Attribute z:Id="i761"><AttributeType>name</AttributeType><IsRequired>true</IsRequired><Value i:type="a:string" xmlns:a="http://www.w3.org/2001/XMLSchema"/></Attribute></Attributes><ChildElements><URDFElement z:Id="i762" i:type="Color"><Attributes><Attribute z:Id="i763"><AttributeType>rgba</AttributeType><IsRequired>true</IsRequired><Value i:type="a:ArrayOfdouble" xmlns:a="http://schemas.microsoft.com/2003/10/Serialization/Arrays"><a:double>0.792156862745098</a:double><a:double>0.81960784313725488</a:double><a:double>0.93333333333333335</a:double><a:double>1</a:double></Value></Attribute></Attributes><ChildElements/><ElementName>color</ElementName><required>false</required><RGBAAttribute z:Ref="i763"/></URDFElement><URDFElement z:Id="i764" i:type="Texture"><Attributes><Attribute z:Id="i765"><AttributeType>filename</AttributeType><IsRequired>true</IsRequired><Value i:nil="true"/></Attribute></Attributes><ChildElements/><ElementName>texture</ElementName><required>false</required><FilenameAttribute z:Ref="i765"/><wFilename/></URDFElement></ChildElements><ElementName>material</ElementName><required>false</required><Color z:Ref="i762"/><NameAttribute z:Ref="i761"/><Texture z:Ref="i764"/></URDFElement></ChildElements><ElementName>visual</ElementName><required>false</required><Geometry z:Ref="i757"/><Material z:Ref="i760"/><Origin z:Ref="i754"/></URDFElement><URDFElement z:Id="i766" i:type="Collision"><Attributes/><ChildElements><URDFElement z:Id="i767" i:type="Origin"><Attributes><Attribute z:Id="i768"><AttributeType>xyz</AttributeType><IsRequired>true</IsRequired><Value i:type="a:ArrayOfdouble" xmlns:a="http://schemas.microsoft.com/2003/10/Serialization/Arrays"><a:double>0</a:double><a:double>0</a:double><a:double>0</a:double></Value></Attribute><Attribute z:Id="i769"><AttributeType>rpy</AttributeType><IsRequired>true</IsRequired><Value i:type="a:ArrayOfdouble" xmlns:a="http://schemas.microsoft.com/2003/10/Serialization/Arrays"><a:double>0</a:double><a:double>0</a:double><a:double>0</a:double></Value></Attribute></Attributes><ChildElements/><ElementName>origin</ElementName><required>false</required><RPYAttribute z:Ref="i769"/><XYZAttribute z:Ref="i768"/><isCustomized>false</isCustomized></URDFElement><URDFElement z:Id="i770" i:type="Geometry"><Attributes/><ChildElements><URDFElement z:Id="i771" i:type="Mesh"><Attributes><Attribute z:Id="i772"><AttributeType>filename</AttributeType><IsRequired>true</IsRequired><Value i:nil="true"/></Attribute></Attributes><ChildElements/><ElementName>mesh</ElementName><required>false</required><FilenameAttribute z:Ref="i772"/></URDFElement></ChildElements><ElementName>geometry</ElementName><required>true</required><Mesh z:Ref="i771"/></URDFElement></ChildElements><ElementName>collision</ElementName><required>false</required><Geometry z:Ref="i770"/><Origin z:Ref="i767"/></URDFElement><URDFElement z:Id="i773" i:type="Joint"><Attributes><Attribute z:Id="i774"><AttributeType>name</AttributeType><IsRequired>true</IsRequired><Value i:type="a:string" xmlns:a="http://www.w3.org/2001/XMLSchema">RRshoulder</Value></Attribute><Attribute z:Id="i775"><AttributeType>type</AttributeType><IsRequired>true</IsRequired><Value i:type="a:string" xmlns:a="http://www.w3.org/2001/XMLSchema">revolute</Value></Attribute></Attributes><ChildElements><URDFElement z:Id="i776" i:type="Origin"><Attributes><Attribute z:Id="i777"><AttributeType>xyz</AttributeType><IsRequired>true</IsRequired><Value i:type="a:ArrayOfdouble" xmlns:a="http://schemas.microsoft.com/2003/10/Serialization/Arrays"><a:double>0.030132747682069527</a:double><a:double>-0.02743363175703506</a:double><a:double>-0.054419879145551908</a:double></Value></Attribute><Attribute z:Id="i778"><AttributeType>rpy</AttributeType><IsRequired>true</IsRequired><Value i:type="a:ArrayOfdouble" xmlns:a="http://schemas.microsoft.com/2003/10/Serialization/Arrays"><a:double>-0.27668765522563327</a:double><a:double>0</a:double><a:double>0</a:double></Value></Attribute></Attributes><ChildElements/><ElementName>origin</ElementName><required>false</required><RPYAttribute z:Ref="i778"/><XYZAttribute z:Ref="i777"/><isCustomized>false</isCustomized></URDFElement><URDFElement z:Id="i779" i:type="ParentLink"><Attributes><Attribute z:Id="i780"><AttributeType>link</AttributeType><IsRequired>true</IsRequired><Value i:type="a:string" xmlns:a="http://www.w3.org/2001/XMLSchema">RRshoulder</Value></Attribute></Attributes><ChildElements/><ElementName>parent</ElementName><required>true</required><NameAttribute z:Ref="i780"/></URDFElement><URDFElement z:Id="i781" i:type="ChildLink"><Attributes><Attribute z:Id="i782"><AttributeType>link</AttributeType><IsRequired>true</IsRequired><Value i:type="a:string" xmlns:a="http://www.w3.org/2001/XMLSchema">RRthigh</Value></Attribute></Attributes><ChildElements/><ElementName>child</ElementName><required>true</required><NameAttribute z:Ref="i782"/></URDFElement><URDFElement z:Id="i783" i:type="Axis"><Attributes><Attribute z:Id="i784"><AttributeType>xyz</AttributeType><IsRequired>true</IsRequired><Value i:type="a:ArrayOfdouble" xmlns:a="http://schemas.microsoft.com/2003/10/Serialization/Arrays"><a:double>-1</a:double><a:double>0</a:double><a:double>0</a:double></Value></Attribute></Attributes><ChildElements/><ElementName>axis</ElementName><required>false</required><XYZAttribute z:Ref="i784"/></URDFElement><URDFElement z:Id="i785" i:type="Limit"><Attributes><Attribute z:Id="i786"><AttributeType>lower</AttributeType><IsRequired>true</IsRequired><Value i:type="a:double" xmlns:a="http://www.w3.org/2001/XMLSchema">0</Value></Attribute><Attribute z:Id="i787"><AttributeType>upper</AttributeType><IsRequired>true</IsRequired><Value i:type="a:double" xmlns:a="http://www.w3.org/2001/XMLSchema">6.2832</Value></Attribute><Attribute z:Id="i788"><AttributeType>effort</AttributeType><IsRequired>true</IsRequired><Value i:type="a:double" xmlns:a="http://www.w3.org/2001/XMLSchema">100</Value></Attribute><Attribute z:Id="i789"><AttributeType>velocity</AttributeType><IsRequired>true</IsRequired><Value i:type="a:double" xmlns:a="http://www.w3.org/2001/XMLSchema">2</Value></Attribute></Attributes><ChildElements/><ElementName>limit</ElementName><required>true</required><EffortAttribute z:Ref="i788"/><LowerAttribute z:Ref="i786"/><UpperAttribute z:Ref="i787"/><VelocityAttribute z:Ref="i789"/></URDFElement><URDFElement z:Id="i790" i:type="Calibration"><Attributes><Attribute z:Id="i791"><AttributeType>rising</AttributeType><IsRequired>false</IsRequired><Value i:nil="true"/></Attribute><Attribute z:Id="i792"><AttributeType>falling</AttributeType><IsRequired>false</IsRequired><Value i:nil="true"/></Attribute></Attributes><ChildElements/><ElementName>calibration</ElementName><required>false</required><FallingAttribute z:Ref="i792"/><RisingAttribute z:Ref="i791"/></URDFElement><URDFElement z:Id="i793" i:type="Dynamics"><Attributes><Attribute z:Id="i794"><AttributeType>damping</AttributeType><IsRequired>false</IsRequired><Value i:nil="true"/></Attribute><Attribute z:Id="i795"><AttributeType>friction</AttributeType><IsRequired>false</IsRequired><Value i:nil="true"/></Attribute></Attributes><ChildElements/><ElementName>dynamics</ElementName><required>false</required><DampingAttribute z:Ref="i794"/><FrictionAttribute z:Ref="i795"/></URDFElement><URDFElement z:Id="i796" i:type="SafetyController"><Attributes><Attribute z:Id="i797"><AttributeType>soft_upper_limit</AttributeType><IsRequired>false</IsRequired><Value i:nil="true"/></Attribute><Attribute z:Id="i798"><AttributeType>soft_lower_limit</AttributeType><IsRequired>false</IsRequired><Value i:nil="true"/></Attribute><Attribute z:Id="i799"><AttributeType>k_position</AttributeType><IsRequired>false</IsRequired><Value i:nil="true"/></Attribute><Attribute z:Id="i800"><AttributeType>k_velocity</AttributeType><IsRequired>true</IsRequired><Value i:nil="true"/></Attribute></Attributes><ChildElements/><ElementName>safety_controller</ElementName><required>false</required><KPositionAttribute z:Ref="i799"/><KVelocityAttribute z:Ref="i800"/><SoftLowerAttribute z:Ref="i798"/><SoftUpperAttribute z:Ref="i797"/></URDFElement><URDFElement z:Id="i801" i:type="Mimic"><Attributes><Attribute z:Id="i802"><AttributeType>joint</AttributeType><IsRequired>true</IsRequired><Value i:nil="true"/></Attribute><Attribute z:Id="i803"><AttributeType>multiplier</AttributeType><IsRequired>false</IsRequired><Value i:nil="true"/></Attribute><Attribute z:Id="i804"><AttributeType>offset</AttributeType><IsRequired>false</IsRequired><Value i:nil="true"/></Attribute></Attributes><ChildElements/><ElementName>mimic</ElementName><required>false</required><JointNameAttribute z:Ref="i802"/><MultiplierAttribute z:Ref="i803"/><OffsetAttribute z:Ref="i804"/></URDFElement></ChildElements><ElementName>joint</ElementName><required>false</required><Axis z:Ref="i783"/><AxisName>rightt_rear_shoulder_axis</AxisName><Calibration z:Ref="i790"/><Child z:Ref="i781"/><CoordinateSystemName>RR_shoulder_CS</CoordinateSystemName><Dynamics z:Ref="i793"/><Limit z:Ref="i785"/><Mimic z:Ref="i801"/><NameAttribute z:Ref="i774"/><Origin z:Ref="i776"/><Parent z:Ref="i779"/><Safety z:Ref="i796"/><TypeAttribute z:Ref="i775"/></URDFElement></ChildElements><ElementName>link</ElementName><required>true</required><Children><Link z:Id="i805"><Attributes><Attribute z:Id="i806"><AttributeType>name</AttributeType><IsRequired>true</IsRequired><Value i:type="a:string" xmlns:a="http://www.w3.org/2001/XMLSchema">RRcalf</Value></Attribute></Attributes><ChildElements><URDFElement z:Id="i807" i:type="Inertial"><Attributes/><ChildElements><URDFElement z:Id="i808" i:type="Origin"><Attributes><Attribute z:Id="i809"><AttributeType>xyz</AttributeType><IsRequired>true</IsRequired><Value i:type="a:ArrayOfdouble" xmlns:a="http://schemas.microsoft.com/2003/10/Serialization/Arrays"><a:double>0.039264463606880851</a:double><a:double>-0.076547625792832585</a:double><a:double>1.7774670624248756E-13</a:double></Value></Attribute><Attribute z:Id="i810"><AttributeType>rpy</AttributeType><IsRequired>true</IsRequired><Value i:type="a:ArrayOfdouble" xmlns:a="http://schemas.microsoft.com/2003/10/Serialization/Arrays"><a:double>0</a:double><a:double>0</a:double><a:double>0</a:double></Value></Attribute></Attributes><ChildElements/><ElementName>origin</ElementName><required>false</required><RPYAttribute z:Ref="i810"/><XYZAttribute z:Ref="i809"/><isCustomized>false</isCustomized></URDFElement><URDFElement z:Id="i811" i:type="Mass"><Attributes><Attribute z:Id="i812"><AttributeType>value</AttributeType><IsRequired>true</IsRequired><Value i:type="a:double" xmlns:a="http://www.w3.org/2001/XMLSchema">0.22012987304452533</Value></Attribute></Attributes><ChildElements/><ElementName>mass</ElementName><required>false</required><ValueAttribute z:Ref="i812"/></URDFElement><URDFElement z:Id="i813" i:type="Inertia"><Attributes><Attribute z:Id="i814"><AttributeType>ixx</AttributeType><IsRequired>true</IsRequired><Value i:type="a:double" xmlns:a="http://www.w3.org/2001/XMLSchema">0.00050033273929047067</Value></Attribute><Attribute z:Id="i815"><AttributeType>ixy</AttributeType><IsRequired>true</IsRequired><Value i:type="a:double" xmlns:a="http://www.w3.org/2001/XMLSchema">-2.7730120950047844E-06</Value></Attribute><Attribute z:Id="i816"><AttributeType>ixz</AttributeType><IsRequired>true</IsRequired><Value i:type="a:double" xmlns:a="http://www.w3.org/2001/XMLSchema">1.6781840267475825E-20</Value></Attribute><Attribute z:Id="i817"><AttributeType>iyy</AttributeType><IsRequired>true</IsRequired><Value i:type="a:double" xmlns:a="http://www.w3.org/2001/XMLSchema">5.5999600374947277E-05</Value></Attribute><Attribute z:Id="i818"><AttributeType>iyz</AttributeType><IsRequired>true</IsRequired><Value i:type="a:double" xmlns:a="http://www.w3.org/2001/XMLSchema">-1.1011428314305904E-19</Value></Attribute><Attribute z:Id="i819"><AttributeType>izz</AttributeType><IsRequired>true</IsRequired><Value i:type="a:double" xmlns:a="http://www.w3.org/2001/XMLSchema">0.00049943663709032843</Value></Attribute></Attributes><ChildElements/><ElementName>inertia</ElementName><required>false</required><IxxAttribute z:Ref="i814"/><IxyAttribute z:Ref="i815"/><IxzAttribute z:Ref="i816"/><IyyAttribute z:Ref="i817"/><IyzAttribute z:Ref="i818"/><IzzAttribute z:Ref="i819"/></URDFElement></ChildElements><ElementName>inertial</ElementName><required>false</required><Inertia z:Ref="i813"/><Mass z:Ref="i811"/><Origin z:Ref="i808"/></URDFElement><URDFElement z:Id="i820" i:type="Visual"><Attributes/><ChildElements><URDFElement z:Id="i821" i:type="Origin"><Attributes><Attribute z:Id="i822"><AttributeType>xyz</AttributeType><IsRequired>true</IsRequired><Value i:type="a:ArrayOfdouble" xmlns:a="http://schemas.microsoft.com/2003/10/Serialization/Arrays"><a:double>0</a:double><a:double>0</a:double><a:double>0</a:double></Value></Attribute><Attribute z:Id="i823"><AttributeType>rpy</AttributeType><IsRequired>true</IsRequired><Value i:type="a:ArrayOfdouble" xmlns:a="http://schemas.microsoft.com/2003/10/Serialization/Arrays"><a:double>0</a:double><a:double>0</a:double><a:double>0</a:double></Value></Attribute></Attributes><ChildElements/><ElementName>origin</ElementName><required>false</required><RPYAttribute z:Ref="i823"/><XYZAttribute z:Ref="i822"/><isCustomized>false</isCustomized></URDFElement><URDFElement z:Id="i824" i:type="Geometry"><Attributes/><ChildElements><URDFElement z:Id="i825" i:type="Mesh"><Attributes><Attribute z:Id="i826"><AttributeType>filename</AttributeType><IsRequired>true</IsRequired><Value i:nil="true"/></Attribute></Attributes><ChildElements/><ElementName>mesh</ElementName><required>false</required><FilenameAttribute z:Ref="i826"/></URDFElement></ChildElements><ElementName>geometry</ElementName><required>true</required><Mesh z:Ref="i825"/></URDFElement><URDFElement z:Id="i827" i:type="Material"><Attributes><Attribute z:Id="i828"><AttributeType>name</AttributeType><IsRequired>true</IsRequired><Value i:type="a:string" xmlns:a="http://www.w3.org/2001/XMLSchema"/></Attribute></Attributes><ChildElements><URDFElement z:Id="i829" i:type="Color"><Attributes><Attribute z:Id="i830"><AttributeType>rgba</AttributeType><IsRequired>true</IsRequired><Value i:type="a:ArrayOfdouble" xmlns:a="http://schemas.microsoft.com/2003/10/Serialization/Arrays"><a:double>0.792156862745098</a:double><a:double>0.81960784313725488</a:double><a:double>0.93333333333333335</a:double><a:double>1</a:double></Value></Attribute></Attributes><ChildElements/><ElementName>color</ElementName><required>false</required><RGBAAttribute z:Ref="i830"/></URDFElement><URDFElement z:Id="i831" i:type="Texture"><Attributes><Attribute z:Id="i832"><AttributeType>filename</AttributeType><IsRequired>true</IsRequired><Value i:nil="true"/></Attribute></Attributes><ChildElements/><ElementName>texture</ElementName><required>false</required><FilenameAttribute z:Ref="i832"/><wFilename/></URDFElement></ChildElements><ElementName>material</ElementName><required>false</required><Color z:Ref="i829"/><NameAttribute z:Ref="i828"/><Texture z:Ref="i831"/></URDFElement></ChildElements><ElementName>visual</ElementName><required>false</required><Geometry z:Ref="i824"/><Material z:Ref="i827"/><Origin z:Ref="i821"/></URDFElement><URDFElement z:Id="i833" i:type="Collision"><Attributes/><ChildElements><URDFElement z:Id="i834" i:type="Origin"><Attributes><Attribute z:Id="i835"><AttributeType>xyz</AttributeType><IsRequired>true</IsRequired><Value i:type="a:ArrayOfdouble" xmlns:a="http://schemas.microsoft.com/2003/10/Serialization/Arrays"><a:double>0</a:double><a:double>0</a:double><a:double>0</a:double></Value></Attribute><Attribute z:Id="i836"><AttributeType>rpy</AttributeType><IsRequired>true</IsRequired><Value i:type="a:ArrayOfdouble" xmlns:a="http://schemas.microsoft.com/2003/10/Serialization/Arrays"><a:double>0</a:double><a:double>0</a:double><a:double>0</a:double></Value></Attribute></Attributes><ChildElements/><ElementName>origin</ElementName><required>false</required><RPYAttribute z:Ref="i836"/><XYZAttribute z:Ref="i835"/><isCustomized>false</isCustomized></URDFElement><URDFElement z:Id="i837" i:type="Geometry"><Attributes/><ChildElements><URDFElement z:Id="i838" i:type="Mesh"><Attributes><Attribute z:Id="i839"><AttributeType>filename</AttributeType><IsRequired>true</IsRequired><Value i:nil="true"/></Attribute></Attributes><ChildElements/><ElementName>mesh</ElementName><required>false</required><FilenameAttribute z:Ref="i839"/></URDFElement></ChildElements><ElementName>geometry</ElementName><required>true</required><Mesh z:Ref="i838"/></URDFElement></ChildElements><ElementName>collision</ElementName><required>false</required><Geometry z:Ref="i837"/><Origin z:Ref="i834"/></URDFElement><URDFElement z:Id="i840" i:type="Joint"><Attributes><Attribute z:Id="i841"><AttributeType>name</AttributeType><IsRequired>true</IsRequired><Value i:type="a:string" xmlns:a="http://www.w3.org/2001/XMLSchema">RRknee</Value></Attribute><Attribute z:Id="i842"><AttributeType>type</AttributeType><IsRequired>true</IsRequired><Value i:type="a:string" xmlns:a="http://www.w3.org/2001/XMLSchema">revolute</Value></Attribute></Attributes><ChildElements><URDFElement z:Id="i843" i:type="Origin"><Attributes><Attribute z:Id="i844"><AttributeType>xyz</AttributeType><IsRequired>true</IsRequired><Value i:type="a:ArrayOfdouble" xmlns:a="http://schemas.microsoft.com/2003/10/Serialization/Arrays"><a:double>-0.068898291463722838</a:double><a:double>-0.13574108897497966</a:double><a:double>-0.0047015487336288242</a:double></Value></Attribute><Attribute z:Id="i845"><AttributeType>rpy</AttributeType><IsRequired>true</IsRequired><Value i:type="a:ArrayOfdouble" xmlns:a="http://schemas.microsoft.com/2003/10/Serialization/Arrays"><a:double>1.0016270620933125</a:double><a:double>0.0012482905305971606</a:double><a:double>-0.00079865233418652791</a:double></Value></Attribute></Attributes><ChildElements/><ElementName>origin</ElementName><required>false</required><RPYAttribute z:Ref="i845"/><XYZAttribute z:Ref="i844"/><isCustomized>false</isCustomized></URDFElement><URDFElement z:Id="i846" i:type="ParentLink"><Attributes><Attribute z:Id="i847"><AttributeType>link</AttributeType><IsRequired>true</IsRequired><Value i:type="a:string" xmlns:a="http://www.w3.org/2001/XMLSchema">RRthigh</Value></Attribute></Attributes><ChildElements/><ElementName>parent</ElementName><required>true</required><NameAttribute z:Ref="i847"/></URDFElement><URDFElement z:Id="i848" i:type="ChildLink"><Attributes><Attribute z:Id="i849"><AttributeType>link</AttributeType><IsRequired>true</IsRequired><Value i:type="a:string" xmlns:a="http://www.w3.org/2001/XMLSchema">RRcalf</Value></Attribute></Attributes><ChildElements/><ElementName>child</ElementName><required>true</required><NameAttribute z:Ref="i849"/></URDFElement><URDFElement z:Id="i850" i:type="Axis"><Attributes><Attribute z:Id="i851"><AttributeType>xyz</AttributeType><IsRequired>true</IsRequired><Value i:type="a:ArrayOfdouble" xmlns:a="http://schemas.microsoft.com/2003/10/Serialization/Arrays"><a:double>-0.99999890196050445</a:double><a:double>-0.0014819169293350685</a:double><a:double>0</a:double></Value></Attribute></Attributes><ChildElements/><ElementName>axis</ElementName><required>false</required><XYZAttribute z:Ref="i851"/></URDFElement><URDFElement z:Id="i852" i:type="Limit"><Attributes><Attribute z:Id="i853"><AttributeType>lower</AttributeType><IsRequired>true</IsRequired><Value i:type="a:double" xmlns:a="http://www.w3.org/2001/XMLSchema">0</Value></Attribute><Attribute z:Id="i854"><AttributeType>upper</AttributeType><IsRequired>true</IsRequired><Value i:type="a:double" xmlns:a="http://www.w3.org/2001/XMLSchema">6.2832</Value></Attribute><Attribute z:Id="i855"><AttributeType>effort</AttributeType><IsRequired>true</IsRequired><Value i:type="a:double" xmlns:a="http://www.w3.org/2001/XMLSchema">100</Value></Attribute><Attribute z:Id="i856"><AttributeType>velocity</AttributeType><IsRequired>true</IsRequired><Value i:type="a:double" xmlns:a="http://www.w3.org/2001/XMLSchema">2</Value></Attribute></Attributes><ChildElements/><ElementName>limit</ElementName><required>true</required><EffortAttribute z:Ref="i855"/><LowerAttribute z:Ref="i853"/><UpperAttribute z:Ref="i854"/><VelocityAttribute z:Ref="i856"/></URDFElement><URDFElement z:Id="i857" i:type="Calibration"><Attributes><Attribute z:Id="i858"><AttributeType>rising</AttributeType><IsRequired>false</IsRequired><Value i:nil="true"/></Attribute><Attribute z:Id="i859"><AttributeType>falling</AttributeType><IsRequired>false</IsRequired><Value i:nil="true"/></Attribute></Attributes><ChildElements/><ElementName>calibration</ElementName><required>false</required><FallingAttribute z:Ref="i859"/><RisingAttribute z:Ref="i858"/></URDFElement><URDFElement z:Id="i860" i:type="Dynamics"><Attributes><Attribute z:Id="i861"><AttributeType>damping</AttributeType><IsRequired>false</IsRequired><Value i:nil="true"/></Attribute><Attribute z:Id="i862"><AttributeType>friction</AttributeType><IsRequired>false</IsRequired><Value i:nil="true"/></Attribute></Attributes><ChildElements/><ElementName>dynamics</ElementName><required>false</required><DampingAttribute z:Ref="i861"/><FrictionAttribute z:Ref="i862"/></URDFElement><URDFElement z:Id="i863" i:type="SafetyController"><Attributes><Attribute z:Id="i864"><AttributeType>soft_upper_limit</AttributeType><IsRequired>false</IsRequired><Value i:nil="true"/></Attribute><Attribute z:Id="i865"><AttributeType>soft_lower_limit</AttributeType><IsRequired>false</IsRequired><Value i:nil="true"/></Attribute><Attribute z:Id="i866"><AttributeType>k_position</AttributeType><IsRequired>false</IsRequired><Value i:nil="true"/></Attribute><Attribute z:Id="i867"><AttributeType>k_velocity</AttributeType><IsRequired>true</IsRequired><Value i:nil="true"/></Attribute></Attributes><ChildElements/><ElementName>safety_controller</ElementName><required>false</required><KPositionAttribute z:Ref="i866"/><KVelocityAttribute z:Ref="i867"/><SoftLowerAttribute z:Ref="i865"/><SoftUpperAttribute z:Ref="i864"/></URDFElement><URDFElement z:Id="i868" i:type="Mimic"><Attributes><Attribute z:Id="i869"><AttributeType>joint</AttributeType><IsRequired>true</IsRequired><Value i:nil="true"/></Attribute><Attribute z:Id="i870"><AttributeType>multiplier</AttributeType><IsRequired>false</IsRequired><Value i:nil="true"/></Attribute><Attribute z:Id="i871"><AttributeType>offset</AttributeType><IsRequired>false</IsRequired><Value i:nil="true"/></Attribute></Attributes><ChildElements/><ElementName>mimic</ElementName><required>false</required><JointNameAttribute z:Ref="i869"/><MultiplierAttribute z:Ref="i870"/><OffsetAttribute z:Ref="i871"/></URDFElement></ChildElements><ElementName>joint</ElementName><required>false</required><Axis z:Ref="i850"/><AxisName>right1_rear_knee_axis</AxisName><Calibration z:Ref="i857"/><Child z:Ref="i848"/><CoordinateSystemName>RR_knee_CS</CoordinateSystemName><Dynamics z:Ref="i860"/><Limit z:Ref="i852"/><Mimic z:Ref="i868"/><NameAttribute z:Ref="i841"/><Origin z:Ref="i843"/><Parent z:Ref="i846"/><Safety z:Ref="i863"/><TypeAttribute z:Ref="i842"/></URDFElement></ChildElements><ElementName>link</ElementName><required>true</required><Children/><Collision z:Ref="i833"/><Inertial z:Ref="i807"/><Joint z:Ref="i840"/><NameAttribute z:Ref="i806"/><Parent z:Ref="i738"/><STLQualityFine>false</STLQualityFine><SWComponentPIDs xmlns:a="http://schemas.microsoft.com/2003/10/Serialization/Arrays"><a:base64Binary>UEYAAAUAAAD//v8yTABlAGcAbQBpAHIAcgBvAHIALQAzAEAAYgBvAGQAeQAgAHAAawAvAEwAZQBmAHQALQBOAEUAVwAgAEwATwBXAEUAUgAgAEwARQBHAC0AMgBAAEwAZQBnAG0AaQByAHIAbwByAAQAAAAQAAAAAQAAAAIAAABHBwAApQAAAA==</a:base64Binary><a:base64Binary>UEYAAAUAAAD//v8wTABlAGcAbQBpAHIAcgBvAHIALQAzAEAAYgBvAGQAeQAgAHAAawAvAEwAZQBmAHQALQBsAG8AdwBlAHIAIABsAGUAZwAgADIALQAyAEAATABlAGcAbQBpAHIAcgBvAHIABAAAABAAAAABAAAAAgAAAEcHAACjAAAA</a:base64Binary></SWComponentPIDs><SWMainComponentPID i:nil="true"/><Visual z:Ref="i820"/><isFixedFrame>false</isFixedFrame><isIncomplete>false</isIncomplete></Link></Children><Collision z:Ref="i766"/><Inertial z:Ref="i740"/><Joint z:Ref="i773"/><NameAttribute z:Ref="i739"/><Parent z:Ref="i671"/><STLQualityFine>false</STLQualityFine><SWComponentPIDs xmlns:a="http://schemas.microsoft.com/2003/10/Serialization/Arrays"><a:base64Binary>UEYAAAUAAAD//v8rTABlAGcAbQBpAHIAcgBvAHIALQAzAEAAYgBvAGQAeQAgAHAAawAvAEwAZQBmAHQALQB1AHAAIABsAGUAZwAtADIAQABMAGUAZwBtAGkAcgByAG8AcgAEAAAAEAAAAAEAAAACAAAARwcAAKEAAAA=</a:base64Binary></SWComponentPIDs><SWMainComponentPID i:nil="true"/><Visual z:Ref="i753"/><isFixedFrame>false</isFixedFrame><isIncomplete>false</isIncomplete></Link></Children><Collision z:Ref="i699"/><Inertial z:Ref="i673"/><Joint z:Ref="i706"/><NameAttribute z:Ref="i672"/><Parent z:Ref="i1"/><STLQualityFine>false</STLQualityFine><SWComponentPIDs xmlns:a="http://schemas.microsoft.com/2003/10/Serialization/Arrays"><a:base64Binary>UEYAAAUAAAD//v9QTABlAGcAbQBpAHIAcgBvAHIALQAzAEAAYgBvAGQAeQAgAHAAawAvAEwAZQBmAHQALQBzAGgAbwB1AGwAZABlAHIALQAyAEAATABlAGcAbQBpAHIAcgBvAHIALwBMAGUAZgB0AC0AcwBoAG8AdQBsAGQAZQByACAAcABhAHIAdAAtADEAQABMAGUAZgB0AC0AcwBoAG8AdQBsAGQAZQByAAQAAAAQAAAAAQAAAAMAAABHBwAAogAAABwAAAA=</a:base64Binary></SWComponentPIDs><SWMainComponentPID i:nil="true"/><Visual z:Ref="i686"/><isFixedFrame>false</isFixedFrame><isIncomplete>false</isIncomplete></Link></Children><Collision z:Ref="i29"/><Inertial z:Ref="i3"/><Joint z:Ref="i36"/><NameAttribute z:Ref="i2"/><Parent i:nil="true"/><STLQualityFine>false</STLQualityFine><SWComponentPIDs xmlns:a="http://schemas.microsoft.com/2003/10/Serialization/Arrays"><a:base64Binary>UEYAAAUAAAD//v8PdQBwAHAAZQByAC0AMQBAAGIAbwBkAHkAIABwAGsABAAAABAAAAABAAAAAQAAAHYDAAA=</a:base64Binary><a:base64Binary>UEYAAAUAAAD//v8PbABvAHcAZQByAC0AMQBAAGIAbwBkAHkAIABwAGsABAAAABAAAAABAAAAAQAAABgAAAA=</a:base64Binary></SWComponentPIDs><SWMainComponentPID i:nil="true"/><Visual z:Ref="i16"/><isFixedFrame>false</isFixedFrame><isIncomplete>false</isIncomplete></Link>
2026-03-19 14:58:37,205 INFO  LinkNode.cs: 35 - Building node Body
2026-03-19 14:58:37,205 INFO  LinkNode.cs: 35 - Building node LFshoulder
2026-03-19 14:58:37,205 INFO  LinkNode.cs: 35 - Building node LFthigh
2026-03-19 14:58:37,205 INFO  LinkNode.cs: 35 - Building node LFcalf
2026-03-19 14:58:37,205 INFO  LinkNode.cs: 35 - Building node LRshoulder
2026-03-19 14:58:37,205 INFO  LinkNode.cs: 35 - Building node LRthigh
2026-03-19 14:58:37,205 INFO  LinkNode.cs: 35 - Building node LRcalf
2026-03-19 14:58:37,205 INFO  LinkNode.cs: 35 - Building node RFshoulder
2026-03-19 14:58:37,205 INFO  LinkNode.cs: 35 - Building node RFthigh
2026-03-19 14:58:37,205 INFO  LinkNode.cs: 35 - Building node RFcalf
2026-03-19 14:58:37,205 INFO  LinkNode.cs: 35 - Building node RRshoulder
2026-03-19 14:58:37,205 INFO  LinkNode.cs: 35 - Building node RRthigh
2026-03-19 14:58:37,205 INFO  LinkNode.cs: 35 - Building node RRcalf
2026-03-19 14:58:37,205 INFO  CommonSwOperations.cs: 221 - Loading SolidWorks components for Body from C:\Users\Abhiraj\Downloads\robodog3.0\body pk.SLDASM
2026-03-19 14:58:37,219 INFO  CommonSwOperations.cs: 245 - Loading component with PID PF     ???u p p e r - 1 @ b o d y   p k             v  
2026-03-19 14:58:37,219 INFO  CommonSwOperations.cs: 254 - Successfully loaded component C:\Users\Abhiraj\Downloads\robodog3.0\upper.SLDPRT
2026-03-19 14:58:37,219 INFO  CommonSwOperations.cs: 245 - Loading component with PID PF     ???l o w e r - 1 @ b o d y   p k                
2026-03-19 14:58:37,219 INFO  CommonSwOperations.cs: 254 - Successfully loaded component C:\Users\Abhiraj\Downloads\robodog3.0\lower.SLDPRT
2026-03-19 14:58:37,219 INFO  CommonSwOperations.cs: 230 - Loaded 2 components for link Body
2026-03-19 14:58:37,219 INFO  CommonSwOperations.cs: 221 - Loading SolidWorks components for LFshoulder from C:\Users\Abhiraj\Downloads\robodog3.0\body pk.SLDASM
2026-03-19 14:58:37,219 INFO  CommonSwOperations.cs: 245 - Loading component with PID PF     ???5L e g - 3 @ b o d y   p k / s h o u l d e r - 1 @ L e g / s h o u l d e r   p a r t - 1 @ s h o u l d e r             2        
2026-03-19 14:58:37,267 INFO  CommonSwOperations.cs: 254 - Successfully loaded component C:\Users\Abhiraj\Downloads\robodog3.0\shoulder part.SLDPRT
2026-03-19 14:58:37,267 INFO  CommonSwOperations.cs: 230 - Loaded 1 components for link LFshoulder
2026-03-19 14:58:37,267 INFO  CommonSwOperations.cs: 221 - Loading SolidWorks components for LFthigh from C:\Users\Abhiraj\Downloads\robodog3.0\body pk.SLDASM
2026-03-19 14:58:37,267 INFO  CommonSwOperations.cs: 245 - Loading component with PID PF     ???L e g - 3 @ b o d y   p k / u p   l e g - 1 @ L e g             2  >   
2026-03-19 14:58:37,267 INFO  CommonSwOperations.cs: 254 - Successfully loaded component C:\Users\Abhiraj\Downloads\robodog3.0\up leg.SLDPRT
2026-03-19 14:58:37,267 INFO  CommonSwOperations.cs: 230 - Loaded 1 components for link LFthigh
2026-03-19 14:58:37,267 INFO  CommonSwOperations.cs: 221 - Loading SolidWorks components for LFcalf from C:\Users\Abhiraj\Downloads\robodog3.0\body pk.SLDASM
2026-03-19 14:58:37,267 INFO  CommonSwOperations.cs: 245 - Loading component with PID PF     ???!L e g - 3 @ b o d y   p k / N E W   L O W E R   L E G - 1 @ L e g             2  G   
2026-03-19 14:58:37,267 INFO  CommonSwOperations.cs: 254 - Successfully loaded component C:\Users\Abhiraj\Downloads\robodog3.0\NEW LOWER LEG.SLDPRT
2026-03-19 14:58:37,267 INFO  CommonSwOperations.cs: 245 - Loading component with PID PF     ???L e g - 3 @ b o d y   p k / l o w e r   l e g   2 - 1 @ L e g             2  F   
2026-03-19 14:58:37,267 INFO  CommonSwOperations.cs: 254 - Successfully loaded component C:\Users\Abhiraj\Downloads\robodog3.0\lower leg 2.SLDPRT
2026-03-19 14:58:37,267 INFO  CommonSwOperations.cs: 230 - Loaded 2 components for link LFcalf
2026-03-19 14:58:37,267 INFO  CommonSwOperations.cs: 221 - Loading SolidWorks components for LRshoulder from C:\Users\Abhiraj\Downloads\robodog3.0\body pk.SLDASM
2026-03-19 14:58:37,267 INFO  CommonSwOperations.cs: 245 - Loading component with PID PF     ???5L e g - 4 @ b o d y   p k / s h o u l d e r - 1 @ L e g / s h o u l d e r   p a r t - 1 @ s h o u l d e r             .        
2026-03-19 14:58:37,267 INFO  CommonSwOperations.cs: 254 - Successfully loaded component C:\Users\Abhiraj\Downloads\robodog3.0\shoulder part.SLDPRT
2026-03-19 14:58:37,267 INFO  CommonSwOperations.cs: 230 - Loaded 1 components for link LRshoulder
2026-03-19 14:58:37,267 INFO  CommonSwOperations.cs: 221 - Loading SolidWorks components for LRthigh from C:\Users\Abhiraj\Downloads\robodog3.0\body pk.SLDASM
2026-03-19 14:58:37,267 INFO  CommonSwOperations.cs: 245 - Loading component with PID PF     ???L e g - 4 @ b o d y   p k / u p   l e g - 1 @ L e g             .  >   
2026-03-19 14:58:37,267 INFO  CommonSwOperations.cs: 254 - Successfully loaded component C:\Users\Abhiraj\Downloads\robodog3.0\up leg.SLDPRT
2026-03-19 14:58:37,267 INFO  CommonSwOperations.cs: 230 - Loaded 1 components for link LRthigh
2026-03-19 14:58:37,267 INFO  CommonSwOperations.cs: 221 - Loading SolidWorks components for LRcalf from C:\Users\Abhiraj\Downloads\robodog3.0\body pk.SLDASM
2026-03-19 14:58:37,277 INFO  CommonSwOperations.cs: 245 - Loading component with PID PF     ???!L e g - 4 @ b o d y   p k / N E W   L O W E R   L E G - 1 @ L e g             .  G   
2026-03-19 14:58:37,277 INFO  CommonSwOperations.cs: 254 - Successfully loaded component C:\Users\Abhiraj\Downloads\robodog3.0\NEW LOWER LEG.SLDPRT
2026-03-19 14:58:37,277 INFO  CommonSwOperations.cs: 245 - Loading component with PID PF     ???L e g - 4 @ b o d y   p k / l o w e r   l e g   2 - 1 @ L e g             .  F   
2026-03-19 14:58:37,277 INFO  CommonSwOperations.cs: 254 - Successfully loaded component C:\Users\Abhiraj\Downloads\robodog3.0\lower leg 2.SLDPRT
2026-03-19 14:58:37,277 INFO  CommonSwOperations.cs: 230 - Loaded 2 components for link LRcalf
2026-03-19 14:58:37,277 INFO  CommonSwOperations.cs: 221 - Loading SolidWorks components for RFshoulder from C:\Users\Abhiraj\Downloads\robodog3.0\body pk.SLDASM
2026-03-19 14:58:37,277 INFO  CommonSwOperations.cs: 245 - Loading component with PID PF     ???PL e g m i r r o r - 4 @ b o d y   p k / L e f t - s h o u l d e r - 2 @ L e g m i r r o r / L e f t - s h o u l d e r   p a r t - 1 @ L e f t - s h o u l d e r             K  ?      
2026-03-19 14:58:37,277 INFO  CommonSwOperations.cs: 254 - Successfully loaded component C:\Users\Abhiraj\Downloads\robodog3.0\Left-shoulder part.SLDPRT
2026-03-19 14:58:37,277 INFO  CommonSwOperations.cs: 230 - Loaded 1 components for link RFshoulder
2026-03-19 14:58:37,277 INFO  CommonSwOperations.cs: 221 - Loading SolidWorks components for RFthigh from C:\Users\Abhiraj\Downloads\robodog3.0\body pk.SLDASM
2026-03-19 14:58:37,277 INFO  CommonSwOperations.cs: 245 - Loading component with PID PF     ???+L e g m i r r o r - 4 @ b o d y   p k / L e f t - u p   l e g - 2 @ L e g m i r r o r             K  ?   
2026-03-19 14:58:37,277 INFO  CommonSwOperations.cs: 254 - Successfully loaded component C:\Users\Abhiraj\Downloads\robodog3.0\Left-up leg.SLDPRT
2026-03-19 14:58:37,277 INFO  CommonSwOperations.cs: 230 - Loaded 1 components for link RFthigh
2026-03-19 14:58:37,277 INFO  CommonSwOperations.cs: 221 - Loading SolidWorks components for RFcalf from C:\Users\Abhiraj\Downloads\robodog3.0\body pk.SLDASM
2026-03-19 14:58:37,277 INFO  CommonSwOperations.cs: 245 - Loading component with PID PF     ???2L e g m i r r o r - 4 @ b o d y   p k / L e f t - N E W   L O W E R   L E G - 2 @ L e g m i r r o r             K  ?   
2026-03-19 14:58:37,277 INFO  CommonSwOperations.cs: 254 - Successfully loaded component C:\Users\Abhiraj\Downloads\robodog3.0\Left-NEW LOWER LEG.SLDPRT
2026-03-19 14:58:37,277 INFO  CommonSwOperations.cs: 245 - Loading component with PID PF     ???0L e g m i r r o r - 4 @ b o d y   p k / L e f t - l o w e r   l e g   2 - 2 @ L e g m i r r o r             K  ?   
2026-03-19 14:58:37,277 INFO  CommonSwOperations.cs: 254 - Successfully loaded component C:\Users\Abhiraj\Downloads\robodog3.0\Left-lower leg 2.SLDPRT
2026-03-19 14:58:37,277 INFO  CommonSwOperations.cs: 230 - Loaded 2 components for link RFcalf
2026-03-19 14:58:37,277 INFO  CommonSwOperations.cs: 221 - Loading SolidWorks components for RRshoulder from C:\Users\Abhiraj\Downloads\robodog3.0\body pk.SLDASM
2026-03-19 14:58:37,277 INFO  CommonSwOperations.cs: 245 - Loading component with PID PF     ???PL e g m i r r o r - 3 @ b o d y   p k / L e f t - s h o u l d e r - 2 @ L e g m i r r o r / L e f t - s h o u l d e r   p a r t - 1 @ L e f t - s h o u l d e r             G  ?      
2026-03-19 14:58:37,277 INFO  CommonSwOperations.cs: 254 - Successfully loaded component C:\Users\Abhiraj\Downloads\robodog3.0\Left-shoulder part.SLDPRT
2026-03-19 14:58:37,277 INFO  CommonSwOperations.cs: 230 - Loaded 1 components for link RRshoulder
2026-03-19 14:58:37,277 INFO  CommonSwOperations.cs: 221 - Loading SolidWorks components for RRthigh from C:\Users\Abhiraj\Downloads\robodog3.0\body pk.SLDASM
2026-03-19 14:58:37,277 INFO  CommonSwOperations.cs: 245 - Loading component with PID PF     ???+L e g m i r r o r - 3 @ b o d y   p k / L e f t - u p   l e g - 2 @ L e g m i r r o r             G  ?   
2026-03-19 14:58:37,283 INFO  CommonSwOperations.cs: 254 - Successfully loaded component C:\Users\Abhiraj\Downloads\robodog3.0\Left-up leg.SLDPRT
2026-03-19 14:58:37,283 INFO  CommonSwOperations.cs: 230 - Loaded 1 components for link RRthigh
2026-03-19 14:58:37,283 INFO  CommonSwOperations.cs: 221 - Loading SolidWorks components for RRcalf from C:\Users\Abhiraj\Downloads\robodog3.0\body pk.SLDASM
2026-03-19 14:58:37,283 INFO  CommonSwOperations.cs: 245 - Loading component with PID PF     ???2L e g m i r r o r - 3 @ b o d y   p k / L e f t - N E W   L O W E R   L E G - 2 @ L e g m i r r o r             G  ?   
2026-03-19 14:58:37,283 INFO  CommonSwOperations.cs: 254 - Successfully loaded component C:\Users\Abhiraj\Downloads\robodog3.0\Left-NEW LOWER LEG.SLDPRT
2026-03-19 14:58:37,283 INFO  CommonSwOperations.cs: 245 - Loading component with PID PF     ???0L e g m i r r o r - 3 @ b o d y   p k / L e f t - l o w e r   l e g   2 - 2 @ L e g m i r r o r             G  ?   
2026-03-19 14:58:37,283 INFO  CommonSwOperations.cs: 254 - Successfully loaded component C:\Users\Abhiraj\Downloads\robodog3.0\Left-lower leg 2.SLDPRT
2026-03-19 14:58:37,283 INFO  CommonSwOperations.cs: 230 - Loaded 2 components for link RRcalf
2026-03-19 14:58:37,303 INFO  SwAddin.cs: 344 - Showing property manager
2026-03-19 15:01:10,082 INFO  ExportPropertyManager.cs: 422 - Configuration saved
2026-03-19 15:01:10,087 INFO  ConfigurationSerialization.cs: 276 - URDF Configuration found
<Link z:Id="i1" xmlns="http://schemas.datacontract.org/2004/07/SW2URDF" xmlns:i="http://www.w3.org/2001/XMLSchema-instance" xmlns:z="http://schemas.microsoft.com/2003/10/Serialization/"><Attributes><Attribute z:Id="i2"><AttributeType>name</AttributeType><IsRequired>true</IsRequired><Value i:type="a:string" xmlns:a="http://www.w3.org/2001/XMLSchema">Body</Value></Attribute></Attributes><ChildElements><URDFElement z:Id="i3" i:type="Inertial"><Attributes/><ChildElements><URDFElement z:Id="i4" i:type="Origin"><Attributes><Attribute z:Id="i5"><AttributeType>xyz</AttributeType><IsRequired>true</IsRequired><Value i:type="a:ArrayOfdouble" xmlns:a="http://schemas.microsoft.com/2003/10/Serialization/Arrays"><a:double>0.65631694576985611</a:double><a:double>-1.4282856305519707</a:double><a:double>0.9766488613407236</a:double></Value></Attribute><Attribute z:Id="i6"><AttributeType>rpy</AttributeType><IsRequired>true</IsRequired><Value i:type="a:ArrayOfdouble" xmlns:a="http://schemas.microsoft.com/2003/10/Serialization/Arrays"><a:double>0</a:double><a:double>0</a:double><a:double>0</a:double></Value></Attribute></Attributes><ChildElements/><ElementName>origin</ElementName><required>false</required><RPYAttribute z:Ref="i6"/><XYZAttribute z:Ref="i5"/><isCustomized>false</isCustomized></URDFElement><URDFElement z:Id="i7" i:type="Mass"><Attributes><Attribute z:Id="i8"><AttributeType>value</AttributeType><IsRequired>true</IsRequired><Value i:type="a:double" xmlns:a="http://www.w3.org/2001/XMLSchema">2.4108129727592784</Value></Attribute></Attributes><ChildElements/><ElementName>mass</ElementName><required>false</required><ValueAttribute z:Ref="i8"/></URDFElement><URDFElement z:Id="i9" i:type="Inertia"><Attributes><Attribute z:Id="i10"><AttributeType>ixx</AttributeType><IsRequired>true</IsRequired><Value i:type="a:double" xmlns:a="http://www.w3.org/2001/XMLSchema">0.033779760674056</Value></Attribute><Attribute z:Id="i11"><AttributeType>ixy</AttributeType><IsRequired>true</IsRequired><Value i:type="a:double" xmlns:a="http://www.w3.org/2001/XMLSchema">-1.0119171042158175E-07</Value></Attribute><Attribute z:Id="i12"><AttributeType>ixz</AttributeType><IsRequired>true</IsRequired><Value i:type="a:double" xmlns:a="http://www.w3.org/2001/XMLSchema">7.49013934311398E-09</Value></Attribute><Attribute z:Id="i13"><AttributeType>iyy</AttributeType><IsRequired>true</IsRequired><Value i:type="a:double" xmlns:a="http://www.w3.org/2001/XMLSchema">0.018730721194957133</Value></Attribute><Attribute z:Id="i14"><AttributeType>iyz</AttributeType><IsRequired>true</IsRequired><Value i:type="a:double" xmlns:a="http://www.w3.org/2001/XMLSchema">-8.8800464807665532E-05</Value></Attribute><Attribute z:Id="i15"><AttributeType>izz</AttributeType><IsRequired>true</IsRequired><Value i:type="a:double" xmlns:a="http://www.w3.org/2001/XMLSchema">0.051308348865208568</Value></Attribute></Attributes><ChildElements/><ElementName>inertia</ElementName><required>false</required><IxxAttribute z:Ref="i10"/><IxyAttribute z:Ref="i11"/><IxzAttribute z:Ref="i12"/><IyyAttribute z:Ref="i13"/><IyzAttribute z:Ref="i14"/><IzzAttribute z:Ref="i15"/></URDFElement></ChildElements><ElementName>inertial</ElementName><required>false</required><Inertia z:Ref="i9"/><Mass z:Ref="i7"/><Origin z:Ref="i4"/></URDFElement><URDFElement z:Id="i16" i:type="Visual"><Attributes/><ChildElements><URDFElement z:Id="i17" i:type="Origin"><Attributes><Attribute z:Id="i18"><AttributeType>xyz</AttributeType><IsRequired>true</IsRequired><Value i:type="a:ArrayOfdouble" xmlns:a="http://schemas.microsoft.com/2003/10/Serialization/Arrays"><a:double>0</a:double><a:double>0</a:double><a:double>0</a:double></Value></Attribute><Attribute z:Id="i19"><AttributeType>rpy</AttributeType><IsRequired>true</IsRequired><Value i:type="a:ArrayOfdouble" xmlns:a="http://schemas.microsoft.com/2003/10/Serialization/Arrays"><a:double>0</a:double><a:double>0</a:double><a:double>0</a:double></Value></Attribute></Attributes><ChildElements/><ElementName>origin</ElementName><required>false</required><RPYAttribute z:Ref="i19"/><XYZAttribute z:Ref="i18"/><isCustomized>false</isCustomized></URDFElement><URDFElement z:Id="i20" i:type="Geometry"><Attributes/><ChildElements><URDFElement z:Id="i21" i:type="Mesh"><Attributes><Attribute z:Id="i22"><AttributeType>filename</AttributeType><IsRequired>true</IsRequired><Value i:nil="true"/></Attribute></Attributes><ChildElements/><ElementName>mesh</ElementName><required>false</required><FilenameAttribute z:Ref="i22"/></URDFElement></ChildElements><ElementName>geometry</ElementName><required>true</required><Mesh z:Ref="i21"/></URDFElement><URDFElement z:Id="i23" i:type="Material"><Attributes><Attribute z:Id="i24"><AttributeType>name</AttributeType><IsRequired>true</IsRequired><Value i:type="a:string" xmlns:a="http://www.w3.org/2001/XMLSchema"/></Attribute></Attributes><ChildElements><URDFElement z:Id="i25" i:type="Color"><Attributes><Attribute z:Id="i26"><AttributeType>rgba</AttributeType><IsRequired>true</IsRequired><Value i:type="a:ArrayOfdouble" xmlns:a="http://schemas.microsoft.com/2003/10/Serialization/Arrays"><a:double>0.796078431372549</a:double><a:double>0.82352941176470584</a:double><a:double>0.93725490196078431</a:double><a:double>1</a:double></Value></Attribute></Attributes><ChildElements/><ElementName>color</ElementName><required>false</required><RGBAAttribute z:Ref="i26"/></URDFElement><URDFElement z:Id="i27" i:type="Texture"><Attributes><Attribute z:Id="i28"><AttributeType>filename</AttributeType><IsRequired>true</IsRequired><Value i:nil="true"/></Attribute></Attributes><ChildElements/><ElementName>texture</ElementName><required>false</required><FilenameAttribute z:Ref="i28"/><wFilename/></URDFElement></ChildElements><ElementName>material</ElementName><required>false</required><Color z:Ref="i25"/><NameAttribute z:Ref="i24"/><Texture z:Ref="i27"/></URDFElement></ChildElements><ElementName>visual</ElementName><required>false</required><Geometry z:Ref="i20"/><Material z:Ref="i23"/><Origin z:Ref="i17"/></URDFElement><URDFElement z:Id="i29" i:type="Collision"><Attributes/><ChildElements><URDFElement z:Id="i30" i:type="Origin"><Attributes><Attribute z:Id="i31"><AttributeType>xyz</AttributeType><IsRequired>true</IsRequired><Value i:type="a:ArrayOfdouble" xmlns:a="http://schemas.microsoft.com/2003/10/Serialization/Arrays"><a:double>0</a:double><a:double>0</a:double><a:double>0</a:double></Value></Attribute><Attribute z:Id="i32"><AttributeType>rpy</AttributeType><IsRequired>true</IsRequired><Value i:type="a:ArrayOfdouble" xmlns:a="http://schemas.microsoft.com/2003/10/Serialization/Arrays"><a:double>0</a:double><a:double>0</a:double><a:double>0</a:double></Value></Attribute></Attributes><ChildElements/><ElementName>origin</ElementName><required>false</required><RPYAttribute z:Ref="i32"/><XYZAttribute z:Ref="i31"/><isCustomized>false</isCustomized></URDFElement><URDFElement z:Id="i33" i:type="Geometry"><Attributes/><ChildElements><URDFElement z:Id="i34" i:type="Mesh"><Attributes><Attribute z:Id="i35"><AttributeType>filename</AttributeType><IsRequired>true</IsRequired><Value i:nil="true"/></Attribute></Attributes><ChildElements/><ElementName>mesh</ElementName><required>false</required><FilenameAttribute z:Ref="i35"/></URDFElement></ChildElements><ElementName>geometry</ElementName><required>true</required><Mesh z:Ref="i34"/></URDFElement></ChildElements><ElementName>collision</ElementName><required>false</required><Geometry z:Ref="i33"/><Origin z:Ref="i30"/></URDFElement><URDFElement z:Id="i36" i:type="Joint"><Attributes><Attribute z:Id="i37"><AttributeType>name</AttributeType><IsRequired>true</IsRequired><Value i:type="a:string" xmlns:a="http://www.w3.org/2001/XMLSchema"/></Attribute><Attribute z:Id="i38"><AttributeType>type</AttributeType><IsRequired>true</IsRequired><Value i:type="a:string" xmlns:a="http://www.w3.org/2001/XMLSchema"/></Attribute></Attributes><ChildElements><URDFElement z:Id="i39" i:type="Origin"><Attributes><Attribute z:Id="i40"><AttributeType>xyz</AttributeType><IsRequired>true</IsRequired><Value i:type="a:ArrayOfdouble" xmlns:a="http://schemas.microsoft.com/2003/10/Serialization/Arrays"><a:double>0</a:double><a:double>0</a:double><a:double>0</a:double></Value></Attribute><Attribute z:Id="i41"><AttributeType>rpy</AttributeType><IsRequired>true</IsRequired><Value i:type="a:ArrayOfdouble" xmlns:a="http://schemas.microsoft.com/2003/10/Serialization/Arrays"><a:double>0</a:double><a:double>0</a:double><a:double>0</a:double></Value></Attribute></Attributes><ChildElements/><ElementName>origin</ElementName><required>false</required><RPYAttribute z:Ref="i41"/><XYZAttribute z:Ref="i40"/><isCustomized>false</isCustomized></URDFElement><URDFElement z:Id="i42" i:type="ParentLink"><Attributes><Attribute z:Id="i43"><AttributeType>link</AttributeType><IsRequired>true</IsRequired><Value i:type="a:string" xmlns:a="http://www.w3.org/2001/XMLSchema"/></Attribute></Attributes><ChildElements/><ElementName>parent</ElementName><required>true</required><NameAttribute z:Ref="i43"/></URDFElement><URDFElement z:Id="i44" i:type="ChildLink"><Attributes><Attribute z:Id="i45"><AttributeType>link</AttributeType><IsRequired>true</IsRequired><Value i:type="a:string" xmlns:a="http://www.w3.org/2001/XMLSchema"/></Attribute></Attributes><ChildElements/><ElementName>child</ElementName><required>true</required><NameAttribute z:Ref="i45"/></URDFElement><URDFElement z:Id="i46" i:type="Axis"><Attributes><Attribute z:Id="i47"><AttributeType>xyz</AttributeType><IsRequired>true</IsRequired><Value i:type="a:ArrayOfdouble" xmlns:a="http://schemas.microsoft.com/2003/10/Serialization/Arrays"><a:double>0</a:double><a:double>0</a:double><a:double>0</a:double></Value></Attribute></Attributes><ChildElements/><ElementName>axis</ElementName><required>false</required><XYZAttribute z:Ref="i47"/></URDFElement><URDFElement z:Id="i48" i:type="Limit"><Attributes><Attribute z:Id="i49"><AttributeType>lower</AttributeType><IsRequired>false</IsRequired><Value i:nil="true"/></Attribute><Attribute z:Id="i50"><AttributeType>upper</AttributeType><IsRequired>false</IsRequired><Value i:nil="true"/></Attribute><Attribute z:Id="i51"><AttributeType>effort</AttributeType><IsRequired>true</IsRequired><Value i:nil="true"/></Attribute><Attribute z:Id="i52"><AttributeType>velocity</AttributeType><IsRequired>true</IsRequired><Value i:nil="true"/></Attribute></Attributes><ChildElements/><ElementName>limit</ElementName><required>false</required><EffortAttribute z:Ref="i51"/><LowerAttribute z:Ref="i49"/><UpperAttribute z:Ref="i50"/><VelocityAttribute z:Ref="i52"/></URDFElement><URDFElement z:Id="i53" i:type="Calibration"><Attributes><Attribute z:Id="i54"><AttributeType>rising</AttributeType><IsRequired>false</IsRequired><Value i:nil="true"/></Attribute><Attribute z:Id="i55"><AttributeType>falling</AttributeType><IsRequired>false</IsRequired><Value i:nil="true"/></Attribute></Attributes><ChildElements/><ElementName>calibration</ElementName><required>false</required><FallingAttribute z:Ref="i55"/><RisingAttribute z:Ref="i54"/></URDFElement><URDFElement z:Id="i56" i:type="Dynamics"><Attributes><Attribute z:Id="i57"><AttributeType>damping</AttributeType><IsRequired>false</IsRequired><Value i:nil="true"/></Attribute><Attribute z:Id="i58"><AttributeType>friction</AttributeType><IsRequired>false</IsRequired><Value i:nil="true"/></Attribute></Attributes><ChildElements/><ElementName>dynamics</ElementName><required>false</required><DampingAttribute z:Ref="i57"/><FrictionAttribute z:Ref="i58"/></URDFElement><URDFElement z:Id="i59" i:type="SafetyController"><Attributes><Attribute z:Id="i60"><AttributeType>soft_upper_limit</AttributeType><IsRequired>false</IsRequired><Value i:nil="true"/></Attribute><Attribute z:Id="i61"><AttributeType>soft_lower_limit</AttributeType><IsRequired>false</IsRequired><Value i:nil="true"/></Attribute><Attribute z:Id="i62"><AttributeType>k_position</AttributeType><IsRequired>false</IsRequired><Value i:nil="true"/></Attribute><Attribute z:Id="i63"><AttributeType>k_velocity</AttributeType><IsRequired>true</IsRequired><Value i:nil="true"/></Attribute></Attributes><ChildElements/><ElementName>safety_controller</ElementName><required>false</required><KPositionAttribute z:Ref="i62"/><KVelocityAttribute z:Ref="i63"/><SoftLowerAttribute z:Ref="i61"/><SoftUpperAttribute z:Ref="i60"/></URDFElement><URDFElement z:Id="i64" i:type="Mimic"><Attributes><Attribute z:Id="i65"><AttributeType>joint</AttributeType><IsRequired>true</IsRequired><Value i:nil="true"/></Attribute><Attribute z:Id="i66"><AttributeType>multiplier</AttributeType><IsRequired>false</IsRequired><Value i:nil="true"/></Attribute><Attribute z:Id="i67"><AttributeType>offset</AttributeType><IsRequired>false</IsRequired><Value i:nil="true"/></Attribute></Attributes><ChildElements/><ElementName>mimic</ElementName><required>false</required><JointNameAttribute z:Ref="i65"/><MultiplierAttribute z:Ref="i66"/><OffsetAttribute z:Ref="i67"/></URDFElement></ChildElements><ElementName>joint</ElementName><required>false</required><Axis z:Ref="i46"/><AxisName/><Calibration z:Ref="i53"/><Child z:Ref="i44"/><CoordinateSystemName>Origin_global</CoordinateSystemName><Dynamics z:Ref="i56"/><Limit z:Ref="i48"/><Mimic z:Ref="i64"/><NameAttribute z:Ref="i37"/><Origin z:Ref="i39"/><Parent z:Ref="i42"/><Safety z:Ref="i59"/><TypeAttribute z:Ref="i38"/></URDFElement></ChildElements><ElementName>link</ElementName><required>true</required><Children><Link z:Id="i68"><Attributes><Attribute z:Id="i69"><AttributeType>name</AttributeType><IsRequired>true</IsRequired><Value i:type="a:string" xmlns:a="http://www.w3.org/2001/XMLSchema">LFshoulder</Value></Attribute></Attributes><ChildElements><URDFElement z:Id="i70" i:type="Inertial"><Attributes/><ChildElements><URDFElement z:Id="i71" i:type="Origin"><Attributes><Attribute z:Id="i72"><AttributeType>xyz</AttributeType><IsRequired>true</IsRequired><Value i:type="a:ArrayOfdouble" xmlns:a="http://schemas.microsoft.com/2003/10/Serialization/Arrays"><a:double>0.0068116972262093345</a:double><a:double>0.0012503368627788669</a:double><a:double>-0.052999449998840209</a:double></Value></Attribute><Attribute z:Id="i73"><AttributeType>rpy</AttributeType><IsRequired>true</IsRequired><Value i:type="a:ArrayOfdouble" xmlns:a="http://schemas.microsoft.com/2003/10/Serialization/Arrays"><a:double>0</a:double><a:double>0</a:double><a:double>0</a:double></Value></Attribute></Attributes><ChildElements/><ElementName>origin</ElementName><required>false</required><RPYAttribute z:Ref="i73"/><XYZAttribute z:Ref="i72"/><isCustomized>false</isCustomized></URDFElement><URDFElement z:Id="i74" i:type="Mass"><Attributes><Attribute z:Id="i75"><AttributeType>value</AttributeType><IsRequired>true</IsRequired><Value i:type="a:double" xmlns:a="http://www.w3.org/2001/XMLSchema">0.10673460632234874</Value></Attribute></Attributes><ChildElements/><ElementName>mass</ElementName><required>false</required><ValueAttribute z:Ref="i75"/></URDFElement><URDFElement z:Id="i76" i:type="Inertia"><Attributes><Attribute z:Id="i77"><AttributeType>ixx</AttributeType><IsRequired>true</IsRequired><Value i:type="a:double" xmlns:a="http://www.w3.org/2001/XMLSchema">5.1789085360076173E-05</Value></Attribute><Attribute z:Id="i78"><AttributeType>ixy</AttributeType><IsRequired>true</IsRequired><Value i:type="a:double" xmlns:a="http://www.w3.org/2001/XMLSchema">2.95186281770846E-06</Value></Attribute><Attribute z:Id="i79"><AttributeType>ixz</AttributeType><IsRequired>true</IsRequired><Value i:type="a:double" xmlns:a="http://www.w3.org/2001/XMLSchema">-2.7636482858829016E-06</Value></Attribute><Attribute z:Id="i80"><AttributeType>iyy</AttributeType><IsRequired>true</IsRequired><Value i:type="a:double" xmlns:a="http://www.w3.org/2001/XMLSchema">3.8883033533986786E-05</Value></Attribute><Attribute z:Id="i81"><AttributeType>iyz</AttributeType><IsRequired>true</IsRequired><Value i:type="a:double" xmlns:a="http://www.w3.org/2001/XMLSchema">-2.5578413977225496E-06</Value></Attribute><Attribute z:Id="i82"><AttributeType>izz</AttributeType><IsRequired>true</IsRequired><Value i:type="a:double" xmlns:a="http://www.w3.org/2001/XMLSchema">4.6973714082755924E-05</Value></Attribute></Attributes><ChildElements/><ElementName>inertia</ElementName><required>false</required><IxxAttribute z:Ref="i77"/><IxyAttribute z:Ref="i78"/><IxzAttribute z:Ref="i79"/><IyyAttribute z:Ref="i80"/><IyzAttribute z:Ref="i81"/><IzzAttribute z:Ref="i82"/></URDFElement></ChildElements><ElementName>inertial</ElementName><required>false</required><Inertia z:Ref="i76"/><Mass z:Ref="i74"/><Origin z:Ref="i71"/></URDFElement><URDFElement z:Id="i83" i:type="Visual"><Attributes/><ChildElements><URDFElement z:Id="i84" i:type="Origin"><Attributes><Attribute z:Id="i85"><AttributeType>xyz</AttributeType><IsRequired>true</IsRequired><Value i:type="a:ArrayOfdouble" xmlns:a="http://schemas.microsoft.com/2003/10/Serialization/Arrays"><a:double>0</a:double><a:double>0</a:double><a:double>0</a:double></Value></Attribute><Attribute z:Id="i86"><AttributeType>rpy</AttributeType><IsRequired>true</IsRequired><Value i:type="a:ArrayOfdouble" xmlns:a="http://schemas.microsoft.com/2003/10/Serialization/Arrays"><a:double>0</a:double><a:double>0</a:double><a:double>0</a:double></Value></Attribute></Attributes><ChildElements/><ElementName>origin</ElementName><required>false</required><RPYAttribute z:Ref="i86"/><XYZAttribute z:Ref="i85"/><isCustomized>false</isCustomized></URDFElement><URDFElement z:Id="i87" i:type="Geometry"><Attributes/><ChildElements><URDFElement z:Id="i88" i:type="Mesh"><Attributes><Attribute z:Id="i89"><AttributeType>filename</AttributeType><IsRequired>true</IsRequired><Value i:nil="true"/></Attribute></Attributes><ChildElements/><ElementName>mesh</ElementName><required>false</required><FilenameAttribute z:Ref="i89"/></URDFElement></ChildElements><ElementName>geometry</ElementName><required>true</required><Mesh z:Ref="i88"/></URDFElement><URDFElement z:Id="i90" i:type="Material"><Attributes><Attribute z:Id="i91"><AttributeType>name</AttributeType><IsRequired>true</IsRequired><Value i:type="a:string" xmlns:a="http://www.w3.org/2001/XMLSchema"/></Attribute></Attributes><ChildElements><URDFElement z:Id="i92" i:type="Color"><Attributes><Attribute z:Id="i93"><AttributeType>rgba</AttributeType><IsRequired>true</IsRequired><Value i:type="a:ArrayOfdouble" xmlns:a="http://schemas.microsoft.com/2003/10/Serialization/Arrays"><a:double>0.62745098039215685</a:double><a:double>0.62745098039215685</a:double><a:double>0.62745098039215685</a:double><a:double>1</a:double></Value></Attribute></Attributes><ChildElements/><ElementName>color</ElementName><required>false</required><RGBAAttribute z:Ref="i93"/></URDFElement><URDFElement z:Id="i94" i:type="Texture"><Attributes><Attribute z:Id="i95"><AttributeType>filename</AttributeType><IsRequired>true</IsRequired><Value i:nil="true"/></Attribute></Attributes><ChildElements/><ElementName>texture</ElementName><required>false</required><FilenameAttribute z:Ref="i95"/><wFilename/></URDFElement></ChildElements><ElementName>material</ElementName><required>false</required><Color z:Ref="i92"/><NameAttribute z:Ref="i91"/><Texture z:Ref="i94"/></URDFElement></ChildElements><ElementName>visual</ElementName><required>false</required><Geometry z:Ref="i87"/><Material z:Ref="i90"/><Origin z:Ref="i84"/></URDFElement><URDFElement z:Id="i96" i:type="Collision"><Attributes/><ChildElements><URDFElement z:Id="i97" i:type="Origin"><Attributes><Attribute z:Id="i98"><AttributeType>xyz</AttributeType><IsRequired>true</IsRequired><Value i:type="a:ArrayOfdouble" xmlns:a="http://schemas.microsoft.com/2003/10/Serialization/Arrays"><a:double>0</a:double><a:double>0</a:double><a:double>0</a:double></Value></Attribute><Attribute z:Id="i99"><AttributeType>rpy</AttributeType><IsRequired>true</IsRequired><Value i:type="a:ArrayOfdouble" xmlns:a="http://schemas.microsoft.com/2003/10/Serialization/Arrays"><a:double>0</a:double><a:double>0</a:double><a:double>0</a:double></Value></Attribute></Attributes><ChildElements/><ElementName>origin</ElementName><required>false</required><RPYAttribute z:Ref="i99"/><XYZAttribute z:Ref="i98"/><isCustomized>false</isCustomized></URDFElement><URDFElement z:Id="i100" i:type="Geometry"><Attributes/><ChildElements><URDFElement z:Id="i101" i:type="Mesh"><Attributes><Attribute z:Id="i102"><AttributeType>filename</AttributeType><IsRequired>true</IsRequired><Value i:nil="true"/></Attribute></Attributes><ChildElements/><ElementName>mesh</ElementName><required>false</required><FilenameAttribute z:Ref="i102"/></URDFElement></ChildElements><ElementName>geometry</ElementName><required>true</required><Mesh z:Ref="i101"/></URDFElement></ChildElements><ElementName>collision</ElementName><required>false</required><Geometry z:Ref="i100"/><Origin z:Ref="i97"/></URDFElement><URDFElement z:Id="i103" i:type="Joint"><Attributes><Attribute z:Id="i104"><AttributeType>name</AttributeType><IsRequired>true</IsRequired><Value i:type="a:string" xmlns:a="http://www.w3.org/2001/XMLSchema">LFshoulder1</Value></Attribute><Attribute z:Id="i105"><AttributeType>type</AttributeType><IsRequired>true</IsRequired><Value i:type="a:string" xmlns:a="http://www.w3.org/2001/XMLSchema">revolute</Value></Attribute></Attributes><ChildElements><URDFElement z:Id="i106" i:type="Origin"><Attributes><Attribute z:Id="i107"><AttributeType>xyz</AttributeType><IsRequired>true</IsRequired><Value i:type="a:ArrayOfdouble" xmlns:a="http://schemas.microsoft.com/2003/10/Serialization/Arrays"><a:double>0.57094590083093566</a:double><a:double>-1.3528782718737069</a:double><a:double>0.93482698245375773</a:double></Value></Attribute><Attribute z:Id="i108"><AttributeType>rpy</AttributeType><IsRequired>true</IsRequired><Value i:type="a:ArrayOfdouble" xmlns:a="http://schemas.microsoft.com/2003/10/Serialization/Arrays"><a:double>1.5707963267948966</a:double><a:double>0.019698287580365837</a:double><a:double>0</a:double></Value></Attribute></Attributes><ChildElements/><ElementName>origin</ElementName><required>false</required><RPYAttribute z:Ref="i108"/><XYZAttribute z:Ref="i107"/><isCustomized>false</isCustomized></URDFElement><URDFElement z:Id="i109" i:type="ParentLink"><Attributes><Attribute z:Id="i110"><AttributeType>link</AttributeType><IsRequired>true</IsRequired><Value i:type="a:string" xmlns:a="http://www.w3.org/2001/XMLSchema">Body</Value></Attribute></Attributes><ChildElements/><ElementName>parent</ElementName><required>true</required><NameAttribute z:Ref="i110"/></URDFElement><URDFElement z:Id="i111" i:type="ChildLink"><Attributes><Attribute z:Id="i112"><AttributeType>link</AttributeType><IsRequired>true</IsRequired><Value i:type="a:string" xmlns:a="http://www.w3.org/2001/XMLSchema">LFshoulder</Value></Attribute></Attributes><ChildElements/><ElementName>child</ElementName><required>true</required><NameAttribute z:Ref="i112"/></URDFElement><URDFElement z:Id="i113" i:type="Axis"><Attributes><Attribute z:Id="i114"><AttributeType>xyz</AttributeType><IsRequired>true</IsRequired><Value i:type="a:ArrayOfdouble" xmlns:a="http://schemas.microsoft.com/2003/10/Serialization/Arrays"><a:double>0</a:double><a:double>0</a:double><a:double>1</a:double></Value></Attribute></Attributes><ChildElements/><ElementName>axis</ElementName><required>false</required><XYZAttribute z:Ref="i114"/></URDFElement><URDFElement z:Id="i115" i:type="Limit"><Attributes><Attribute z:Id="i116"><AttributeType>lower</AttributeType><IsRequired>true</IsRequired><Value i:type="a:double" xmlns:a="http://www.w3.org/2001/XMLSchema">0</Value></Attribute><Attribute z:Id="i117"><AttributeType>upper</AttributeType><IsRequired>true</IsRequired><Value i:type="a:double" xmlns:a="http://www.w3.org/2001/XMLSchema">6.2832</Value></Attribute><Attribute z:Id="i118"><AttributeType>effort</AttributeType><IsRequired>true</IsRequired><Value i:type="a:double" xmlns:a="http://www.w3.org/2001/XMLSchema">100</Value></Attribute><Attribute z:Id="i119"><AttributeType>velocity</AttributeType><IsRequired>true</IsRequired><Value i:type="a:double" xmlns:a="http://www.w3.org/2001/XMLSchema">2</Value></Attribute></Attributes><ChildElements/><ElementName>limit</ElementName><required>true</required><EffortAttribute z:Ref="i118"/><LowerAttribute z:Ref="i116"/><UpperAttribute z:Ref="i117"/><VelocityAttribute z:Ref="i119"/></URDFElement><URDFElement z:Id="i120" i:type="Calibration"><Attributes><Attribute z:Id="i121"><AttributeType>rising</AttributeType><IsRequired>false</IsRequired><Value i:nil="true"/></Attribute><Attribute z:Id="i122"><AttributeType>falling</AttributeType><IsRequired>false</IsRequired><Value i:nil="true"/></Attribute></Attributes><ChildElements/><ElementName>calibration</ElementName><required>false</required><FallingAttribute z:Ref="i122"/><RisingAttribute z:Ref="i121"/></URDFElement><URDFElement z:Id="i123" i:type="Dynamics"><Attributes><Attribute z:Id="i124"><AttributeType>damping</AttributeType><IsRequired>false</IsRequired><Value i:nil="true"/></Attribute><Attribute z:Id="i125"><AttributeType>friction</AttributeType><IsRequired>false</IsRequired><Value i:nil="true"/></Attribute></Attributes><ChildElements/><ElementName>dynamics</ElementName><required>false</required><DampingAttribute z:Ref="i124"/><FrictionAttribute z:Ref="i125"/></URDFElement><URDFElement z:Id="i126" i:type="SafetyController"><Attributes><Attribute z:Id="i127"><AttributeType>soft_upper_limit</AttributeType><IsRequired>false</IsRequired><Value i:nil="true"/></Attribute><Attribute z:Id="i128"><AttributeType>soft_lower_limit</AttributeType><IsRequired>false</IsRequired><Value i:nil="true"/></Attribute><Attribute z:Id="i129"><AttributeType>k_position</AttributeType><IsRequired>false</IsRequired><Value i:nil="true"/></Attribute><Attribute z:Id="i130"><AttributeType>k_velocity</AttributeType><IsRequired>true</IsRequired><Value i:nil="true"/></Attribute></Attributes><ChildElements/><ElementName>safety_controller</ElementName><required>false</required><KPositionAttribute z:Ref="i129"/><KVelocityAttribute z:Ref="i130"/><SoftLowerAttribute z:Ref="i128"/><SoftUpperAttribute z:Ref="i127"/></URDFElement><URDFElement z:Id="i131" i:type="Mimic"><Attributes><Attribute z:Id="i132"><AttributeType>joint</AttributeType><IsRequired>true</IsRequired><Value i:nil="true"/></Attribute><Attribute z:Id="i133"><AttributeType>multiplier</AttributeType><IsRequired>false</IsRequired><Value i:nil="true"/></Attribute><Attribute z:Id="i134"><AttributeType>offset</AttributeType><IsRequired>false</IsRequired><Value i:nil="true"/></Attribute></Attributes><ChildElements/><ElementName>mimic</ElementName><required>false</required><JointNameAttribute z:Ref="i132"/><MultiplierAttribute z:Ref="i133"/><OffsetAttribute z:Ref="i134"/></URDFElement></ChildElements><ElementName>joint</ElementName><required>false</required><Axis z:Ref="i113"/><AxisName>LF_shoulder1_axis</AxisName><Calibration z:Ref="i120"/><Child z:Ref="i111"/><CoordinateSystemName>LF_shoulder1_CS</CoordinateSystemName><Dynamics z:Ref="i123"/><Limit z:Ref="i115"/><Mimic z:Ref="i131"/><NameAttribute z:Ref="i104"/><Origin z:Ref="i106"/><Parent z:Ref="i109"/><Safety z:Ref="i126"/><TypeAttribute z:Ref="i105"/></URDFElement></ChildElements><ElementName>link</ElementName><required>true</required><Children><Link z:Id="i135"><Attributes><Attribute z:Id="i136"><AttributeType>name</AttributeType><IsRequired>true</IsRequired><Value i:type="a:string" xmlns:a="http://www.w3.org/2001/XMLSchema">LFthigh</Value></Attribute></Attributes><ChildElements><URDFElement z:Id="i137" i:type="Inertial"><Attributes/><ChildElements><URDFElement z:Id="i138" i:type="Origin"><Attributes><Attribute z:Id="i139"><AttributeType>xyz</AttributeType><IsRequired>true</IsRequired><Value i:type="a:ArrayOfdouble" xmlns:a="http://schemas.microsoft.com/2003/10/Serialization/Arrays"><a:double>0.025429922679959582</a:double><a:double>-0.056025345920952929</a:double><a:double>-0.001594649404419668</a:double></Value></Attribute><Attribute z:Id="i140"><AttributeType>rpy</AttributeType><IsRequired>true</IsRequired><Value i:type="a:ArrayOfdouble" xmlns:a="http://schemas.microsoft.com/2003/10/Serialization/Arrays"><a:double>0</a:double><a:double>0</a:double><a:double>0</a:double></Value></Attribute></Attributes><ChildElements/><ElementName>origin</ElementName><required>false</required><RPYAttribute z:Ref="i140"/><XYZAttribute z:Ref="i139"/><isCustomized>false</isCustomized></URDFElement><URDFElement z:Id="i141" i:type="Mass"><Attributes><Attribute z:Id="i142"><AttributeType>value</AttributeType><IsRequired>true</IsRequired><Value i:type="a:double" xmlns:a="http://www.w3.org/2001/XMLSchema">0.14258506237082466</Value></Attribute></Attributes><ChildElements/><ElementName>mass</ElementName><required>false</required><ValueAttribute z:Ref="i142"/></URDFElement><URDFElement z:Id="i143" i:type="Inertia"><Attributes><Attribute z:Id="i144"><AttributeType>ixx</AttributeType><IsRequired>true</IsRequired><Value i:type="a:double" xmlns:a="http://www.w3.org/2001/XMLSchema">0.00032131875229863031</Value></Attribute><Attribute z:Id="i145"><AttributeType>ixy</AttributeType><IsRequired>true</IsRequired><Value i:type="a:double" xmlns:a="http://www.w3.org/2001/XMLSchema">-2.4193849462560258E-06</Value></Attribute><Attribute z:Id="i146"><AttributeType>ixz</AttributeType><IsRequired>true</IsRequired><Value i:type="a:double" xmlns:a="http://www.w3.org/2001/XMLSchema">-5.001795167267087E-08</Value></Attribute><Attribute z:Id="i147"><AttributeType>iyy</AttributeType><IsRequired>true</IsRequired><Value i:type="a:double" xmlns:a="http://www.w3.org/2001/XMLSchema">3.389576290724378E-05</Value></Attribute><Attribute z:Id="i148"><AttributeType>iyz</AttributeType><IsRequired>true</IsRequired><Value i:type="a:double" xmlns:a="http://www.w3.org/2001/XMLSchema">-7.6738920051101863E-06</Value></Attribute><Attribute z:Id="i149"><AttributeType>izz</AttributeType><IsRequired>true</IsRequired><Value i:type="a:double" xmlns:a="http://www.w3.org/2001/XMLSchema">0.00031630604481713116</Value></Attribute></Attributes><ChildElements/><ElementName>inertia</ElementName><required>false</required><IxxAttribute z:Ref="i144"/><IxyAttribute z:Ref="i145"/><IxzAttribute z:Ref="i146"/><IyyAttribute z:Ref="i147"/><IyzAttribute z:Ref="i148"/><IzzAttribute z:Ref="i149"/></URDFElement></ChildElements><ElementName>inertial</ElementName><required>false</required><Inertia z:Ref="i143"/><Mass z:Ref="i141"/><Origin z:Ref="i138"/></URDFElement><URDFElement z:Id="i150" i:type="Visual"><Attributes/><ChildElements><URDFElement z:Id="i151" i:type="Origin"><Attributes><Attribute z:Id="i152"><AttributeType>xyz</AttributeType><IsRequired>true</IsRequired><Value i:type="a:ArrayOfdouble" xmlns:a="http://schemas.microsoft.com/2003/10/Serialization/Arrays"><a:double>0</a:double><a:double>0</a:double><a:double>0</a:double></Value></Attribute><Attribute z:Id="i153"><AttributeType>rpy</AttributeType><IsRequired>true</IsRequired><Value i:type="a:ArrayOfdouble" xmlns:a="http://schemas.microsoft.com/2003/10/Serialization/Arrays"><a:double>0</a:double><a:double>0</a:double><a:double>0</a:double></Value></Attribute></Attributes><ChildElements/><ElementName>origin</ElementName><required>false</required><RPYAttribute z:Ref="i153"/><XYZAttribute z:Ref="i152"/><isCustomized>false</isCustomized></URDFElement><URDFElement z:Id="i154" i:type="Geometry"><Attributes/><ChildElements><URDFElement z:Id="i155" i:type="Mesh"><Attributes><Attribute z:Id="i156"><AttributeType>filename</AttributeType><IsRequired>true</IsRequired><Value i:nil="true"/></Attribute></Attributes><ChildElements/><ElementName>mesh</ElementName><required>false</required><FilenameAttribute z:Ref="i156"/></URDFElement></ChildElements><ElementName>geometry</ElementName><required>true</required><Mesh z:Ref="i155"/></URDFElement><URDFElement z:Id="i157" i:type="Material"><Attributes><Attribute z:Id="i158"><AttributeType>name</AttributeType><IsRequired>true</IsRequired><Value i:type="a:string" xmlns:a="http://www.w3.org/2001/XMLSchema"/></Attribute></Attributes><ChildElements><URDFElement z:Id="i159" i:type="Color"><Attributes><Attribute z:Id="i160"><AttributeType>rgba</AttributeType><IsRequired>true</IsRequired><Value i:type="a:ArrayOfdouble" xmlns:a="http://schemas.microsoft.com/2003/10/Serialization/Arrays"><a:double>0.792156862745098</a:double><a:double>0.81960784313725488</a:double><a:double>0.93333333333333335</a:double><a:double>1</a:double></Value></Attribute></Attributes><ChildElements/><ElementName>color</ElementName><required>false</required><RGBAAttribute z:Ref="i160"/></URDFElement><URDFElement z:Id="i161" i:type="Texture"><Attributes><Attribute z:Id="i162"><AttributeType>filename</AttributeType><IsRequired>true</IsRequired><Value i:nil="true"/></Attribute></Attributes><ChildElements/><ElementName>texture</ElementName><required>false</required><FilenameAttribute z:Ref="i162"/><wFilename/></URDFElement></ChildElements><ElementName>material</ElementName><required>false</required><Color z:Ref="i159"/><NameAttribute z:Ref="i158"/><Texture z:Ref="i161"/></URDFElement></ChildElements><ElementName>visual</ElementName><required>false</required><Geometry z:Ref="i154"/><Material z:Ref="i157"/><Origin z:Ref="i151"/></URDFElement><URDFElement z:Id="i163" i:type="Collision"><Attributes/><ChildElements><URDFElement z:Id="i164" i:type="Origin"><Attributes><Attribute z:Id="i165"><AttributeType>xyz</AttributeType><IsRequired>true</IsRequired><Value i:type="a:ArrayOfdouble" xmlns:a="http://schemas.microsoft.com/2003/10/Serialization/Arrays"><a:double>0</a:double><a:double>0</a:double><a:double>0</a:double></Value></Attribute><Attribute z:Id="i166"><AttributeType>rpy</AttributeType><IsRequired>true</IsRequired><Value i:type="a:ArrayOfdouble" xmlns:a="http://schemas.microsoft.com/2003/10/Serialization/Arrays"><a:double>0</a:double><a:double>0</a:double><a:double>0</a:double></Value></Attribute></Attributes><ChildElements/><ElementName>origin</ElementName><required>false</required><RPYAttribute z:Ref="i166"/><XYZAttribute z:Ref="i165"/><isCustomized>false</isCustomized></URDFElement><URDFElement z:Id="i167" i:type="Geometry"><Attributes/><ChildElements><URDFElement z:Id="i168" i:type="Mesh"><Attributes><Attribute z:Id="i169"><AttributeType>filename</AttributeType><IsRequired>true</IsRequired><Value i:nil="true"/></Attribute></Attributes><ChildElements/><ElementName>mesh</ElementName><required>false</required><FilenameAttribute z:Ref="i169"/></URDFElement></ChildElements><ElementName>geometry</ElementName><required>true</required><Mesh z:Ref="i168"/></URDFElement></ChildElements><ElementName>collision</ElementName><required>false</required><Geometry z:Ref="i167"/><Origin z:Ref="i164"/></URDFElement><URDFElement z:Id="i170" i:type="Joint"><Attributes><Attribute z:Id="i171"><AttributeType>name</AttributeType><IsRequired>true</IsRequired><Value i:type="a:string" xmlns:a="http://www.w3.org/2001/XMLSchema">LFshoulder</Value></Attribute><Attribute z:Id="i172"><AttributeType>type</AttributeType><IsRequired>true</IsRequired><Value i:type="a:string" xmlns:a="http://www.w3.org/2001/XMLSchema">revolute</Value></Attribute></Attributes><ChildElements><URDFElement z:Id="i173" i:type="Origin"><Attributes><Attribute z:Id="i174"><AttributeType>xyz</AttributeType><IsRequired>true</IsRequired><Value i:type="a:ArrayOfdouble" xmlns:a="http://schemas.microsoft.com/2003/10/Serialization/Arrays"><a:double>-0.030132735669689548</a:double><a:double>-0.027433002683566965</a:double><a:double>-0.054419879145493955</a:double></Value></Attribute><Attribute z:Id="i175"><AttributeType>rpy</AttributeType><IsRequired>true</IsRequired><Value i:type="a:ArrayOfdouble" xmlns:a="http://schemas.microsoft.com/2003/10/Serialization/Arrays"><a:double>-0.29981341752985358</a:double><a:double>0</a:double><a:double>0</a:double></Value></Attribute></Attributes><ChildElements/><ElementName>origin</ElementName><required>false</required><RPYAttribute z:Ref="i175"/><XYZAttribute z:Ref="i174"/><isCustomized>false</isCustomized></URDFElement><URDFElement z:Id="i176" i:type="ParentLink"><Attributes><Attribute z:Id="i177"><AttributeType>link</AttributeType><IsRequired>true</IsRequired><Value i:type="a:string" xmlns:a="http://www.w3.org/2001/XMLSchema">LFshoulder</Value></Attribute></Attributes><ChildElements/><ElementName>parent</ElementName><required>true</required><NameAttribute z:Ref="i177"/></URDFElement><URDFElement z:Id="i178" i:type="ChildLink"><Attributes><Attribute z:Id="i179"><AttributeType>link</AttributeType><IsRequired>true</IsRequired><Value i:type="a:string" xmlns:a="http://www.w3.org/2001/XMLSchema">LFthigh</Value></Attribute></Attributes><ChildElements/><ElementName>child</ElementName><required>true</required><NameAttribute z:Ref="i179"/></URDFElement><URDFElement z:Id="i180" i:type="Axis"><Attributes><Attribute z:Id="i181"><AttributeType>xyz</AttributeType><IsRequired>true</IsRequired><Value i:type="a:ArrayOfdouble" xmlns:a="http://schemas.microsoft.com/2003/10/Serialization/Arrays"><a:double>0.99999999999999978</a:double><a:double>0</a:double><a:double>0</a:double></Value></Attribute></Attributes><ChildElements/><ElementName>axis</ElementName><required>false</required><XYZAttribute z:Ref="i181"/></URDFElement><URDFElement z:Id="i182" i:type="Limit"><Attributes><Attribute z:Id="i183"><AttributeType>lower</AttributeType><IsRequired>true</IsRequired><Value i:type="a:double" xmlns:a="http://www.w3.org/2001/XMLSchema">0</Value></Attribute><Attribute z:Id="i184"><AttributeType>upper</AttributeType><IsRequired>true</IsRequired><Value i:type="a:double" xmlns:a="http://www.w3.org/2001/XMLSchema">6.2832</Value></Attribute><Attribute z:Id="i185"><AttributeType>effort</AttributeType><IsRequired>true</IsRequired><Value i:type="a:double" xmlns:a="http://www.w3.org/2001/XMLSchema">100</Value></Attribute><Attribute z:Id="i186"><AttributeType>velocity</AttributeType><IsRequired>true</IsRequired><Value i:type="a:double" xmlns:a="http://www.w3.org/2001/XMLSchema">2</Value></Attribute></Attributes><ChildElements/><ElementName>limit</ElementName><required>true</required><EffortAttribute z:Ref="i185"/><LowerAttribute z:Ref="i183"/><UpperAttribute z:Ref="i184"/><VelocityAttribute z:Ref="i186"/></URDFElement><URDFElement z:Id="i187" i:type="Calibration"><Attributes><Attribute z:Id="i188"><AttributeType>rising</AttributeType><IsRequired>false</IsRequired><Value i:nil="true"/></Attribute><Attribute z:Id="i189"><AttributeType>falling</AttributeType><IsRequired>false</IsRequired><Value i:nil="true"/></Attribute></Attributes><ChildElements/><ElementName>calibration</ElementName><required>false</required><FallingAttribute z:Ref="i189"/><RisingAttribute z:Ref="i188"/></URDFElement><URDFElement z:Id="i190" i:type="Dynamics"><Attributes><Attribute z:Id="i191"><AttributeType>damping</AttributeType><IsRequired>false</IsRequired><Value i:nil="true"/></Attribute><Attribute z:Id="i192"><AttributeType>friction</AttributeType><IsRequired>false</IsRequired><Value i:nil="true"/></Attribute></Attributes><ChildElements/><ElementName>dynamics</ElementName><required>false</required><DampingAttribute z:Ref="i191"/><FrictionAttribute z:Ref="i192"/></URDFElement><URDFElement z:Id="i193" i:type="SafetyController"><Attributes><Attribute z:Id="i194"><AttributeType>soft_upper_limit</AttributeType><IsRequired>false</IsRequired><Value i:nil="true"/></Attribute><Attribute z:Id="i195"><AttributeType>soft_lower_limit</AttributeType><IsRequired>false</IsRequired><Value i:nil="true"/></Attribute><Attribute z:Id="i196"><AttributeType>k_position</AttributeType><IsRequired>false</IsRequired><Value i:nil="true"/></Attribute><Attribute z:Id="i197"><AttributeType>k_velocity</AttributeType><IsRequired>true</IsRequired><Value i:nil="true"/></Attribute></Attributes><ChildElements/><ElementName>safety_controller</ElementName><required>false</required><KPositionAttribute z:Ref="i196"/><KVelocityAttribute z:Ref="i197"/><SoftLowerAttribute z:Ref="i195"/><SoftUpperAttribute z:Ref="i194"/></URDFElement><URDFElement z:Id="i198" i:type="Mimic"><Attributes><Attribute z:Id="i199"><AttributeType>joint</AttributeType><IsRequired>true</IsRequired><Value i:nil="true"/></Attribute><Attribute z:Id="i200"><AttributeType>multiplier</AttributeType><IsRequired>false</IsRequired><Value i:nil="true"/></Attribute><Attribute z:Id="i201"><AttributeType>offset</AttributeType><IsRequired>false</IsRequired><Value i:nil="true"/></Attribute></Attributes><ChildElements/><ElementName>mimic</ElementName><required>false</required><JointNameAttribute z:Ref="i199"/><MultiplierAttribute z:Ref="i200"/><OffsetAttribute z:Ref="i201"/></URDFElement></ChildElements><ElementName>joint</ElementName><required>false</required><Axis z:Ref="i180"/><AxisName>left1_front_shoulder_axis</AxisName><Calibration z:Ref="i187"/><Child z:Ref="i178"/><CoordinateSystemName>LF_shoulder_CS</CoordinateSystemName><Dynamics z:Ref="i190"/><Limit z:Ref="i182"/><Mimic z:Ref="i198"/><NameAttribute z:Ref="i171"/><Origin z:Ref="i173"/><Parent z:Ref="i176"/><Safety z:Ref="i193"/><TypeAttribute z:Ref="i172"/></URDFElement></ChildElements><ElementName>link</ElementName><required>true</required><Children><Link z:Id="i202"><Attributes><Attribute z:Id="i203"><AttributeType>name</AttributeType><IsRequired>true</IsRequired><Value i:type="a:string" xmlns:a="http://www.w3.org/2001/XMLSchema">LFcalf</Value></Attribute></Attributes><ChildElements><URDFElement z:Id="i204" i:type="Inertial"><Attributes/><ChildElements><URDFElement z:Id="i205" i:type="Origin"><Attributes><Attribute z:Id="i206"><AttributeType>xyz</AttributeType><IsRequired>true</IsRequired><Value i:type="a:ArrayOfdouble" xmlns:a="http://schemas.microsoft.com/2003/10/Serialization/Arrays"><a:double>0.037785146291112848</a:double><a:double>-0.077136025477507308</a:double><a:double>-8.79296635503124E-13</a:double></Value></Attribute><Attribute z:Id="i207"><AttributeType>rpy</AttributeType><IsRequired>true</IsRequired><Value i:type="a:ArrayOfdouble" xmlns:a="http://schemas.microsoft.com/2003/10/Serialization/Arrays"><a:double>0</a:double><a:double>0</a:double><a:double>0</a:double></Value></Attribute></Attributes><ChildElements/><ElementName>origin</ElementName><required>false</required><RPYAttribute z:Ref="i207"/><XYZAttribute z:Ref="i206"/><isCustomized>false</isCustomized></URDFElement><URDFElement z:Id="i208" i:type="Mass"><Attributes><Attribute z:Id="i209"><AttributeType>value</AttributeType><IsRequired>true</IsRequired><Value i:type="a:double" xmlns:a="http://www.w3.org/2001/XMLSchema">0.22012987304452508</Value></Attribute></Attributes><ChildElements/><ElementName>mass</ElementName><required>false</required><ValueAttribute z:Ref="i209"/></URDFElement><URDFElement z:Id="i210" i:type="Inertia"><Attributes><Attribute z:Id="i211"><AttributeType>ixx</AttributeType><IsRequired>true</IsRequired><Value i:type="a:double" xmlns:a="http://www.w3.org/2001/XMLSchema">0.00050033341724740085</Value></Attribute><Attribute z:Id="i212"><AttributeType>ixy</AttributeType><IsRequired>true</IsRequired><Value i:type="a:double" xmlns:a="http://www.w3.org/2001/XMLSchema">-2.71815321277087E-06</Value></Attribute><Attribute z:Id="i213"><AttributeType>ixz</AttributeType><IsRequired>true</IsRequired><Value i:type="a:double" xmlns:a="http://www.w3.org/2001/XMLSchema">-5.7174723939665273E-21</Value></Attribute><Attribute z:Id="i214"><AttributeType>iyy</AttributeType><IsRequired>true</IsRequired><Value i:type="a:double" xmlns:a="http://www.w3.org/2001/XMLSchema">5.5998922418015778E-05</Value></Attribute><Attribute z:Id="i215"><AttributeType>iyz</AttributeType><IsRequired>true</IsRequired><Value i:type="a:double" xmlns:a="http://www.w3.org/2001/XMLSchema">1.0977546996415732E-18</Value></Attribute><Attribute z:Id="i216"><AttributeType>izz</AttributeType><IsRequired>true</IsRequired><Value i:type="a:double" xmlns:a="http://www.w3.org/2001/XMLSchema">0.00049943663709032745</Value></Attribute></Attributes><ChildElements/><ElementName>inertia</ElementName><required>false</required><IxxAttribute z:Ref="i211"/><IxyAttribute z:Ref="i212"/><IxzAttribute z:Ref="i213"/><IyyAttribute z:Ref="i214"/><IyzAttribute z:Ref="i215"/><IzzAttribute z:Ref="i216"/></URDFElement></ChildElements><ElementName>inertial</ElementName><required>false</required><Inertia z:Ref="i210"/><Mass z:Ref="i208"/><Origin z:Ref="i205"/></URDFElement><URDFElement z:Id="i217" i:type="Visual"><Attributes/><ChildElements><URDFElement z:Id="i218" i:type="Origin"><Attributes><Attribute z:Id="i219"><AttributeType>xyz</AttributeType><IsRequired>true</IsRequired><Value i:type="a:ArrayOfdouble" xmlns:a="http://schemas.microsoft.com/2003/10/Serialization/Arrays"><a:double>0</a:double><a:double>0</a:double><a:double>0</a:double></Value></Attribute><Attribute z:Id="i220"><AttributeType>rpy</AttributeType><IsRequired>true</IsRequired><Value i:type="a:ArrayOfdouble" xmlns:a="http://schemas.microsoft.com/2003/10/Serialization/Arrays"><a:double>0</a:double><a:double>0</a:double><a:double>0</a:double></Value></Attribute></Attributes><ChildElements/><ElementName>origin</ElementName><required>false</required><RPYAttribute z:Ref="i220"/><XYZAttribute z:Ref="i219"/><isCustomized>false</isCustomized></URDFElement><URDFElement z:Id="i221" i:type="Geometry"><Attributes/><ChildElements><URDFElement z:Id="i222" i:type="Mesh"><Attributes><Attribute z:Id="i223"><AttributeType>filename</AttributeType><IsRequired>true</IsRequired><Value i:nil="true"/></Attribute></Attributes><ChildElements/><ElementName>mesh</ElementName><required>false</required><FilenameAttribute z:Ref="i223"/></URDFElement></ChildElements><ElementName>geometry</ElementName><required>true</required><Mesh z:Ref="i222"/></URDFElement><URDFElement z:Id="i224" i:type="Material"><Attributes><Attribute z:Id="i225"><AttributeType>name</AttributeType><IsRequired>true</IsRequired><Value i:type="a:string" xmlns:a="http://www.w3.org/2001/XMLSchema"/></Attribute></Attributes><ChildElements><URDFElement z:Id="i226" i:type="Color"><Attributes><Attribute z:Id="i227"><AttributeType>rgba</AttributeType><IsRequired>true</IsRequired><Value i:type="a:ArrayOfdouble" xmlns:a="http://schemas.microsoft.com/2003/10/Serialization/Arrays"><a:double>0.792156862745098</a:double><a:double>0.81960784313725488</a:double><a:double>0.93333333333333335</a:double><a:double>1</a:double></Value></Attribute></Attributes><ChildElements/><ElementName>color</ElementName><required>false</required><RGBAAttribute z:Ref="i227"/></URDFElement><URDFElement z:Id="i228" i:type="Texture"><Attributes><Attribute z:Id="i229"><AttributeType>filename</AttributeType><IsRequired>true</IsRequired><Value i:nil="true"/></Attribute></Attributes><ChildElements/><ElementName>texture</ElementName><required>false</required><FilenameAttribute z:Ref="i229"/><wFilename/></URDFElement></ChildElements><ElementName>material</ElementName><required>false</required><Color z:Ref="i226"/><NameAttribute z:Ref="i225"/><Texture z:Ref="i228"/></URDFElement></ChildElements><ElementName>visual</ElementName><required>false</required><Geometry z:Ref="i221"/><Material z:Ref="i224"/><Origin z:Ref="i218"/></URDFElement><URDFElement z:Id="i230" i:type="Collision"><Attributes/><ChildElements><URDFElement z:Id="i231" i:type="Origin"><Attributes><Attribute z:Id="i232"><AttributeType>xyz</AttributeType><IsRequired>true</IsRequired><Value i:type="a:ArrayOfdouble" xmlns:a="http://schemas.microsoft.com/2003/10/Serialization/Arrays"><a:double>0</a:double><a:double>0</a:double><a:double>0</a:double></Value></Attribute><Attribute z:Id="i233"><AttributeType>rpy</AttributeType><IsRequired>true</IsRequired><Value i:type="a:ArrayOfdouble" xmlns:a="http://schemas.microsoft.com/2003/10/Serialization/Arrays"><a:double>0</a:double><a:double>0</a:double><a:double>0</a:double></Value></Attribute></Attributes><ChildElements/><ElementName>origin</ElementName><required>false</required><RPYAttribute z:Ref="i233"/><XYZAttribute z:Ref="i232"/><isCustomized>false</isCustomized></URDFElement><URDFElement z:Id="i234" i:type="Geometry"><Attributes/><ChildElements><URDFElement z:Id="i235" i:type="Mesh"><Attributes><Attribute z:Id="i236"><AttributeType>filename</AttributeType><IsRequired>true</IsRequired><Value i:nil="true"/></Attribute></Attributes><ChildElements/><ElementName>mesh</ElementName><required>false</required><FilenameAttribute z:Ref="i236"/></URDFElement></ChildElements><ElementName>geometry</ElementName><required>true</required><Mesh z:Ref="i235"/></URDFElement></ChildElements><ElementName>collision</ElementName><required>false</required><Geometry z:Ref="i234"/><Origin z:Ref="i231"/></URDFElement><URDFElement z:Id="i237" i:type="Joint"><Attributes><Attribute z:Id="i238"><AttributeType>name</AttributeType><IsRequired>true</IsRequired><Value i:type="a:string" xmlns:a="http://www.w3.org/2001/XMLSchema">LFknee</Value></Attribute><Attribute z:Id="i239"><AttributeType>type</AttributeType><IsRequired>true</IsRequired><Value i:type="a:string" xmlns:a="http://www.w3.org/2001/XMLSchema">revolute</Value></Attribute></Attributes><ChildElements><URDFElement z:Id="i240" i:type="Origin"><Attributes><Attribute z:Id="i241"><AttributeType>xyz</AttributeType><IsRequired>true</IsRequired><Value i:type="a:ArrayOfdouble" xmlns:a="http://schemas.microsoft.com/2003/10/Serialization/Arrays"><a:double>-0.0098017085373102164</a:double><a:double>-0.1347704822805631</a:double><a:double>-0.0041466409553598815</a:double></Value></Attribute><Attribute z:Id="i242"><AttributeType>rpy</AttributeType><IsRequired>true</IsRequired><Value i:type="a:ArrayOfdouble" xmlns:a="http://schemas.microsoft.com/2003/10/Serialization/Arrays"><a:double>1.0916284405023646</a:double><a:double>-0.012281032998768334</a:double><a:double>0.0063804086168105017</a:double></Value></Attribute></Attributes><ChildElements/><ElementName>origin</ElementName><required>false</required><RPYAttribute z:Ref="i242"/><XYZAttribute z:Ref="i241"/><isCustomized>false</isCustomized></URDFElement><URDFElement z:Id="i243" i:type="ParentLink"><Attributes><Attribute z:Id="i244"><AttributeType>link</AttributeType><IsRequired>true</IsRequired><Value i:type="a:string" xmlns:a="http://www.w3.org/2001/XMLSchema">LFthigh</Value></Attribute></Attributes><ChildElements/><ElementName>parent</ElementName><required>true</required><NameAttribute z:Ref="i244"/></URDFElement><URDFElement z:Id="i245" i:type="ChildLink"><Attributes><Attribute z:Id="i246"><AttributeType>link</AttributeType><IsRequired>true</IsRequired><Value i:type="a:string" xmlns:a="http://www.w3.org/2001/XMLSchema">LFcalf</Value></Attribute></Attributes><ChildElements/><ElementName>child</ElementName><required>true</required><NameAttribute z:Ref="i246"/></URDFElement><URDFElement z:Id="i247" i:type="Axis"><Attributes><Attribute z:Id="i248"><AttributeType>xyz</AttributeType><IsRequired>true</IsRequired><Value i:type="a:ArrayOfdouble" xmlns:a="http://schemas.microsoft.com/2003/10/Serialization/Arrays"><a:double>0.999904235859026</a:double><a:double>-0.013839043000754466</a:double><a:double>0</a:double></Value></Attribute></Attributes><ChildElements/><ElementName>axis</ElementName><required>false</required><XYZAttribute z:Ref="i248"/></URDFElement><URDFElement z:Id="i249" i:type="Limit"><Attributes><Attribute z:Id="i250"><AttributeType>lower</AttributeType><IsRequired>true</IsRequired><Value i:type="a:double" xmlns:a="http://www.w3.org/2001/XMLSchema">0</Value></Attribute><Attribute z:Id="i251"><AttributeType>upper</AttributeType><IsRequired>true</IsRequired><Value i:type="a:double" xmlns:a="http://www.w3.org/2001/XMLSchema">6.2832</Value></Attribute><Attribute z:Id="i252"><AttributeType>effort</AttributeType><IsRequired>true</IsRequired><Value i:type="a:double" xmlns:a="http://www.w3.org/2001/XMLSchema">100</Value></Attribute><Attribute z:Id="i253"><AttributeType>velocity</AttributeType><IsRequired>true</IsRequired><Value i:type="a:double" xmlns:a="http://www.w3.org/2001/XMLSchema">2</Value></Attribute></Attributes><ChildElements/><ElementName>limit</ElementName><required>true</required><EffortAttribute z:Ref="i252"/><LowerAttribute z:Ref="i250"/><UpperAttribute z:Ref="i251"/><VelocityAttribute z:Ref="i253"/></URDFElement><URDFElement z:Id="i254" i:type="Calibration"><Attributes><Attribute z:Id="i255"><AttributeType>rising</AttributeType><IsRequired>false</IsRequired><Value i:nil="true"/></Attribute><Attribute z:Id="i256"><AttributeType>falling</AttributeType><IsRequired>false</IsRequired><Value i:nil="true"/></Attribute></Attributes><ChildElements/><ElementName>calibration</ElementName><required>false</required><FallingAttribute z:Ref="i256"/><RisingAttribute z:Ref="i255"/></URDFElement><URDFElement z:Id="i257" i:type="Dynamics"><Attributes><Attribute z:Id="i258"><AttributeType>damping</AttributeType><IsRequired>false</IsRequired><Value i:nil="true"/></Attribute><Attribute z:Id="i259"><AttributeType>friction</AttributeType><IsRequired>false</IsRequired><Value i:nil="true"/></Attribute></Attributes><ChildElements/><ElementName>dynamics</ElementName><required>false</required><DampingAttribute z:Ref="i258"/><FrictionAttribute z:Ref="i259"/></URDFElement><URDFElement z:Id="i260" i:type="SafetyController"><Attributes><Attribute z:Id="i261"><AttributeType>soft_upper_limit</AttributeType><IsRequired>false</IsRequired><Value i:nil="true"/></Attribute><Attribute z:Id="i262"><AttributeType>soft_lower_limit</AttributeType><IsRequired>false</IsRequired><Value i:nil="true"/></Attribute><Attribute z:Id="i263"><AttributeType>k_position</AttributeType><IsRequired>false</IsRequired><Value i:nil="true"/></Attribute><Attribute z:Id="i264"><AttributeType>k_velocity</AttributeType><IsRequired>true</IsRequired><Value i:nil="true"/></Attribute></Attributes><ChildElements/><ElementName>safety_controller</ElementName><required>false</required><KPositionAttribute z:Ref="i263"/><KVelocityAttribute z:Ref="i264"/><SoftLowerAttribute z:Ref="i262"/><SoftUpperAttribute z:Ref="i261"/></URDFElement><URDFElement z:Id="i265" i:type="Mimic"><Attributes><Attribute z:Id="i266"><AttributeType>joint</AttributeType><IsRequired>true</IsRequired><Value i:nil="true"/></Attribute><Attribute z:Id="i267"><AttributeType>multiplier</AttributeType><IsRequired>false</IsRequired><Value i:nil="true"/></Attribute><Attribute z:Id="i268"><AttributeType>offset</AttributeType><IsRequired>false</IsRequired><Value i:nil="true"/></Attribute></Attributes><ChildElements/><ElementName>mimic</ElementName><required>false</required><JointNameAttribute z:Ref="i266"/><MultiplierAttribute z:Ref="i267"/><OffsetAttribute z:Ref="i268"/></URDFElement></ChildElements><ElementName>joint</ElementName><required>false</required><Axis z:Ref="i247"/><AxisName>left_front1_knee_axis</AxisName><Calibration z:Ref="i254"/><Child z:Ref="i245"/><CoordinateSystemName>LF_knee_CS</CoordinateSystemName><Dynamics z:Ref="i257"/><Limit z:Ref="i249"/><Mimic z:Ref="i265"/><NameAttribute z:Ref="i238"/><Origin z:Ref="i240"/><Parent z:Ref="i243"/><Safety z:Ref="i260"/><TypeAttribute z:Ref="i239"/></URDFElement></ChildElements><ElementName>link</ElementName><required>true</required><Children/><Collision z:Ref="i230"/><Inertial z:Ref="i204"/><Joint z:Ref="i237"/><NameAttribute z:Ref="i203"/><Parent z:Ref="i135"/><STLQualityFine>false</STLQualityFine><SWComponentPIDs xmlns:a="http://schemas.microsoft.com/2003/10/Serialization/Arrays"><a:base64Binary>UEYAAAUAAAD//v8hTABlAGcALQAzAEAAYgBvAGQAeQAgAHAAawAvAE4ARQBXACAATABPAFcARQBSACAATABFAEcALQAxAEAATABlAGcABAAAABAAAAABAAAAAgAAADIGAABHAAAA</a:base64Binary><a:base64Binary>UEYAAAUAAAD//v8fTABlAGcALQAzAEAAYgBvAGQAeQAgAHAAawAvAGwAbwB3AGUAcgAgAGwAZQBnACAAMgAtADEAQABMAGUAZwAEAAAAEAAAAAEAAAACAAAAMgYAAEYAAAA=</a:base64Binary></SWComponentPIDs><SWMainComponentPID i:nil="true"/><Visual z:Ref="i217"/><isFixedFrame>false</isFixedFrame><isIncomplete>false</isIncomplete></Link></Children><Collision z:Ref="i163"/><Inertial z:Ref="i137"/><Joint z:Ref="i170"/><NameAttribute z:Ref="i136"/><Parent z:Ref="i68"/><STLQualityFine>false</STLQualityFine><SWComponentPIDs xmlns:a="http://schemas.microsoft.com/2003/10/Serialization/Arrays"><a:base64Binary>UEYAAAUAAAD//v8aTABlAGcALQAzAEAAYgBvAGQAeQAgAHAAawAvAHUAcAAgAGwAZQBnAC0AMQBAAEwAZQBnAAQAAAAQAAAAAQAAAAIAAAAyBgAAPgAAAA==</a:base64Binary></SWComponentPIDs><SWMainComponentPID i:nil="true"/><Visual z:Ref="i150"/><isFixedFrame>false</isFixedFrame><isIncomplete>false</isIncomplete></Link></Children><Collision z:Ref="i96"/><Inertial z:Ref="i70"/><Joint z:Ref="i103"/><NameAttribute z:Ref="i69"/><Parent z:Ref="i1"/><STLQualityFine>false</STLQualityFine><SWComponentPIDs xmlns:a="http://schemas.microsoft.com/2003/10/Serialization/Arrays"><a:base64Binary>UEYAAAUAAAD//v81TABlAGcALQAzAEAAYgBvAGQAeQAgAHAAawAvAHMAaABvAHUAbABkAGUAcgAtADEAQABMAGUAZwAvAHMAaABvAHUAbABkAGUAcgAgAHAAYQByAHQALQAxAEAAcwBoAG8AdQBsAGQAZQByAAQAAAAQAAAAAQAAAAMAAAAyBgAAGAAAAB4AAAA=</a:base64Binary></SWComponentPIDs><SWMainComponentPID i:nil="true"/><Visual z:Ref="i83"/><isFixedFrame>false</isFixedFrame><isIncomplete>false</isIncomplete></Link><Link z:Id="i269"><Attributes><Attribute z:Id="i270"><AttributeType>name</AttributeType><IsRequired>true</IsRequired><Value i:type="a:string" xmlns:a="http://www.w3.org/2001/XMLSchema">LRshoulder</Value></Attribute></Attributes><ChildElements><URDFElement z:Id="i271" i:type="Inertial"><Attributes/><ChildElements><URDFElement z:Id="i272" i:type="Origin"><Attributes><Attribute z:Id="i273"><AttributeType>xyz</AttributeType><IsRequired>true</IsRequired><Value i:type="a:ArrayOfdouble" xmlns:a="http://schemas.microsoft.com/2003/10/Serialization/Arrays"><a:double>0.0069792314079765161</a:double><a:double>0.0012054493771359587</a:double><a:double>-0.053004471651077134</a:double></Value></Attribute><Attribute z:Id="i274"><AttributeType>rpy</AttributeType><IsRequired>true</IsRequired><Value i:type="a:ArrayOfdouble" xmlns:a="http://schemas.microsoft.com/2003/10/Serialization/Arrays"><a:double>0</a:double><a:double>0</a:double><a:double>0</a:double></Value></Attribute></Attributes><ChildElements/><ElementName>origin</ElementName><required>false</required><RPYAttribute z:Ref="i274"/><XYZAttribute z:Ref="i273"/><isCustomized>false</isCustomized></URDFElement><URDFElement z:Id="i275" i:type="Mass"><Attributes><Attribute z:Id="i276"><AttributeType>value</AttributeType><IsRequired>true</IsRequired><Value i:type="a:double" xmlns:a="http://www.w3.org/2001/XMLSchema">0.10711326009938971</Value></Attribute></Attributes><ChildElements/><ElementName>mass</ElementName><required>false</required><ValueAttribute z:Ref="i276"/></URDFElement><URDFElement z:Id="i277" i:type="Inertia"><Attributes><Attribute z:Id="i278"><AttributeType>ixx</AttributeType><IsRequired>true</IsRequired><Value i:type="a:double" xmlns:a="http://www.w3.org/2001/XMLSchema">5.1818384581595835E-05</Value></Attribute><Attribute z:Id="i279"><AttributeType>ixy</AttributeType><IsRequired>true</IsRequired><Value i:type="a:double" xmlns:a="http://www.w3.org/2001/XMLSchema">2.9074698977896758E-06</Value></Attribute><Attribute z:Id="i280"><AttributeType>ixz</AttributeType><IsRequired>true</IsRequired><Value i:type="a:double" xmlns:a="http://www.w3.org/2001/XMLSchema">-2.7636485615491175E-06</Value></Attribute><Attribute z:Id="i281"><AttributeType>iyy</AttributeType><IsRequired>true</IsRequired><Value i:type="a:double" xmlns:a="http://www.w3.org/2001/XMLSchema">3.9028177781963352E-05</Value></Attribute><Attribute z:Id="i282"><AttributeType>iyz</AttributeType><IsRequired>true</IsRequired><Value i:type="a:double" xmlns:a="http://www.w3.org/2001/XMLSchema">-2.5578413878064836E-06</Value></Attribute><Attribute z:Id="i283"><AttributeType>izz</AttributeType><IsRequired>true</IsRequired><Value i:type="a:double" xmlns:a="http://www.w3.org/2001/XMLSchema">4.7122913523720537E-05</Value></Attribute></Attributes><ChildElements/><ElementName>inertia</ElementName><required>false</required><IxxAttribute z:Ref="i278"/><IxyAttribute z:Ref="i279"/><IxzAttribute z:Ref="i280"/><IyyAttribute z:Ref="i281"/><IyzAttribute z:Ref="i282"/><IzzAttribute z:Ref="i283"/></URDFElement></ChildElements><ElementName>inertial</ElementName><required>false</required><Inertia z:Ref="i277"/><Mass z:Ref="i275"/><Origin z:Ref="i272"/></URDFElement><URDFElement z:Id="i284" i:type="Visual"><Attributes/><ChildElements><URDFElement z:Id="i285" i:type="Origin"><Attributes><Attribute z:Id="i286"><AttributeType>xyz</AttributeType><IsRequired>true</IsRequired><Value i:type="a:ArrayOfdouble" xmlns:a="http://schemas.microsoft.com/2003/10/Serialization/Arrays"><a:double>0</a:double><a:double>0</a:double><a:double>0</a:double></Value></Attribute><Attribute z:Id="i287"><AttributeType>rpy</AttributeType><IsRequired>true</IsRequired><Value i:type="a:ArrayOfdouble" xmlns:a="http://schemas.microsoft.com/2003/10/Serialization/Arrays"><a:double>0</a:double><a:double>0</a:double><a:double>0</a:double></Value></Attribute></Attributes><ChildElements/><ElementName>origin</ElementName><required>false</required><RPYAttribute z:Ref="i287"/><XYZAttribute z:Ref="i286"/><isCustomized>false</isCustomized></URDFElement><URDFElement z:Id="i288" i:type="Geometry"><Attributes/><ChildElements><URDFElement z:Id="i289" i:type="Mesh"><Attributes><Attribute z:Id="i290"><AttributeType>filename</AttributeType><IsRequired>true</IsRequired><Value i:nil="true"/></Attribute></Attributes><ChildElements/><ElementName>mesh</ElementName><required>false</required><FilenameAttribute z:Ref="i290"/></URDFElement></ChildElements><ElementName>geometry</ElementName><required>true</required><Mesh z:Ref="i289"/></URDFElement><URDFElement z:Id="i291" i:type="Material"><Attributes><Attribute z:Id="i292"><AttributeType>name</AttributeType><IsRequired>true</IsRequired><Value i:type="a:string" xmlns:a="http://www.w3.org/2001/XMLSchema"/></Attribute></Attributes><ChildElements><URDFElement z:Id="i293" i:type="Color"><Attributes><Attribute z:Id="i294"><AttributeType>rgba</AttributeType><IsRequired>true</IsRequired><Value i:type="a:ArrayOfdouble" xmlns:a="http://schemas.microsoft.com/2003/10/Serialization/Arrays"><a:double>0.62745098039215685</a:double><a:double>0.62745098039215685</a:double><a:double>0.62745098039215685</a:double><a:double>1</a:double></Value></Attribute></Attributes><ChildElements/><ElementName>color</ElementName><required>false</required><RGBAAttribute z:Ref="i294"/></URDFElement><URDFElement z:Id="i295" i:type="Texture"><Attributes><Attribute z:Id="i296"><AttributeType>filename</AttributeType><IsRequired>true</IsRequired><Value i:nil="true"/></Attribute></Attributes><ChildElements/><ElementName>texture</ElementName><required>false</required><FilenameAttribute z:Ref="i296"/><wFilename/></URDFElement></ChildElements><ElementName>material</ElementName><required>false</required><Color z:Ref="i293"/><NameAttribute z:Ref="i292"/><Texture z:Ref="i295"/></URDFElement></ChildElements><ElementName>visual</ElementName><required>false</required><Geometry z:Ref="i288"/><Material z:Ref="i291"/><Origin z:Ref="i285"/></URDFElement><URDFElement z:Id="i297" i:type="Collision"><Attributes/><ChildElements><URDFElement z:Id="i298" i:type="Origin"><Attributes><Attribute z:Id="i299"><AttributeType>xyz</AttributeType><IsRequired>true</IsRequired><Value i:type="a:ArrayOfdouble" xmlns:a="http://schemas.microsoft.com/2003/10/Serialization/Arrays"><a:double>0</a:double><a:double>0</a:double><a:double>0</a:double></Value></Attribute><Attribute z:Id="i300"><AttributeType>rpy</AttributeType><IsRequired>true</IsRequired><Value i:type="a:ArrayOfdouble" xmlns:a="http://schemas.microsoft.com/2003/10/Serialization/Arrays"><a:double>0</a:double><a:double>0</a:double><a:double>0</a:double></Value></Attribute></Attributes><ChildElements/><ElementName>origin</ElementName><required>false</required><RPYAttribute z:Ref="i300"/><XYZAttribute z:Ref="i299"/><isCustomized>false</isCustomized></URDFElement><URDFElement z:Id="i301" i:type="Geometry"><Attributes/><ChildElements><URDFElement z:Id="i302" i:type="Mesh"><Attributes><Attribute z:Id="i303"><AttributeType>filename</AttributeType><IsRequired>true</IsRequired><Value i:nil="true"/></Attribute></Attributes><ChildElements/><ElementName>mesh</ElementName><required>false</required><FilenameAttribute z:Ref="i303"/></URDFElement></ChildElements><ElementName>geometry</ElementName><required>true</required><Mesh z:Ref="i302"/></URDFElement></ChildElements><ElementName>collision</ElementName><required>false</required><Geometry z:Ref="i301"/><Origin z:Ref="i298"/></URDFElement><URDFElement z:Id="i304" i:type="Joint"><Attributes><Attribute z:Id="i305"><AttributeType>name</AttributeType><IsRequired>true</IsRequired><Value i:type="a:string" xmlns:a="http://www.w3.org/2001/XMLSchema">LRshoulder1</Value></Attribute><Attribute z:Id="i306"><AttributeType>type</AttributeType><IsRequired>true</IsRequired><Value i:type="a:string" xmlns:a="http://www.w3.org/2001/XMLSchema">revolute</Value></Attribute></Attributes><ChildElements><URDFElement z:Id="i307" i:type="Origin"><Attributes><Attribute z:Id="i308"><AttributeType>xyz</AttributeType><IsRequired>true</IsRequired><Value i:type="a:ArrayOfdouble" xmlns:a="http://schemas.microsoft.com/2003/10/Serialization/Arrays"><a:double>0.57094590083093666</a:double><a:double>-1.6026782718737087</a:double><a:double>0.93502698245374449</a:double></Value></Attribute><Attribute z:Id="i309"><AttributeType>rpy</AttributeType><IsRequired>true</IsRequired><Value i:type="a:ArrayOfdouble" xmlns:a="http://schemas.microsoft.com/2003/10/Serialization/Arrays"><a:double>1.5707963267948963</a:double><a:double>0.040017443041471437</a:double><a:double>0</a:double></Value></Attribute></Attributes><ChildElements/><ElementName>origin</ElementName><required>false</required><RPYAttribute z:Ref="i309"/><XYZAttribute z:Ref="i308"/><isCustomized>false</isCustomized></URDFElement><URDFElement z:Id="i310" i:type="ParentLink"><Attributes><Attribute z:Id="i311"><AttributeType>link</AttributeType><IsRequired>true</IsRequired><Value i:type="a:string" xmlns:a="http://www.w3.org/2001/XMLSchema">Body</Value></Attribute></Attributes><ChildElements/><ElementName>parent</ElementName><required>true</required><NameAttribute z:Ref="i311"/></URDFElement><URDFElement z:Id="i312" i:type="ChildLink"><Attributes><Attribute z:Id="i313"><AttributeType>link</AttributeType><IsRequired>true</IsRequired><Value i:type="a:string" xmlns:a="http://www.w3.org/2001/XMLSchema">LRshoulder</Value></Attribute></Attributes><ChildElements/><ElementName>child</ElementName><required>true</required><NameAttribute z:Ref="i313"/></URDFElement><URDFElement z:Id="i314" i:type="Axis"><Attributes><Attribute z:Id="i315"><AttributeType>xyz</AttributeType><IsRequired>true</IsRequired><Value i:type="a:ArrayOfdouble" xmlns:a="http://schemas.microsoft.com/2003/10/Serialization/Arrays"><a:double>0</a:double><a:double>0</a:double><a:double>1</a:double></Value></Attribute></Attributes><ChildElements/><ElementName>axis</ElementName><required>false</required><XYZAttribute z:Ref="i315"/></URDFElement><URDFElement z:Id="i316" i:type="Limit"><Attributes><Attribute z:Id="i317"><AttributeType>lower</AttributeType><IsRequired>true</IsRequired><Value i:type="a:double" xmlns:a="http://www.w3.org/2001/XMLSchema">0</Value></Attribute><Attribute z:Id="i318"><AttributeType>upper</AttributeType><IsRequired>true</IsRequired><Value i:type="a:double" xmlns:a="http://www.w3.org/2001/XMLSchema">6.2832</Value></Attribute><Attribute z:Id="i319"><AttributeType>effort</AttributeType><IsRequired>true</IsRequired><Value i:type="a:double" xmlns:a="http://www.w3.org/2001/XMLSchema">100</Value></Attribute><Attribute z:Id="i320"><AttributeType>velocity</AttributeType><IsRequired>true</IsRequired><Value i:type="a:double" xmlns:a="http://www.w3.org/2001/XMLSchema">2</Value></Attribute></Attributes><ChildElements/><ElementName>limit</ElementName><required>true</required><EffortAttribute z:Ref="i319"/><LowerAttribute z:Ref="i317"/><UpperAttribute z:Ref="i318"/><VelocityAttribute z:Ref="i320"/></URDFElement><URDFElement z:Id="i321" i:type="Calibration"><Attributes><Attribute z:Id="i322"><AttributeType>rising</AttributeType><IsRequired>false</IsRequired><Value i:nil="true"/></Attribute><Attribute z:Id="i323"><AttributeType>falling</AttributeType><IsRequired>false</IsRequired><Value i:nil="true"/></Attribute></Attributes><ChildElements/><ElementName>calibration</ElementName><required>false</required><FallingAttribute z:Ref="i323"/><RisingAttribute z:Ref="i322"/></URDFElement><URDFElement z:Id="i324" i:type="Dynamics"><Attributes><Attribute z:Id="i325"><AttributeType>damping</AttributeType><IsRequired>false</IsRequired><Value i:nil="true"/></Attribute><Attribute z:Id="i326"><AttributeType>friction</AttributeType><IsRequired>false</IsRequired><Value i:nil="true"/></Attribute></Attributes><ChildElements/><ElementName>dynamics</ElementName><required>false</required><DampingAttribute z:Ref="i325"/><FrictionAttribute z:Ref="i326"/></URDFElement><URDFElement z:Id="i327" i:type="SafetyController"><Attributes><Attribute z:Id="i328"><AttributeType>soft_upper_limit</AttributeType><IsRequired>false</IsRequired><Value i:nil="true"/></Attribute><Attribute z:Id="i329"><AttributeType>soft_lower_limit</AttributeType><IsRequired>false</IsRequired><Value i:nil="true"/></Attribute><Attribute z:Id="i330"><AttributeType>k_position</AttributeType><IsRequired>false</IsRequired><Value i:nil="true"/></Attribute><Attribute z:Id="i331"><AttributeType>k_velocity</AttributeType><IsRequired>true</IsRequired><Value i:nil="true"/></Attribute></Attributes><ChildElements/><ElementName>safety_controller</ElementName><required>false</required><KPositionAttribute z:Ref="i330"/><KVelocityAttribute z:Ref="i331"/><SoftLowerAttribute z:Ref="i329"/><SoftUpperAttribute z:Ref="i328"/></URDFElement><URDFElement z:Id="i332" i:type="Mimic"><Attributes><Attribute z:Id="i333"><AttributeType>joint</AttributeType><IsRequired>true</IsRequired><Value i:nil="true"/></Attribute><Attribute z:Id="i334"><AttributeType>multiplier</AttributeType><IsRequired>false</IsRequired><Value i:nil="true"/></Attribute><Attribute z:Id="i335"><AttributeType>offset</AttributeType><IsRequired>false</IsRequired><Value i:nil="true"/></Attribute></Attributes><ChildElements/><ElementName>mimic</ElementName><required>false</required><JointNameAttribute z:Ref="i333"/><MultiplierAttribute z:Ref="i334"/><OffsetAttribute z:Ref="i335"/></URDFElement></ChildElements><ElementName>joint</ElementName><required>false</required><Axis z:Ref="i314"/><AxisName>LR_shoulder1_axis</AxisName><Calibration z:Ref="i321"/><Child z:Ref="i312"/><CoordinateSystemName>LR_shoulder1_CS</CoordinateSystemName><Dynamics z:Ref="i324"/><Limit z:Ref="i316"/><Mimic z:Ref="i332"/><NameAttribute z:Ref="i305"/><Origin z:Ref="i307"/><Parent z:Ref="i310"/><Safety z:Ref="i327"/><TypeAttribute z:Ref="i306"/></URDFElement></ChildElements><ElementName>link</ElementName><required>true</required><Children><Link z:Id="i336"><Attributes><Attribute z:Id="i337"><AttributeType>name</AttributeType><IsRequired>true</IsRequired><Value i:type="a:string" xmlns:a="http://www.w3.org/2001/XMLSchema">LRthigh</Value></Attribute></Attributes><ChildElements><URDFElement z:Id="i338" i:type="Inertial"><Attributes/><ChildElements><URDFElement z:Id="i339" i:type="Origin"><Attributes><Attribute z:Id="i340"><AttributeType>xyz</AttributeType><IsRequired>true</IsRequired><Value i:type="a:ArrayOfdouble" xmlns:a="http://schemas.microsoft.com/2003/10/Serialization/Arrays"><a:double>0.025448581000379944</a:double><a:double>-0.056027215176005507</a:double><a:double>0.001176501524164042</a:double></Value></Attribute><Attribute z:Id="i341"><AttributeType>rpy</AttributeType><IsRequired>true</IsRequired><Value i:type="a:ArrayOfdouble" xmlns:a="http://schemas.microsoft.com/2003/10/Serialization/Arrays"><a:double>0</a:double><a:double>0</a:double><a:double>0</a:double></Value></Attribute></Attributes><ChildElements/><ElementName>origin</ElementName><required>false</required><RPYAttribute z:Ref="i341"/><XYZAttribute z:Ref="i340"/><isCustomized>false</isCustomized></URDFElement><URDFElement z:Id="i342" i:type="Mass"><Attributes><Attribute z:Id="i343"><AttributeType>value</AttributeType><IsRequired>true</IsRequired><Value i:type="a:double" xmlns:a="http://www.w3.org/2001/XMLSchema">0.14258506251230874</Value></Attribute></Attributes><ChildElements/><ElementName>mass</ElementName><required>false</required><ValueAttribute z:Ref="i343"/></URDFElement><URDFElement z:Id="i344" i:type="Inertia"><Attributes><Attribute z:Id="i345"><AttributeType>ixx</AttributeType><IsRequired>true</IsRequired><Value i:type="a:double" xmlns:a="http://www.w3.org/2001/XMLSchema">0.00032132013312255003</Value></Attribute><Attribute z:Id="i346"><AttributeType>ixy</AttributeType><IsRequired>true</IsRequired><Value i:type="a:double" xmlns:a="http://www.w3.org/2001/XMLSchema">-2.3067733125969738E-06</Value></Attribute><Attribute z:Id="i347"><AttributeType>ixz</AttributeType><IsRequired>true</IsRequired><Value i:type="a:double" xmlns:a="http://www.w3.org/2001/XMLSchema">1.5282721820260339E-08</Value></Attribute><Attribute z:Id="i348"><AttributeType>iyy</AttributeType><IsRequired>true</IsRequired><Value i:type="a:double" xmlns:a="http://www.w3.org/2001/XMLSchema">3.3918127466674161E-05</Value></Attribute><Attribute z:Id="i349"><AttributeType>iyz</AttributeType><IsRequired>true</IsRequired><Value i:type="a:double" xmlns:a="http://www.w3.org/2001/XMLSchema">8.1075029118682443E-06</Value></Attribute><Attribute z:Id="i350"><AttributeType>izz</AttributeType><IsRequired>true</IsRequired><Value i:type="a:double" xmlns:a="http://www.w3.org/2001/XMLSchema">0.00031628229988160943</Value></Attribute></Attributes><ChildElements/><ElementName>inertia</ElementName><required>false</required><IxxAttribute z:Ref="i345"/><IxyAttribute z:Ref="i346"/><IxzAttribute z:Ref="i347"/><IyyAttribute z:Ref="i348"/><IyzAttribute z:Ref="i349"/><IzzAttribute z:Ref="i350"/></URDFElement></ChildElements><ElementName>inertial</ElementName><required>false</required><Inertia z:Ref="i344"/><Mass z:Ref="i342"/><Origin z:Ref="i339"/></URDFElement><URDFElement z:Id="i351" i:type="Visual"><Attributes/><ChildElements><URDFElement z:Id="i352" i:type="Origin"><Attributes><Attribute z:Id="i353"><AttributeType>xyz</AttributeType><IsRequired>true</IsRequired><Value i:type="a:ArrayOfdouble" xmlns:a="http://schemas.microsoft.com/2003/10/Serialization/Arrays"><a:double>0</a:double><a:double>0</a:double><a:double>0</a:double></Value></Attribute><Attribute z:Id="i354"><AttributeType>rpy</AttributeType><IsRequired>true</IsRequired><Value i:type="a:ArrayOfdouble" xmlns:a="http://schemas.microsoft.com/2003/10/Serialization/Arrays"><a:double>0</a:double><a:double>0</a:double><a:double>0</a:double></Value></Attribute></Attributes><ChildElements/><ElementName>origin</ElementName><required>false</required><RPYAttribute z:Ref="i354"/><XYZAttribute z:Ref="i353"/><isCustomized>false</isCustomized></URDFElement><URDFElement z:Id="i355" i:type="Geometry"><Attributes/><ChildElements><URDFElement z:Id="i356" i:type="Mesh"><Attributes><Attribute z:Id="i357"><AttributeType>filename</AttributeType><IsRequired>true</IsRequired><Value i:nil="true"/></Attribute></Attributes><ChildElements/><ElementName>mesh</ElementName><required>false</required><FilenameAttribute z:Ref="i357"/></URDFElement></ChildElements><ElementName>geometry</ElementName><required>true</required><Mesh z:Ref="i356"/></URDFElement><URDFElement z:Id="i358" i:type="Material"><Attributes><Attribute z:Id="i359"><AttributeType>name</AttributeType><IsRequired>true</IsRequired><Value i:type="a:string" xmlns:a="http://www.w3.org/2001/XMLSchema"/></Attribute></Attributes><ChildElements><URDFElement z:Id="i360" i:type="Color"><Attributes><Attribute z:Id="i361"><AttributeType>rgba</AttributeType><IsRequired>true</IsRequired><Value i:type="a:ArrayOfdouble" xmlns:a="http://schemas.microsoft.com/2003/10/Serialization/Arrays"><a:double>0.792156862745098</a:double><a:double>0.81960784313725488</a:double><a:double>0.93333333333333335</a:double><a:double>1</a:double></Value></Attribute></Attributes><ChildElements/><ElementName>color</ElementName><required>false</required><RGBAAttribute z:Ref="i361"/></URDFElement><URDFElement z:Id="i362" i:type="Texture"><Attributes><Attribute z:Id="i363"><AttributeType>filename</AttributeType><IsRequired>true</IsRequired><Value i:nil="true"/></Attribute></Attributes><ChildElements/><ElementName>texture</ElementName><required>false</required><FilenameAttribute z:Ref="i363"/><wFilename/></URDFElement></ChildElements><ElementName>material</ElementName><required>false</required><Color z:Ref="i360"/><NameAttribute z:Ref="i359"/><Texture z:Ref="i362"/></URDFElement></ChildElements><ElementName>visual</ElementName><required>false</required><Geometry z:Ref="i355"/><Material z:Ref="i358"/><Origin z:Ref="i352"/></URDFElement><URDFElement z:Id="i364" i:type="Collision"><Attributes/><ChildElements><URDFElement z:Id="i365" i:type="Origin"><Attributes><Attribute z:Id="i366"><AttributeType>xyz</AttributeType><IsRequired>true</IsRequired><Value i:type="a:ArrayOfdouble" xmlns:a="http://schemas.microsoft.com/2003/10/Serialization/Arrays"><a:double>0</a:double><a:double>0</a:double><a:double>0</a:double></Value></Attribute><Attribute z:Id="i367"><AttributeType>rpy</AttributeType><IsRequired>true</IsRequired><Value i:type="a:ArrayOfdouble" xmlns:a="http://schemas.microsoft.com/2003/10/Serialization/Arrays"><a:double>0</a:double><a:double>0</a:double><a:double>0</a:double></Value></Attribute></Attributes><ChildElements/><ElementName>origin</ElementName><required>false</required><RPYAttribute z:Ref="i367"/><XYZAttribute z:Ref="i366"/><isCustomized>false</isCustomized></URDFElement><URDFElement z:Id="i368" i:type="Geometry"><Attributes/><ChildElements><URDFElement z:Id="i369" i:type="Mesh"><Attributes><Attribute z:Id="i370"><AttributeType>filename</AttributeType><IsRequired>true</IsRequired><Value i:nil="true"/></Attribute></Attributes><ChildElements/><ElementName>mesh</ElementName><required>false</required><FilenameAttribute z:Ref="i370"/></URDFElement></ChildElements><ElementName>geometry</ElementName><required>true</required><Mesh z:Ref="i369"/></URDFElement></ChildElements><ElementName>collision</ElementName><required>false</required><Geometry z:Ref="i368"/><Origin z:Ref="i365"/></URDFElement><URDFElement z:Id="i371" i:type="Joint"><Attributes><Attribute z:Id="i372"><AttributeType>name</AttributeType><IsRequired>true</IsRequired><Value i:type="a:string" xmlns:a="http://www.w3.org/2001/XMLSchema">LRshoulder</Value></Attribute><Attribute z:Id="i373"><AttributeType>type</AttributeType><IsRequired>true</IsRequired><Value i:type="a:string" xmlns:a="http://www.w3.org/2001/XMLSchema">revolute</Value></Attribute></Attributes><ChildElements><URDFElement z:Id="i374" i:type="Origin"><Attributes><Attribute z:Id="i375"><AttributeType>xyz</AttributeType><IsRequired>true</IsRequired><Value i:type="a:ArrayOfdouble" xmlns:a="http://schemas.microsoft.com/2003/10/Serialization/Arrays"><a:double>-0.030132735418954115</a:double><a:double>-0.027433000707996813</a:double><a:double>-0.054419879145494621</a:double></Value></Attribute><Attribute z:Id="i376"><AttributeType>rpy</AttributeType><IsRequired>true</IsRequired><Value i:type="a:ArrayOfdouble" xmlns:a="http://schemas.microsoft.com/2003/10/Serialization/Arrays"><a:double>-0.35188052482124133</a:double><a:double>-0.012952542989659232</a:double><a:double>0.0047555005665018092</a:double></Value></Attribute></Attributes><ChildElements/><ElementName>origin</ElementName><required>false</required><RPYAttribute z:Ref="i376"/><XYZAttribute z:Ref="i375"/><isCustomized>false</isCustomized></URDFElement><URDFElement z:Id="i377" i:type="ParentLink"><Attributes><Attribute z:Id="i378"><AttributeType>link</AttributeType><IsRequired>true</IsRequired><Value i:type="a:string" xmlns:a="http://www.w3.org/2001/XMLSchema">LRshoulder</Value></Attribute></Attributes><ChildElements/><ElementName>parent</ElementName><required>true</required><NameAttribute z:Ref="i378"/></URDFElement><URDFElement z:Id="i379" i:type="ChildLink"><Attributes><Attribute z:Id="i380"><AttributeType>link</AttributeType><IsRequired>true</IsRequired><Value i:type="a:string" xmlns:a="http://www.w3.org/2001/XMLSchema">LRthigh</Value></Attribute></Attributes><ChildElements/><ElementName>child</ElementName><required>true</required><NameAttribute z:Ref="i380"/></URDFElement><URDFElement z:Id="i381" i:type="Axis"><Attributes><Attribute z:Id="i382"><AttributeType>xyz</AttributeType><IsRequired>true</IsRequired><Value i:type="a:ArrayOfdouble" xmlns:a="http://schemas.microsoft.com/2003/10/Serialization/Arrays"><a:double>0.9999048105647903</a:double><a:double>0</a:double><a:double>-0.013797456627610147</a:double></Value></Attribute></Attributes><ChildElements/><ElementName>axis</ElementName><required>false</required><XYZAttribute z:Ref="i382"/></URDFElement><URDFElement z:Id="i383" i:type="Limit"><Attributes><Attribute z:Id="i384"><AttributeType>lower</AttributeType><IsRequired>true</IsRequired><Value i:type="a:double" xmlns:a="http://www.w3.org/2001/XMLSchema">0</Value></Attribute><Attribute z:Id="i385"><AttributeType>upper</AttributeType><IsRequired>true</IsRequired><Value i:type="a:double" xmlns:a="http://www.w3.org/2001/XMLSchema">6.2832</Value></Attribute><Attribute z:Id="i386"><AttributeType>effort</AttributeType><IsRequired>true</IsRequired><Value i:type="a:double" xmlns:a="http://www.w3.org/2001/XMLSchema">100</Value></Attribute><Attribute z:Id="i387"><AttributeType>velocity</AttributeType><IsRequired>true</IsRequired><Value i:type="a:double" xmlns:a="http://www.w3.org/2001/XMLSchema">2</Value></Attribute></Attributes><ChildElements/><ElementName>limit</ElementName><required>true</required><EffortAttribute z:Ref="i386"/><LowerAttribute z:Ref="i384"/><UpperAttribute z:Ref="i385"/><VelocityAttribute z:Ref="i387"/></URDFElement><URDFElement z:Id="i388" i:type="Calibration"><Attributes><Attribute z:Id="i389"><AttributeType>rising</AttributeType><IsRequired>false</IsRequired><Value i:nil="true"/></Attribute><Attribute z:Id="i390"><AttributeType>falling</AttributeType><IsRequired>false</IsRequired><Value i:nil="true"/></Attribute></Attributes><ChildElements/><ElementName>calibration</ElementName><required>false</required><FallingAttribute z:Ref="i390"/><RisingAttribute z:Ref="i389"/></URDFElement><URDFElement z:Id="i391" i:type="Dynamics"><Attributes><Attribute z:Id="i392"><AttributeType>damping</AttributeType><IsRequired>false</IsRequired><Value i:nil="true"/></Attribute><Attribute z:Id="i393"><AttributeType>friction</AttributeType><IsRequired>false</IsRequired><Value i:nil="true"/></Attribute></Attributes><ChildElements/><ElementName>dynamics</ElementName><required>false</required><DampingAttribute z:Ref="i392"/><FrictionAttribute z:Ref="i393"/></URDFElement><URDFElement z:Id="i394" i:type="SafetyController"><Attributes><Attribute z:Id="i395"><AttributeType>soft_upper_limit</AttributeType><IsRequired>false</IsRequired><Value i:nil="true"/></Attribute><Attribute z:Id="i396"><AttributeType>soft_lower_limit</AttributeType><IsRequired>false</IsRequired><Value i:nil="true"/></Attribute><Attribute z:Id="i397"><AttributeType>k_position</AttributeType><IsRequired>false</IsRequired><Value i:nil="true"/></Attribute><Attribute z:Id="i398"><AttributeType>k_velocity</AttributeType><IsRequired>true</IsRequired><Value i:nil="true"/></Attribute></Attributes><ChildElements/><ElementName>safety_controller</ElementName><required>false</required><KPositionAttribute z:Ref="i397"/><KVelocityAttribute z:Ref="i398"/><SoftLowerAttribute z:Ref="i396"/><SoftUpperAttribute z:Ref="i395"/></URDFElement><URDFElement z:Id="i399" i:type="Mimic"><Attributes><Attribute z:Id="i400"><AttributeType>joint</AttributeType><IsRequired>true</IsRequired><Value i:nil="true"/></Attribute><Attribute z:Id="i401"><AttributeType>multiplier</AttributeType><IsRequired>false</IsRequired><Value i:nil="true"/></Attribute><Attribute z:Id="i402"><AttributeType>offset</AttributeType><IsRequired>false</IsRequired><Value i:nil="true"/></Attribute></Attributes><ChildElements/><ElementName>mimic</ElementName><required>false</required><JointNameAttribute z:Ref="i400"/><MultiplierAttribute z:Ref="i401"/><OffsetAttribute z:Ref="i402"/></URDFElement></ChildElements><ElementName>joint</ElementName><required>false</required><Axis z:Ref="i381"/><AxisName>left1_rear1_shoulder_axis</AxisName><Calibration z:Ref="i388"/><Child z:Ref="i379"/><CoordinateSystemName>LR_shoulder_CS</CoordinateSystemName><Dynamics z:Ref="i391"/><Limit z:Ref="i383"/><Mimic z:Ref="i399"/><NameAttribute z:Ref="i372"/><Origin z:Ref="i374"/><Parent z:Ref="i377"/><Safety z:Ref="i394"/><TypeAttribute z:Ref="i373"/></URDFElement></ChildElements><ElementName>link</ElementName><required>true</required><Children><Link z:Id="i403"><Attributes><Attribute z:Id="i404"><AttributeType>name</AttributeType><IsRequired>true</IsRequired><Value i:type="a:string" xmlns:a="http://www.w3.org/2001/XMLSchema">LRcalf</Value></Attribute></Attributes><ChildElements><URDFElement z:Id="i405" i:type="Inertial"><Attributes/><ChildElements><URDFElement z:Id="i406" i:type="Origin"><Attributes><Attribute z:Id="i407"><AttributeType>xyz</AttributeType><IsRequired>true</IsRequired><Value i:type="a:ArrayOfdouble" xmlns:a="http://schemas.microsoft.com/2003/10/Serialization/Arrays"><a:double>0.03605775615440876</a:double><a:double>-0.077958462841246412</a:double><a:double>2.040485558296723E-10</a:double></Value></Attribute><Attribute z:Id="i408"><AttributeType>rpy</AttributeType><IsRequired>true</IsRequired><Value i:type="a:ArrayOfdouble" xmlns:a="http://schemas.microsoft.com/2003/10/Serialization/Arrays"><a:double>0</a:double><a:double>0</a:double><a:double>0</a:double></Value></Attribute></Attributes><ChildElements/><ElementName>origin</ElementName><required>false</required><RPYAttribute z:Ref="i408"/><XYZAttribute z:Ref="i407"/><isCustomized>false</isCustomized></URDFElement><URDFElement z:Id="i409" i:type="Mass"><Attributes><Attribute z:Id="i410"><AttributeType>value</AttributeType><IsRequired>true</IsRequired><Value i:type="a:double" xmlns:a="http://www.w3.org/2001/XMLSchema">0.22012987304452497</Value></Attribute></Attributes><ChildElements/><ElementName>mass</ElementName><required>false</required><ValueAttribute z:Ref="i410"/></URDFElement><URDFElement z:Id="i411" i:type="Inertia"><Attributes><Attribute z:Id="i412"><AttributeType>ixx</AttributeType><IsRequired>true</IsRequired><Value i:type="a:double" xmlns:a="http://www.w3.org/2001/XMLSchema">0.00049999194695153214</Value></Attribute><Attribute z:Id="i413"><AttributeType>ixy</AttributeType><IsRequired>true</IsRequired><Value i:type="a:double" xmlns:a="http://www.w3.org/2001/XMLSchema">-1.2609472088038436E-05</Value></Attribute><Attribute z:Id="i414"><AttributeType>ixz</AttributeType><IsRequired>true</IsRequired><Value i:type="a:double" xmlns:a="http://www.w3.org/2001/XMLSchema">3.6845933205562065E-20</Value></Attribute><Attribute z:Id="i415"><AttributeType>iyy</AttributeType><IsRequired>true</IsRequired><Value i:type="a:double" xmlns:a="http://www.w3.org/2001/XMLSchema">5.6340392713883988E-05</Value></Attribute><Attribute z:Id="i416"><AttributeType>iyz</AttributeType><IsRequired>true</IsRequired><Value i:type="a:double" xmlns:a="http://www.w3.org/2001/XMLSchema">2.541098841762901E-19</Value></Attribute><Attribute z:Id="i417"><AttributeType>izz</AttributeType><IsRequired>true</IsRequired><Value i:type="a:double" xmlns:a="http://www.w3.org/2001/XMLSchema">0.000499436637090327</Value></Attribute></Attributes><ChildElements/><ElementName>inertia</ElementName><required>false</required><IxxAttribute z:Ref="i412"/><IxyAttribute z:Ref="i413"/><IxzAttribute z:Ref="i414"/><IyyAttribute z:Ref="i415"/><IyzAttribute z:Ref="i416"/><IzzAttribute z:Ref="i417"/></URDFElement></ChildElements><ElementName>inertial</ElementName><required>false</required><Inertia z:Ref="i411"/><Mass z:Ref="i409"/><Origin z:Ref="i406"/></URDFElement><URDFElement z:Id="i418" i:type="Visual"><Attributes/><ChildElements><URDFElement z:Id="i419" i:type="Origin"><Attributes><Attribute z:Id="i420"><AttributeType>xyz</AttributeType><IsRequired>true</IsRequired><Value i:type="a:ArrayOfdouble" xmlns:a="http://schemas.microsoft.com/2003/10/Serialization/Arrays"><a:double>0</a:double><a:double>0</a:double><a:double>0</a:double></Value></Attribute><Attribute z:Id="i421"><AttributeType>rpy</AttributeType><IsRequired>true</IsRequired><Value i:type="a:ArrayOfdouble" xmlns:a="http://schemas.microsoft.com/2003/10/Serialization/Arrays"><a:double>0</a:double><a:double>0</a:double><a:double>0</a:double></Value></Attribute></Attributes><ChildElements/><ElementName>origin</ElementName><required>false</required><RPYAttribute z:Ref="i421"/><XYZAttribute z:Ref="i420"/><isCustomized>false</isCustomized></URDFElement><URDFElement z:Id="i422" i:type="Geometry"><Attributes/><ChildElements><URDFElement z:Id="i423" i:type="Mesh"><Attributes><Attribute z:Id="i424"><AttributeType>filename</AttributeType><IsRequired>true</IsRequired><Value i:nil="true"/></Attribute></Attributes><ChildElements/><ElementName>mesh</ElementName><required>false</required><FilenameAttribute z:Ref="i424"/></URDFElement></ChildElements><ElementName>geometry</ElementName><required>true</required><Mesh z:Ref="i423"/></URDFElement><URDFElement z:Id="i425" i:type="Material"><Attributes><Attribute z:Id="i426"><AttributeType>name</AttributeType><IsRequired>true</IsRequired><Value i:type="a:string" xmlns:a="http://www.w3.org/2001/XMLSchema"/></Attribute></Attributes><ChildElements><URDFElement z:Id="i427" i:type="Color"><Attributes><Attribute z:Id="i428"><AttributeType>rgba</AttributeType><IsRequired>true</IsRequired><Value i:type="a:ArrayOfdouble" xmlns:a="http://schemas.microsoft.com/2003/10/Serialization/Arrays"><a:double>0.792156862745098</a:double><a:double>0.81960784313725488</a:double><a:double>0.93333333333333335</a:double><a:double>1</a:double></Value></Attribute></Attributes><ChildElements/><ElementName>color</ElementName><required>false</required><RGBAAttribute z:Ref="i428"/></URDFElement><URDFElement z:Id="i429" i:type="Texture"><Attributes><Attribute z:Id="i430"><AttributeType>filename</AttributeType><IsRequired>true</IsRequired><Value i:nil="true"/></Attribute></Attributes><ChildElements/><ElementName>texture</ElementName><required>false</required><FilenameAttribute z:Ref="i430"/><wFilename/></URDFElement></ChildElements><ElementName>material</ElementName><required>false</required><Color z:Ref="i427"/><NameAttribute z:Ref="i426"/><Texture z:Ref="i429"/></URDFElement></ChildElements><ElementName>visual</ElementName><required>false</required><Geometry z:Ref="i422"/><Material z:Ref="i425"/><Origin z:Ref="i419"/></URDFElement><URDFElement z:Id="i431" i:type="Collision"><Attributes/><ChildElements><URDFElement z:Id="i432" i:type="Origin"><Attributes><Attribute z:Id="i433"><AttributeType>xyz</AttributeType><IsRequired>true</IsRequired><Value i:type="a:ArrayOfdouble" xmlns:a="http://schemas.microsoft.com/2003/10/Serialization/Arrays"><a:double>0</a:double><a:double>0</a:double><a:double>0</a:double></Value></Attribute><Attribute z:Id="i434"><AttributeType>rpy</AttributeType><IsRequired>true</IsRequired><Value i:type="a:ArrayOfdouble" xmlns:a="http://schemas.microsoft.com/2003/10/Serialization/Arrays"><a:double>0</a:double><a:double>0</a:double><a:double>0</a:double></Value></Attribute></Attributes><ChildElements/><ElementName>origin</ElementName><required>false</required><RPYAttribute z:Ref="i434"/><XYZAttribute z:Ref="i433"/><isCustomized>false</isCustomized></URDFElement><URDFElement z:Id="i435" i:type="Geometry"><Attributes/><ChildElements><URDFElement z:Id="i436" i:type="Mesh"><Attributes><Attribute z:Id="i437"><AttributeType>filename</AttributeType><IsRequired>true</IsRequired><Value i:nil="true"/></Attribute></Attributes><ChildElements/><ElementName>mesh</ElementName><required>false</required><FilenameAttribute z:Ref="i437"/></URDFElement></ChildElements><ElementName>geometry</ElementName><required>true</required><Mesh z:Ref="i436"/></URDFElement></ChildElements><ElementName>collision</ElementName><required>false</required><Geometry z:Ref="i435"/><Origin z:Ref="i432"/></URDFElement><URDFElement z:Id="i438" i:type="Joint"><Attributes><Attribute z:Id="i439"><AttributeType>name</AttributeType><IsRequired>true</IsRequired><Value i:type="a:string" xmlns:a="http://www.w3.org/2001/XMLSchema">LRknee</Value></Attribute><Attribute z:Id="i440"><AttributeType>type</AttributeType><IsRequired>true</IsRequired><Value i:type="a:string" xmlns:a="http://www.w3.org/2001/XMLSchema">revolute</Value></Attribute></Attributes><ChildElements><URDFElement z:Id="i441" i:type="Origin"><Attributes><Attribute z:Id="i442"><AttributeType>xyz</AttributeType><IsRequired>true</IsRequired><Value i:type="a:ArrayOfdouble" xmlns:a="http://schemas.microsoft.com/2003/10/Serialization/Arrays"><a:double>-0.0097543571198832613</a:double><a:double>-0.13479228305782703</a:double><a:double>0.0034992085970597664</a:double></Value></Attribute><Attribute z:Id="i443"><AttributeType>rpy</AttributeType><IsRequired>true</IsRequired><Value i:type="a:ArrayOfdouble" xmlns:a="http://schemas.microsoft.com/2003/10/Serialization/Arrays"><a:double>0.79744360791040014</a:double><a:double>-0.01204531467838079</a:double><a:double>0.025226531570967013</a:double></Value></Attribute></Attributes><ChildElements/><ElementName>origin</ElementName><required>false</required><RPYAttribute z:Ref="i443"/><XYZAttribute z:Ref="i442"/><isCustomized>false</isCustomized></URDFElement><URDFElement z:Id="i444" i:type="ParentLink"><Attributes><Attribute z:Id="i445"><AttributeType>link</AttributeType><IsRequired>true</IsRequired><Value i:type="a:string" xmlns:a="http://www.w3.org/2001/XMLSchema">LRthigh</Value></Attribute></Attributes><ChildElements/><ElementName>parent</ElementName><required>true</required><NameAttribute z:Ref="i445"/></URDFElement><URDFElement z:Id="i446" i:type="ChildLink"><Attributes><Attribute z:Id="i447"><AttributeType>link</AttributeType><IsRequired>true</IsRequired><Value i:type="a:string" xmlns:a="http://www.w3.org/2001/XMLSchema">LRcalf</Value></Attribute></Attributes><ChildElements/><ElementName>child</ElementName><required>true</required><NameAttribute z:Ref="i447"/></URDFElement><URDFElement z:Id="i448" i:type="Axis"><Attributes><Attribute z:Id="i449"><AttributeType>xyz</AttributeType><IsRequired>true</IsRequired><Value i:type="a:ArrayOfdouble" xmlns:a="http://schemas.microsoft.com/2003/10/Serialization/Arrays"><a:double>0.99934796414845928</a:double><a:double>-0.036106045924881133</a:double><a:double>0</a:double></Value></Attribute></Attributes><ChildElements/><ElementName>axis</ElementName><required>false</required><XYZAttribute z:Ref="i449"/></URDFElement><URDFElement z:Id="i450" i:type="Limit"><Attributes><Attribute z:Id="i451"><AttributeType>lower</AttributeType><IsRequired>true</IsRequired><Value i:type="a:double" xmlns:a="http://www.w3.org/2001/XMLSchema">0</Value></Attribute><Attribute z:Id="i452"><AttributeType>upper</AttributeType><IsRequired>true</IsRequired><Value i:type="a:double" xmlns:a="http://www.w3.org/2001/XMLSchema">6.2832</Value></Attribute><Attribute z:Id="i453"><AttributeType>effort</AttributeType><IsRequired>true</IsRequired><Value i:type="a:double" xmlns:a="http://www.w3.org/2001/XMLSchema">100</Value></Attribute><Attribute z:Id="i454"><AttributeType>velocity</AttributeType><IsRequired>true</IsRequired><Value i:type="a:double" xmlns:a="http://www.w3.org/2001/XMLSchema">2</Value></Attribute></Attributes><ChildElements/><ElementName>limit</ElementName><required>true</required><EffortAttribute z:Ref="i453"/><LowerAttribute z:Ref="i451"/><UpperAttribute z:Ref="i452"/><VelocityAttribute z:Ref="i454"/></URDFElement><URDFElement z:Id="i455" i:type="Calibration"><Attributes><Attribute z:Id="i456"><AttributeType>rising</AttributeType><IsRequired>false</IsRequired><Value i:nil="true"/></Attribute><Attribute z:Id="i457"><AttributeType>falling</AttributeType><IsRequired>false</IsRequired><Value i:nil="true"/></Attribute></Attributes><ChildElements/><ElementName>calibration</ElementName><required>false</required><FallingAttribute z:Ref="i457"/><RisingAttribute z:Ref="i456"/></URDFElement><URDFElement z:Id="i458" i:type="Dynamics"><Attributes><Attribute z:Id="i459"><AttributeType>damping</AttributeType><IsRequired>false</IsRequired><Value i:nil="true"/></Attribute><Attribute z:Id="i460"><AttributeType>friction</AttributeType><IsRequired>false</IsRequired><Value i:nil="true"/></Attribute></Attributes><ChildElements/><ElementName>dynamics</ElementName><required>false</required><DampingAttribute z:Ref="i459"/><FrictionAttribute z:Ref="i460"/></URDFElement><URDFElement z:Id="i461" i:type="SafetyController"><Attributes><Attribute z:Id="i462"><AttributeType>soft_upper_limit</AttributeType><IsRequired>false</IsRequired><Value i:nil="true"/></Attribute><Attribute z:Id="i463"><AttributeType>soft_lower_limit</AttributeType><IsRequired>false</IsRequired><Value i:nil="true"/></Attribute><Attribute z:Id="i464"><AttributeType>k_position</AttributeType><IsRequired>false</IsRequired><Value i:nil="true"/></Attribute><Attribute z:Id="i465"><AttributeType>k_velocity</AttributeType><IsRequired>true</IsRequired><Value i:nil="true"/></Attribute></Attributes><ChildElements/><ElementName>safety_controller</ElementName><required>false</required><KPositionAttribute z:Ref="i464"/><KVelocityAttribute z:Ref="i465"/><SoftLowerAttribute z:Ref="i463"/><SoftUpperAttribute z:Ref="i462"/></URDFElement><URDFElement z:Id="i466" i:type="Mimic"><Attributes><Attribute z:Id="i467"><AttributeType>joint</AttributeType><IsRequired>true</IsRequired><Value i:nil="true"/></Attribute><Attribute z:Id="i468"><AttributeType>multiplier</AttributeType><IsRequired>false</IsRequired><Value i:nil="true"/></Attribute><Attribute z:Id="i469"><AttributeType>offset</AttributeType><IsRequired>false</IsRequired><Value i:nil="true"/></Attribute></Attributes><ChildElements/><ElementName>mimic</ElementName><required>false</required><JointNameAttribute z:Ref="i467"/><MultiplierAttribute z:Ref="i468"/><OffsetAttribute z:Ref="i469"/></URDFElement></ChildElements><ElementName>joint</ElementName><required>false</required><Axis z:Ref="i448"/><AxisName>left_rear_knee_axis</AxisName><Calibration z:Ref="i455"/><Child z:Ref="i446"/><CoordinateSystemName>LR_knee_CS</CoordinateSystemName><Dynamics z:Ref="i458"/><Limit z:Ref="i450"/><Mimic z:Ref="i466"/><NameAttribute z:Ref="i439"/><Origin z:Ref="i441"/><Parent z:Ref="i444"/><Safety z:Ref="i461"/><TypeAttribute z:Ref="i440"/></URDFElement></ChildElements><ElementName>link</ElementName><required>true</required><Children/><Collision z:Ref="i431"/><Inertial z:Ref="i405"/><Joint z:Ref="i438"/><NameAttribute z:Ref="i404"/><Parent z:Ref="i336"/><STLQualityFine>false</STLQualityFine><SWComponentPIDs xmlns:a="http://schemas.microsoft.com/2003/10/Serialization/Arrays"><a:base64Binary>UEYAAAUAAAD//v8hTABlAGcALQA0AEAAYgBvAGQAeQAgAHAAawAvAE4ARQBXACAATABPAFcARQBSACAATABFAEcALQAxAEAATABlAGcABAAAABAAAAABAAAAAgAAAC4HAABHAAAA</a:base64Binary><a:base64Binary>UEYAAAUAAAD//v8fTABlAGcALQA0AEAAYgBvAGQAeQAgAHAAawAvAGwAbwB3AGUAcgAgAGwAZQBnACAAMgAtADEAQABMAGUAZwAEAAAAEAAAAAEAAAACAAAALgcAAEYAAAA=</a:base64Binary></SWComponentPIDs><SWMainComponentPID i:nil="true"/><Visual z:Ref="i418"/><isFixedFrame>false</isFixedFrame><isIncomplete>false</isIncomplete></Link></Children><Collision z:Ref="i364"/><Inertial z:Ref="i338"/><Joint z:Ref="i371"/><NameAttribute z:Ref="i337"/><Parent z:Ref="i269"/><STLQualityFine>false</STLQualityFine><SWComponentPIDs xmlns:a="http://schemas.microsoft.com/2003/10/Serialization/Arrays"><a:base64Binary>UEYAAAUAAAD//v8aTABlAGcALQA0AEAAYgBvAGQAeQAgAHAAawAvAHUAcAAgAGwAZQBnAC0AMQBAAEwAZQBnAAQAAAAQAAAAAQAAAAIAAAAuBwAAPgAAAA==</a:base64Binary></SWComponentPIDs><SWMainComponentPID i:nil="true"/><Visual z:Ref="i351"/><isFixedFrame>false</isFixedFrame><isIncomplete>false</isIncomplete></Link></Children><Collision z:Ref="i297"/><Inertial z:Ref="i271"/><Joint z:Ref="i304"/><NameAttribute z:Ref="i270"/><Parent z:Ref="i1"/><STLQualityFine>false</STLQualityFine><SWComponentPIDs xmlns:a="http://schemas.microsoft.com/2003/10/Serialization/Arrays"><a:base64Binary>UEYAAAUAAAD//v81TABlAGcALQA0AEAAYgBvAGQAeQAgAHAAawAvAHMAaABvAHUAbABkAGUAcgAtADEAQABMAGUAZwAvAHMAaABvAHUAbABkAGUAcgAgAHAAYQByAHQALQAxAEAAcwBoAG8AdQBsAGQAZQByAAQAAAAQAAAAAQAAAAMAAAAuBwAAGAAAAB4AAAA=</a:base64Binary></SWComponentPIDs><SWMainComponentPID i:nil="true"/><Visual z:Ref="i284"/><isFixedFrame>false</isFixedFrame><isIncomplete>false</isIncomplete></Link><Link z:Id="i470"><Attributes><Attribute z:Id="i471"><AttributeType>name</AttributeType><IsRequired>true</IsRequired><Value i:type="a:string" xmlns:a="http://www.w3.org/2001/XMLSchema">RFshoulder</Value></Attribute></Attributes><ChildElements><URDFElement z:Id="i472" i:type="Inertial"><Attributes/><ChildElements><URDFElement z:Id="i473" i:type="Origin"><Attributes><Attribute z:Id="i474"><AttributeType>xyz</AttributeType><IsRequired>true</IsRequired><Value i:type="a:ArrayOfdouble" xmlns:a="http://schemas.microsoft.com/2003/10/Serialization/Arrays"><a:double>-0.0069792232215655226</a:double><a:double>0.0012054592618099269</a:double><a:double>-0.053004483515451506</a:double></Value></Attribute><Attribute z:Id="i475"><AttributeType>rpy</AttributeType><IsRequired>true</IsRequired><Value i:type="a:ArrayOfdouble" xmlns:a="http://schemas.microsoft.com/2003/10/Serialization/Arrays"><a:double>0</a:double><a:double>0</a:double><a:double>0</a:double></Value></Attribute></Attributes><ChildElements/><ElementName>origin</ElementName><required>false</required><RPYAttribute z:Ref="i475"/><XYZAttribute z:Ref="i474"/><isCustomized>false</isCustomized></URDFElement><URDFElement z:Id="i476" i:type="Mass"><Attributes><Attribute z:Id="i477"><AttributeType>value</AttributeType><IsRequired>true</IsRequired><Value i:type="a:double" xmlns:a="http://www.w3.org/2001/XMLSchema">0.10711331663525624</Value></Attribute></Attributes><ChildElements/><ElementName>mass</ElementName><required>false</required><ValueAttribute z:Ref="i477"/></URDFElement><URDFElement z:Id="i478" i:type="Inertia"><Attributes><Attribute z:Id="i479"><AttributeType>ixx</AttributeType><IsRequired>true</IsRequired><Value i:type="a:double" xmlns:a="http://www.w3.org/2001/XMLSchema">5.1818396260032868E-05</Value></Attribute><Attribute z:Id="i480"><AttributeType>ixy</AttributeType><IsRequired>true</IsRequired><Value i:type="a:double" xmlns:a="http://www.w3.org/2001/XMLSchema">-2.9074712333015431E-06</Value></Attribute><Attribute z:Id="i481"><AttributeType>ixz</AttributeType><IsRequired>true</IsRequired><Value i:type="a:double" xmlns:a="http://www.w3.org/2001/XMLSchema">2.7636535424229936E-06</Value></Attribute><Attribute z:Id="i482"><AttributeType>iyy</AttributeType><IsRequired>true</IsRequired><Value i:type="a:double" xmlns:a="http://www.w3.org/2001/XMLSchema">3.9028189962403676E-05</Value></Attribute><Attribute z:Id="i483"><AttributeType>iyz</AttributeType><IsRequired>true</IsRequired><Value i:type="a:double" xmlns:a="http://www.w3.org/2001/XMLSchema">-2.5578377265856997E-06</Value></Attribute><Attribute z:Id="i484"><AttributeType>izz</AttributeType><IsRequired>true</IsRequired><Value i:type="a:double" xmlns:a="http://www.w3.org/2001/XMLSchema">4.7122917086894775E-05</Value></Attribute></Attributes><ChildElements/><ElementName>inertia</ElementName><required>false</required><IxxAttribute z:Ref="i479"/><IxyAttribute z:Ref="i480"/><IxzAttribute z:Ref="i481"/><IyyAttribute z:Ref="i482"/><IyzAttribute z:Ref="i483"/><IzzAttribute z:Ref="i484"/></URDFElement></ChildElements><ElementName>inertial</ElementName><required>false</required><Inertia z:Ref="i478"/><Mass z:Ref="i476"/><Origin z:Ref="i473"/></URDFElement><URDFElement z:Id="i485" i:type="Visual"><Attributes/><ChildElements><URDFElement z:Id="i486" i:type="Origin"><Attributes><Attribute z:Id="i487"><AttributeType>xyz</AttributeType><IsRequired>true</IsRequired><Value i:type="a:ArrayOfdouble" xmlns:a="http://schemas.microsoft.com/2003/10/Serialization/Arrays"><a:double>0</a:double><a:double>0</a:double><a:double>0</a:double></Value></Attribute><Attribute z:Id="i488"><AttributeType>rpy</AttributeType><IsRequired>true</IsRequired><Value i:type="a:ArrayOfdouble" xmlns:a="http://schemas.microsoft.com/2003/10/Serialization/Arrays"><a:double>0</a:double><a:double>0</a:double><a:double>0</a:double></Value></Attribute></Attributes><ChildElements/><ElementName>origin</ElementName><required>false</required><RPYAttribute z:Ref="i488"/><XYZAttribute z:Ref="i487"/><isCustomized>false</isCustomized></URDFElement><URDFElement z:Id="i489" i:type="Geometry"><Attributes/><ChildElements><URDFElement z:Id="i490" i:type="Mesh"><Attributes><Attribute z:Id="i491"><AttributeType>filename</AttributeType><IsRequired>true</IsRequired><Value i:nil="true"/></Attribute></Attributes><ChildElements/><ElementName>mesh</ElementName><required>false</required><FilenameAttribute z:Ref="i491"/></URDFElement></ChildElements><ElementName>geometry</ElementName><required>true</required><Mesh z:Ref="i490"/></URDFElement><URDFElement z:Id="i492" i:type="Material"><Attributes><Attribute z:Id="i493"><AttributeType>name</AttributeType><IsRequired>true</IsRequired><Value i:type="a:string" xmlns:a="http://www.w3.org/2001/XMLSchema"/></Attribute></Attributes><ChildElements><URDFElement z:Id="i494" i:type="Color"><Attributes><Attribute z:Id="i495"><AttributeType>rgba</AttributeType><IsRequired>true</IsRequired><Value i:type="a:ArrayOfdouble" xmlns:a="http://schemas.microsoft.com/2003/10/Serialization/Arrays"><a:double>0.62745098039215685</a:double><a:double>0.62745098039215685</a:double><a:double>0.62745098039215685</a:double><a:double>1</a:double></Value></Attribute></Attributes><ChildElements/><ElementName>color</ElementName><required>false</required><RGBAAttribute z:Ref="i495"/></URDFElement><URDFElement z:Id="i496" i:type="Texture"><Attributes><Attribute z:Id="i497"><AttributeType>filename</AttributeType><IsRequired>true</IsRequired><Value i:nil="true"/></Attribute></Attributes><ChildElements/><ElementName>texture</ElementName><required>false</required><FilenameAttribute z:Ref="i497"/><wFilename/></URDFElement></ChildElements><ElementName>material</ElementName><required>false</required><Color z:Ref="i494"/><NameAttribute z:Ref="i493"/><Texture z:Ref="i496"/></URDFElement></ChildElements><ElementName>visual</ElementName><required>false</required><Geometry z:Ref="i489"/><Material z:Ref="i492"/><Origin z:Ref="i486"/></URDFElement><URDFElement z:Id="i498" i:type="Collision"><Attributes/><ChildElements><URDFElement z:Id="i499" i:type="Origin"><Attributes><Attribute z:Id="i500"><AttributeType>xyz</AttributeType><IsRequired>true</IsRequired><Value i:type="a:ArrayOfdouble" xmlns:a="http://schemas.microsoft.com/2003/10/Serialization/Arrays"><a:double>0</a:double><a:double>0</a:double><a:double>0</a:double></Value></Attribute><Attribute z:Id="i501"><AttributeType>rpy</AttributeType><IsRequired>true</IsRequired><Value i:type="a:ArrayOfdouble" xmlns:a="http://schemas.microsoft.com/2003/10/Serialization/Arrays"><a:double>0</a:double><a:double>0</a:double><a:double>0</a:double></Value></Attribute></Attributes><ChildElements/><ElementName>origin</ElementName><required>false</required><RPYAttribute z:Ref="i501"/><XYZAttribute z:Ref="i500"/><isCustomized>false</isCustomized></URDFElement><URDFElement z:Id="i502" i:type="Geometry"><Attributes/><ChildElements><URDFElement z:Id="i503" i:type="Mesh"><Attributes><Attribute z:Id="i504"><AttributeType>filename</AttributeType><IsRequired>true</IsRequired><Value i:nil="true"/></Attribute></Attributes><ChildElements/><ElementName>mesh</ElementName><required>false</required><FilenameAttribute z:Ref="i504"/></URDFElement></ChildElements><ElementName>geometry</ElementName><required>true</required><Mesh z:Ref="i503"/></URDFElement></ChildElements><ElementName>collision</ElementName><required>false</required><Geometry z:Ref="i502"/><Origin z:Ref="i499"/></URDFElement><URDFElement z:Id="i505" i:type="Joint"><Attributes><Attribute z:Id="i506"><AttributeType>name</AttributeType><IsRequired>true</IsRequired><Value i:type="a:string" xmlns:a="http://www.w3.org/2001/XMLSchema">RFshoulder1</Value></Attribute><Attribute z:Id="i507"><AttributeType>type</AttributeType><IsRequired>true</IsRequired><Value i:type="a:string" xmlns:a="http://www.w3.org/2001/XMLSchema">revolute</Value></Attribute></Attributes><ChildElements><URDFElement z:Id="i508" i:type="Origin"><Attributes><Attribute z:Id="i509"><AttributeType>xyz</AttributeType><IsRequired>true</IsRequired><Value i:type="a:ArrayOfdouble" xmlns:a="http://schemas.microsoft.com/2003/10/Serialization/Arrays"><a:double>0.74128418442522381</a:double><a:double>-1.3528782718749273</a:double><a:double>0.9358269815138035</a:double></Value></Attribute><Attribute z:Id="i510"><AttributeType>rpy</AttributeType><IsRequired>true</IsRequired><Value i:type="a:ArrayOfdouble" xmlns:a="http://schemas.microsoft.com/2003/10/Serialization/Arrays"><a:double>1.5707963267948961</a:double><a:double>-0.1164588933687767</a:double><a:double>0</a:double></Value></Attribute></Attributes><ChildElements/><ElementName>origin</ElementName><required>false</required><RPYAttribute z:Ref="i510"/><XYZAttribute z:Ref="i509"/><isCustomized>false</isCustomized></URDFElement><URDFElement z:Id="i511" i:type="ParentLink"><Attributes><Attribute z:Id="i512"><AttributeType>link</AttributeType><IsRequired>true</IsRequired><Value i:type="a:string" xmlns:a="http://www.w3.org/2001/XMLSchema">Body</Value></Attribute></Attributes><ChildElements/><ElementName>parent</ElementName><required>true</required><NameAttribute z:Ref="i512"/></URDFElement><URDFElement z:Id="i513" i:type="ChildLink"><Attributes><Attribute z:Id="i514"><AttributeType>link</AttributeType><IsRequired>true</IsRequired><Value i:type="a:string" xmlns:a="http://www.w3.org/2001/XMLSchema">RFshoulder</Value></Attribute></Attributes><ChildElements/><ElementName>child</ElementName><required>true</required><NameAttribute z:Ref="i514"/></URDFElement><URDFElement z:Id="i515" i:type="Axis"><Attributes><Attribute z:Id="i516"><AttributeType>xyz</AttributeType><IsRequired>true</IsRequired><Value i:type="a:ArrayOfdouble" xmlns:a="http://schemas.microsoft.com/2003/10/Serialization/Arrays"><a:double>0</a:double><a:double>0</a:double><a:double>1</a:double></Value></Attribute></Attributes><ChildElements/><ElementName>axis</ElementName><required>false</required><XYZAttribute z:Ref="i516"/></URDFElement><URDFElement z:Id="i517" i:type="Limit"><Attributes><Attribute z:Id="i518"><AttributeType>lower</AttributeType><IsRequired>true</IsRequired><Value i:type="a:double" xmlns:a="http://www.w3.org/2001/XMLSchema">0</Value></Attribute><Attribute z:Id="i519"><AttributeType>upper</AttributeType><IsRequired>true</IsRequired><Value i:type="a:double" xmlns:a="http://www.w3.org/2001/XMLSchema">6.2832</Value></Attribute><Attribute z:Id="i520"><AttributeType>effort</AttributeType><IsRequired>true</IsRequired><Value i:type="a:double" xmlns:a="http://www.w3.org/2001/XMLSchema">100</Value></Attribute><Attribute z:Id="i521"><AttributeType>velocity</AttributeType><IsRequired>true</IsRequired><Value i:type="a:double" xmlns:a="http://www.w3.org/2001/XMLSchema">2</Value></Attribute></Attributes><ChildElements/><ElementName>limit</ElementName><required>true</required><EffortAttribute z:Ref="i520"/><LowerAttribute z:Ref="i518"/><UpperAttribute z:Ref="i519"/><VelocityAttribute z:Ref="i521"/></URDFElement><URDFElement z:Id="i522" i:type="Calibration"><Attributes><Attribute z:Id="i523"><AttributeType>rising</AttributeType><IsRequired>false</IsRequired><Value i:nil="true"/></Attribute><Attribute z:Id="i524"><AttributeType>falling</AttributeType><IsRequired>false</IsRequired><Value i:nil="true"/></Attribute></Attributes><ChildElements/><ElementName>calibration</ElementName><required>false</required><FallingAttribute z:Ref="i524"/><RisingAttribute z:Ref="i523"/></URDFElement><URDFElement z:Id="i525" i:type="Dynamics"><Attributes><Attribute z:Id="i526"><AttributeType>damping</AttributeType><IsRequired>false</IsRequired><Value i:nil="true"/></Attribute><Attribute z:Id="i527"><AttributeType>friction</AttributeType><IsRequired>false</IsRequired><Value i:nil="true"/></Attribute></Attributes><ChildElements/><ElementName>dynamics</ElementName><required>false</required><DampingAttribute z:Ref="i526"/><FrictionAttribute z:Ref="i527"/></URDFElement><URDFElement z:Id="i528" i:type="SafetyController"><Attributes><Attribute z:Id="i529"><AttributeType>soft_upper_limit</AttributeType><IsRequired>false</IsRequired><Value i:nil="true"/></Attribute><Attribute z:Id="i530"><AttributeType>soft_lower_limit</AttributeType><IsRequired>false</IsRequired><Value i:nil="true"/></Attribute><Attribute z:Id="i531"><AttributeType>k_position</AttributeType><IsRequired>false</IsRequired><Value i:nil="true"/></Attribute><Attribute z:Id="i532"><AttributeType>k_velocity</AttributeType><IsRequired>true</IsRequired><Value i:nil="true"/></Attribute></Attributes><ChildElements/><ElementName>safety_controller</ElementName><required>false</required><KPositionAttribute z:Ref="i531"/><KVelocityAttribute z:Ref="i532"/><SoftLowerAttribute z:Ref="i530"/><SoftUpperAttribute z:Ref="i529"/></URDFElement><URDFElement z:Id="i533" i:type="Mimic"><Attributes><Attribute z:Id="i534"><AttributeType>joint</AttributeType><IsRequired>true</IsRequired><Value i:nil="true"/></Attribute><Attribute z:Id="i535"><AttributeType>multiplier</AttributeType><IsRequired>false</IsRequired><Value i:nil="true"/></Attribute><Attribute z:Id="i536"><AttributeType>offset</AttributeType><IsRequired>false</IsRequired><Value i:nil="true"/></Attribute></Attributes><ChildElements/><ElementName>mimic</ElementName><required>false</required><JointNameAttribute z:Ref="i534"/><MultiplierAttribute z:Ref="i535"/><OffsetAttribute z:Ref="i536"/></URDFElement></ChildElements><ElementName>joint</ElementName><required>false</required><Axis z:Ref="i515"/><AxisName>RF_shoulder1_axis</AxisName><Calibration z:Ref="i522"/><Child z:Ref="i513"/><CoordinateSystemName>RF_shoulder1_CS</CoordinateSystemName><Dynamics z:Ref="i525"/><Limit z:Ref="i517"/><Mimic z:Ref="i533"/><NameAttribute z:Ref="i506"/><Origin z:Ref="i508"/><Parent z:Ref="i511"/><Safety z:Ref="i528"/><TypeAttribute z:Ref="i507"/></URDFElement></ChildElements><ElementName>link</ElementName><required>true</required><Children><Link z:Id="i537"><Attributes><Attribute z:Id="i538"><AttributeType>name</AttributeType><IsRequired>true</IsRequired><Value i:type="a:string" xmlns:a="http://www.w3.org/2001/XMLSchema">RFthigh</Value></Attribute></Attributes><ChildElements><URDFElement z:Id="i539" i:type="Inertial"><Attributes/><ChildElements><URDFElement z:Id="i540" i:type="Origin"><Attributes><Attribute z:Id="i541"><AttributeType>xyz</AttributeType><IsRequired>true</IsRequired><Value i:type="a:ArrayOfdouble" xmlns:a="http://schemas.microsoft.com/2003/10/Serialization/Arrays"><a:double>-0.025429922548409367</a:double><a:double>-0.056025348704015432</a:double><a:double>-0.001594649740974452</a:double></Value></Attribute><Attribute z:Id="i542"><AttributeType>rpy</AttributeType><IsRequired>true</IsRequired><Value i:type="a:ArrayOfdouble" xmlns:a="http://schemas.microsoft.com/2003/10/Serialization/Arrays"><a:double>0</a:double><a:double>0</a:double><a:double>0</a:double></Value></Attribute></Attributes><ChildElements/><ElementName>origin</ElementName><required>false</required><RPYAttribute z:Ref="i542"/><XYZAttribute z:Ref="i541"/><isCustomized>false</isCustomized></URDFElement><URDFElement z:Id="i543" i:type="Mass"><Attributes><Attribute z:Id="i544"><AttributeType>value</AttributeType><IsRequired>true</IsRequired><Value i:type="a:double" xmlns:a="http://www.w3.org/2001/XMLSchema">0.14258506807020371</Value></Attribute></Attributes><ChildElements/><ElementName>mass</ElementName><required>false</required><ValueAttribute z:Ref="i544"/></URDFElement><URDFElement z:Id="i545" i:type="Inertia"><Attributes><Attribute z:Id="i546"><AttributeType>ixx</AttributeType><IsRequired>true</IsRequired><Value i:type="a:double" xmlns:a="http://www.w3.org/2001/XMLSchema">0.00032131878631758176</Value></Attribute><Attribute z:Id="i547"><AttributeType>ixy</AttributeType><IsRequired>true</IsRequired><Value i:type="a:double" xmlns:a="http://www.w3.org/2001/XMLSchema">2.41938856259464E-06</Value></Attribute><Attribute z:Id="i548"><AttributeType>ixz</AttributeType><IsRequired>true</IsRequired><Value i:type="a:double" xmlns:a="http://www.w3.org/2001/XMLSchema">5.0018727698188964E-08</Value></Attribute><Attribute z:Id="i549"><AttributeType>iyy</AttributeType><IsRequired>true</IsRequired><Value i:type="a:double" xmlns:a="http://www.w3.org/2001/XMLSchema">3.3895761115164831E-05</Value></Attribute><Attribute z:Id="i550"><AttributeType>iyz</AttributeType><IsRequired>true</IsRequired><Value i:type="a:double" xmlns:a="http://www.w3.org/2001/XMLSchema">-7.6738949119115643E-06</Value></Attribute><Attribute z:Id="i551"><AttributeType>izz</AttributeType><IsRequired>true</IsRequired><Value i:type="a:double" xmlns:a="http://www.w3.org/2001/XMLSchema">0.00031630608010157569</Value></Attribute></Attributes><ChildElements/><ElementName>inertia</ElementName><required>false</required><IxxAttribute z:Ref="i546"/><IxyAttribute z:Ref="i547"/><IxzAttribute z:Ref="i548"/><IyyAttribute z:Ref="i549"/><IyzAttribute z:Ref="i550"/><IzzAttribute z:Ref="i551"/></URDFElement></ChildElements><ElementName>inertial</ElementName><required>false</required><Inertia z:Ref="i545"/><Mass z:Ref="i543"/><Origin z:Ref="i540"/></URDFElement><URDFElement z:Id="i552" i:type="Visual"><Attributes/><ChildElements><URDFElement z:Id="i553" i:type="Origin"><Attributes><Attribute z:Id="i554"><AttributeType>xyz</AttributeType><IsRequired>true</IsRequired><Value i:type="a:ArrayOfdouble" xmlns:a="http://schemas.microsoft.com/2003/10/Serialization/Arrays"><a:double>0</a:double><a:double>0</a:double><a:double>0</a:double></Value></Attribute><Attribute z:Id="i555"><AttributeType>rpy</AttributeType><IsRequired>true</IsRequired><Value i:type="a:ArrayOfdouble" xmlns:a="http://schemas.microsoft.com/2003/10/Serialization/Arrays"><a:double>0</a:double><a:double>0</a:double><a:double>0</a:double></Value></Attribute></Attributes><ChildElements/><ElementName>origin</ElementName><required>false</required><RPYAttribute z:Ref="i555"/><XYZAttribute z:Ref="i554"/><isCustomized>false</isCustomized></URDFElement><URDFElement z:Id="i556" i:type="Geometry"><Attributes/><ChildElements><URDFElement z:Id="i557" i:type="Mesh"><Attributes><Attribute z:Id="i558"><AttributeType>filename</AttributeType><IsRequired>true</IsRequired><Value i:nil="true"/></Attribute></Attributes><ChildElements/><ElementName>mesh</ElementName><required>false</required><FilenameAttribute z:Ref="i558"/></URDFElement></ChildElements><ElementName>geometry</ElementName><required>true</required><Mesh z:Ref="i557"/></URDFElement><URDFElement z:Id="i559" i:type="Material"><Attributes><Attribute z:Id="i560"><AttributeType>name</AttributeType><IsRequired>true</IsRequired><Value i:type="a:string" xmlns:a="http://www.w3.org/2001/XMLSchema"/></Attribute></Attributes><ChildElements><URDFElement z:Id="i561" i:type="Color"><Attributes><Attribute z:Id="i562"><AttributeType>rgba</AttributeType><IsRequired>true</IsRequired><Value i:type="a:ArrayOfdouble" xmlns:a="http://schemas.microsoft.com/2003/10/Serialization/Arrays"><a:double>0.792156862745098</a:double><a:double>0.81960784313725488</a:double><a:double>0.93333333333333335</a:double><a:double>1</a:double></Value></Attribute></Attributes><ChildElements/><ElementName>color</ElementName><required>false</required><RGBAAttribute z:Ref="i562"/></URDFElement><URDFElement z:Id="i563" i:type="Texture"><Attributes><Attribute z:Id="i564"><AttributeType>filename</AttributeType><IsRequired>true</IsRequired><Value i:nil="true"/></Attribute></Attributes><ChildElements/><ElementName>texture</ElementName><required>false</required><FilenameAttribute z:Ref="i564"/><wFilename/></URDFElement></ChildElements><ElementName>material</ElementName><required>false</required><Color z:Ref="i561"/><NameAttribute z:Ref="i560"/><Texture z:Ref="i563"/></URDFElement></ChildElements><ElementName>visual</ElementName><required>false</required><Geometry z:Ref="i556"/><Material z:Ref="i559"/><Origin z:Ref="i553"/></URDFElement><URDFElement z:Id="i565" i:type="Collision"><Attributes/><ChildElements><URDFElement z:Id="i566" i:type="Origin"><Attributes><Attribute z:Id="i567"><AttributeType>xyz</AttributeType><IsRequired>true</IsRequired><Value i:type="a:ArrayOfdouble" xmlns:a="http://schemas.microsoft.com/2003/10/Serialization/Arrays"><a:double>0</a:double><a:double>0</a:double><a:double>0</a:double></Value></Attribute><Attribute z:Id="i568"><AttributeType>rpy</AttributeType><IsRequired>true</IsRequired><Value i:type="a:ArrayOfdouble" xmlns:a="http://schemas.microsoft.com/2003/10/Serialization/Arrays"><a:double>0</a:double><a:double>0</a:double><a:double>0</a:double></Value></Attribute></Attributes><ChildElements/><ElementName>origin</ElementName><required>false</required><RPYAttribute z:Ref="i568"/><XYZAttribute z:Ref="i567"/><isCustomized>false</isCustomized></URDFElement><URDFElement z:Id="i569" i:type="Geometry"><Attributes/><ChildElements><URDFElement z:Id="i570" i:type="Mesh"><Attributes><Attribute z:Id="i571"><AttributeType>filename</AttributeType><IsRequired>true</IsRequired><Value i:nil="true"/></Attribute></Attributes><ChildElements/><ElementName>mesh</ElementName><required>false</required><FilenameAttribute z:Ref="i571"/></URDFElement></ChildElements><ElementName>geometry</ElementName><required>true</required><Mesh z:Ref="i570"/></URDFElement></ChildElements><ElementName>collision</ElementName><required>false</required><Geometry z:Ref="i569"/><Origin z:Ref="i566"/></URDFElement><URDFElement z:Id="i572" i:type="Joint"><Attributes><Attribute z:Id="i573"><AttributeType>name</AttributeType><IsRequired>true</IsRequired><Value i:type="a:string" xmlns:a="http://www.w3.org/2001/XMLSchema">RFshoulder</Value></Attribute><Attribute z:Id="i574"><AttributeType>type</AttributeType><IsRequired>true</IsRequired><Value i:type="a:string" xmlns:a="http://www.w3.org/2001/XMLSchema">revolute</Value></Attribute></Attributes><ChildElements><URDFElement z:Id="i575" i:type="Origin"><Attributes><Attribute z:Id="i576"><AttributeType>xyz</AttributeType><IsRequired>true</IsRequired><Value i:type="a:ArrayOfdouble" xmlns:a="http://schemas.microsoft.com/2003/10/Serialization/Arrays"><a:double>0.030132736285776396</a:double><a:double>-0.027433001803540247</a:double><a:double>-0.054419879147057593</a:double></Value></Attribute><Attribute z:Id="i577"><AttributeType>rpy</AttributeType><IsRequired>true</IsRequired><Value i:type="a:ArrayOfdouble" xmlns:a="http://schemas.microsoft.com/2003/10/Serialization/Arrays"><a:double>-0.532538206681912</a:double><a:double>0</a:double><a:double>0</a:double></Value></Attribute></Attributes><ChildElements/><ElementName>origin</ElementName><required>false</required><RPYAttribute z:Ref="i577"/><XYZAttribute z:Ref="i576"/><isCustomized>false</isCustomized></URDFElement><URDFElement z:Id="i578" i:type="ParentLink"><Attributes><Attribute z:Id="i579"><AttributeType>link</AttributeType><IsRequired>true</IsRequired><Value i:type="a:string" xmlns:a="http://www.w3.org/2001/XMLSchema">RFshoulder</Value></Attribute></Attributes><ChildElements/><ElementName>parent</ElementName><required>true</required><NameAttribute z:Ref="i579"/></URDFElement><URDFElement z:Id="i580" i:type="ChildLink"><Attributes><Attribute z:Id="i581"><AttributeType>link</AttributeType><IsRequired>true</IsRequired><Value i:type="a:string" xmlns:a="http://www.w3.org/2001/XMLSchema">RFthigh</Value></Attribute></Attributes><ChildElements/><ElementName>child</ElementName><required>true</required><NameAttribute z:Ref="i581"/></URDFElement><URDFElement z:Id="i582" i:type="Axis"><Attributes><Attribute z:Id="i583"><AttributeType>xyz</AttributeType><IsRequired>true</IsRequired><Value i:type="a:ArrayOfdouble" xmlns:a="http://schemas.microsoft.com/2003/10/Serialization/Arrays"><a:double>-1</a:double><a:double>0</a:double><a:double>0</a:double></Value></Attribute></Attributes><ChildElements/><ElementName>axis</ElementName><required>false</required><XYZAttribute z:Ref="i583"/></URDFElement><URDFElement z:Id="i584" i:type="Limit"><Attributes><Attribute z:Id="i585"><AttributeType>lower</AttributeType><IsRequired>true</IsRequired><Value i:type="a:double" xmlns:a="http://www.w3.org/2001/XMLSchema">0</Value></Attribute><Attribute z:Id="i586"><AttributeType>upper</AttributeType><IsRequired>true</IsRequired><Value i:type="a:double" xmlns:a="http://www.w3.org/2001/XMLSchema">6.2832</Value></Attribute><Attribute z:Id="i587"><AttributeType>effort</AttributeType><IsRequired>true</IsRequired><Value i:type="a:double" xmlns:a="http://www.w3.org/2001/XMLSchema">100</Value></Attribute><Attribute z:Id="i588"><AttributeType>velocity</AttributeType><IsRequired>true</IsRequired><Value i:type="a:double" xmlns:a="http://www.w3.org/2001/XMLSchema">2</Value></Attribute></Attributes><ChildElements/><ElementName>limit</ElementName><required>true</required><EffortAttribute z:Ref="i587"/><LowerAttribute z:Ref="i585"/><UpperAttribute z:Ref="i586"/><VelocityAttribute z:Ref="i588"/></URDFElement><URDFElement z:Id="i589" i:type="Calibration"><Attributes><Attribute z:Id="i590"><AttributeType>rising</AttributeType><IsRequired>false</IsRequired><Value i:nil="true"/></Attribute><Attribute z:Id="i591"><AttributeType>falling</AttributeType><IsRequired>false</IsRequired><Value i:nil="true"/></Attribute></Attributes><ChildElements/><ElementName>calibration</ElementName><required>false</required><FallingAttribute z:Ref="i591"/><RisingAttribute z:Ref="i590"/></URDFElement><URDFElement z:Id="i592" i:type="Dynamics"><Attributes><Attribute z:Id="i593"><AttributeType>damping</AttributeType><IsRequired>false</IsRequired><Value i:nil="true"/></Attribute><Attribute z:Id="i594"><AttributeType>friction</AttributeType><IsRequired>false</IsRequired><Value i:nil="true"/></Attribute></Attributes><ChildElements/><ElementName>dynamics</ElementName><required>false</required><DampingAttribute z:Ref="i593"/><FrictionAttribute z:Ref="i594"/></URDFElement><URDFElement z:Id="i595" i:type="SafetyController"><Attributes><Attribute z:Id="i596"><AttributeType>soft_upper_limit</AttributeType><IsRequired>false</IsRequired><Value i:nil="true"/></Attribute><Attribute z:Id="i597"><AttributeType>soft_lower_limit</AttributeType><IsRequired>false</IsRequired><Value i:nil="true"/></Attribute><Attribute z:Id="i598"><AttributeType>k_position</AttributeType><IsRequired>false</IsRequired><Value i:nil="true"/></Attribute><Attribute z:Id="i599"><AttributeType>k_velocity</AttributeType><IsRequired>true</IsRequired><Value i:nil="true"/></Attribute></Attributes><ChildElements/><ElementName>safety_controller</ElementName><required>false</required><KPositionAttribute z:Ref="i598"/><KVelocityAttribute z:Ref="i599"/><SoftLowerAttribute z:Ref="i597"/><SoftUpperAttribute z:Ref="i596"/></URDFElement><URDFElement z:Id="i600" i:type="Mimic"><Attributes><Attribute z:Id="i601"><AttributeType>joint</AttributeType><IsRequired>true</IsRequired><Value i:nil="true"/></Attribute><Attribute z:Id="i602"><AttributeType>multiplier</AttributeType><IsRequired>false</IsRequired><Value i:nil="true"/></Attribute><Attribute z:Id="i603"><AttributeType>offset</AttributeType><IsRequired>false</IsRequired><Value i:nil="true"/></Attribute></Attributes><ChildElements/><ElementName>mimic</ElementName><required>false</required><JointNameAttribute z:Ref="i601"/><MultiplierAttribute z:Ref="i602"/><OffsetAttribute z:Ref="i603"/></URDFElement></ChildElements><ElementName>joint</ElementName><required>false</required><Axis z:Ref="i582"/><AxisName>right_front_shoulder_axis</AxisName><Calibration z:Ref="i589"/><Child z:Ref="i580"/><CoordinateSystemName>RF_shoulder_CS</CoordinateSystemName><Dynamics z:Ref="i592"/><Limit z:Ref="i584"/><Mimic z:Ref="i600"/><NameAttribute z:Ref="i573"/><Origin z:Ref="i575"/><Parent z:Ref="i578"/><Safety z:Ref="i595"/><TypeAttribute z:Ref="i574"/></URDFElement></ChildElements><ElementName>link</ElementName><required>true</required><Children><Link z:Id="i604"><Attributes><Attribute z:Id="i605"><AttributeType>name</AttributeType><IsRequired>true</IsRequired><Value i:type="a:string" xmlns:a="http://www.w3.org/2001/XMLSchema">RFcalf</Value></Attribute></Attributes><ChildElements><URDFElement z:Id="i606" i:type="Inertial"><Attributes/><ChildElements><URDFElement z:Id="i607" i:type="Origin"><Attributes><Attribute z:Id="i608"><AttributeType>xyz</AttributeType><IsRequired>true</IsRequired><Value i:type="a:ArrayOfdouble" xmlns:a="http://schemas.microsoft.com/2003/10/Serialization/Arrays"><a:double>0.045638923673707366</a:double><a:double>-0.072926852129632458</a:double><a:double>-6.3309357756224927E-12</a:double></Value></Attribute><Attribute z:Id="i609"><AttributeType>rpy</AttributeType><IsRequired>true</IsRequired><Value i:type="a:ArrayOfdouble" xmlns:a="http://schemas.microsoft.com/2003/10/Serialization/Arrays"><a:double>0</a:double><a:double>0</a:double><a:double>0</a:double></Value></Attribute></Attributes><ChildElements/><ElementName>origin</ElementName><required>false</required><RPYAttribute z:Ref="i609"/><XYZAttribute z:Ref="i608"/><isCustomized>false</isCustomized></URDFElement><URDFElement z:Id="i610" i:type="Mass"><Attributes><Attribute z:Id="i611"><AttributeType>value</AttributeType><IsRequired>true</IsRequired><Value i:type="a:double" xmlns:a="http://www.w3.org/2001/XMLSchema">0.22012987304452564</Value></Attribute></Attributes><ChildElements/><ElementName>mass</ElementName><required>false</required><ValueAttribute z:Ref="i611"/></URDFElement><URDFElement z:Id="i612" i:type="Inertia"><Attributes><Attribute z:Id="i613"><AttributeType>ixx</AttributeType><IsRequired>true</IsRequired><Value i:type="a:double" xmlns:a="http://www.w3.org/2001/XMLSchema">0.0004975825482470981</Value></Attribute><Attribute z:Id="i614"><AttributeType>ixy</AttributeType><IsRequired>true</IsRequired><Value i:type="a:double" xmlns:a="http://www.w3.org/2001/XMLSchema">3.4958933968641032E-05</Value></Attribute><Attribute z:Id="i615"><AttributeType>ixz</AttributeType><IsRequired>true</IsRequired><Value i:type="a:double" xmlns:a="http://www.w3.org/2001/XMLSchema">2.0752307207730358E-20</Value></Attribute><Attribute z:Id="i616"><AttributeType>iyy</AttributeType><IsRequired>true</IsRequired><Value i:type="a:double" xmlns:a="http://www.w3.org/2001/XMLSchema">5.8749791418321587E-05</Value></Attribute><Attribute z:Id="i617"><AttributeType>iyz</AttributeType><IsRequired>true</IsRequired><Value i:type="a:double" xmlns:a="http://www.w3.org/2001/XMLSchema">-2.422514229147299E-19</Value></Attribute><Attribute z:Id="i618"><AttributeType>izz</AttributeType><IsRequired>true</IsRequired><Value i:type="a:double" xmlns:a="http://www.w3.org/2001/XMLSchema">0.00049943663709033016</Value></Attribute></Attributes><ChildElements/><ElementName>inertia</ElementName><required>false</required><IxxAttribute z:Ref="i613"/><IxyAttribute z:Ref="i614"/><IxzAttribute z:Ref="i615"/><IyyAttribute z:Ref="i616"/><IyzAttribute z:Ref="i617"/><IzzAttribute z:Ref="i618"/></URDFElement></ChildElements><ElementName>inertial</ElementName><required>false</required><Inertia z:Ref="i612"/><Mass z:Ref="i610"/><Origin z:Ref="i607"/></URDFElement><URDFElement z:Id="i619" i:type="Visual"><Attributes/><ChildElements><URDFElement z:Id="i620" i:type="Origin"><Attributes><Attribute z:Id="i621"><AttributeType>xyz</AttributeType><IsRequired>true</IsRequired><Value i:type="a:ArrayOfdouble" xmlns:a="http://schemas.microsoft.com/2003/10/Serialization/Arrays"><a:double>0</a:double><a:double>0</a:double><a:double>0</a:double></Value></Attribute><Attribute z:Id="i622"><AttributeType>rpy</AttributeType><IsRequired>true</IsRequired><Value i:type="a:ArrayOfdouble" xmlns:a="http://schemas.microsoft.com/2003/10/Serialization/Arrays"><a:double>0</a:double><a:double>0</a:double><a:double>0</a:double></Value></Attribute></Attributes><ChildElements/><ElementName>origin</ElementName><required>false</required><RPYAttribute z:Ref="i622"/><XYZAttribute z:Ref="i621"/><isCustomized>false</isCustomized></URDFElement><URDFElement z:Id="i623" i:type="Geometry"><Attributes/><ChildElements><URDFElement z:Id="i624" i:type="Mesh"><Attributes><Attribute z:Id="i625"><AttributeType>filename</AttributeType><IsRequired>true</IsRequired><Value i:nil="true"/></Attribute></Attributes><ChildElements/><ElementName>mesh</ElementName><required>false</required><FilenameAttribute z:Ref="i625"/></URDFElement></ChildElements><ElementName>geometry</ElementName><required>true</required><Mesh z:Ref="i624"/></URDFElement><URDFElement z:Id="i626" i:type="Material"><Attributes><Attribute z:Id="i627"><AttributeType>name</AttributeType><IsRequired>true</IsRequired><Value i:type="a:string" xmlns:a="http://www.w3.org/2001/XMLSchema"/></Attribute></Attributes><ChildElements><URDFElement z:Id="i628" i:type="Color"><Attributes><Attribute z:Id="i629"><AttributeType>rgba</AttributeType><IsRequired>true</IsRequired><Value i:type="a:ArrayOfdouble" xmlns:a="http://schemas.microsoft.com/2003/10/Serialization/Arrays"><a:double>0.792156862745098</a:double><a:double>0.81960784313725488</a:double><a:double>0.93333333333333335</a:double><a:double>1</a:double></Value></Attribute></Attributes><ChildElements/><ElementName>color</ElementName><required>false</required><RGBAAttribute z:Ref="i629"/></URDFElement><URDFElement z:Id="i630" i:type="Texture"><Attributes><Attribute z:Id="i631"><AttributeType>filename</AttributeType><IsRequired>true</IsRequired><Value i:nil="true"/></Attribute></Attributes><ChildElements/><ElementName>texture</ElementName><required>false</required><FilenameAttribute z:Ref="i631"/><wFilename/></URDFElement></ChildElements><ElementName>material</ElementName><required>false</required><Color z:Ref="i628"/><NameAttribute z:Ref="i627"/><Texture z:Ref="i630"/></URDFElement></ChildElements><ElementName>visual</ElementName><required>false</required><Geometry z:Ref="i623"/><Material z:Ref="i626"/><Origin z:Ref="i620"/></URDFElement><URDFElement z:Id="i632" i:type="Collision"><Attributes/><ChildElements><URDFElement z:Id="i633" i:type="Origin"><Attributes><Attribute z:Id="i634"><AttributeType>xyz</AttributeType><IsRequired>true</IsRequired><Value i:type="a:ArrayOfdouble" xmlns:a="http://schemas.microsoft.com/2003/10/Serialization/Arrays"><a:double>0</a:double><a:double>0</a:double><a:double>0</a:double></Value></Attribute><Attribute z:Id="i635"><AttributeType>rpy</AttributeType><IsRequired>true</IsRequired><Value i:type="a:ArrayOfdouble" xmlns:a="http://schemas.microsoft.com/2003/10/Serialization/Arrays"><a:double>0</a:double><a:double>0</a:double><a:double>0</a:double></Value></Attribute></Attributes><ChildElements/><ElementName>origin</ElementName><required>false</required><RPYAttribute z:Ref="i635"/><XYZAttribute z:Ref="i634"/><isCustomized>false</isCustomized></URDFElement><URDFElement z:Id="i636" i:type="Geometry"><Attributes/><ChildElements><URDFElement z:Id="i637" i:type="Mesh"><Attributes><Attribute z:Id="i638"><AttributeType>filename</AttributeType><IsRequired>true</IsRequired><Value i:nil="true"/></Attribute></Attributes><ChildElements/><ElementName>mesh</ElementName><required>false</required><FilenameAttribute z:Ref="i638"/></URDFElement></ChildElements><ElementName>geometry</ElementName><required>true</required><Mesh z:Ref="i637"/></URDFElement></ChildElements><ElementName>collision</ElementName><required>false</required><Geometry z:Ref="i636"/><Origin z:Ref="i633"/></URDFElement><URDFElement z:Id="i639" i:type="Joint"><Attributes><Attribute z:Id="i640"><AttributeType>name</AttributeType><IsRequired>true</IsRequired><Value i:type="a:string" xmlns:a="http://www.w3.org/2001/XMLSchema">RFknee</Value></Attribute><Attribute z:Id="i641"><AttributeType>type</AttributeType><IsRequired>true</IsRequired><Value i:type="a:string" xmlns:a="http://www.w3.org/2001/XMLSchema">revolute</Value></Attribute></Attributes><ChildElements><URDFElement z:Id="i642" i:type="Origin"><Attributes><Attribute z:Id="i643"><AttributeType>xyz</AttributeType><IsRequired>true</IsRequired><Value i:type="a:ArrayOfdouble" xmlns:a="http://schemas.microsoft.com/2003/10/Serialization/Arrays"><a:double>-0.0688982914538071</a:double><a:double>-0.13574108897487253</a:double><a:double>-0.0047015487332202621</a:double></Value></Attribute><Attribute z:Id="i644"><AttributeType>rpy</AttributeType><IsRequired>true</IsRequired><Value i:type="a:ArrayOfdouble" xmlns:a="http://schemas.microsoft.com/2003/10/Serialization/Arrays"><a:double>1.2644864677079013</a:double><a:double>0.0827040505719773</a:double><a:double>-0.026120523015000573</a:double></Value></Attribute></Attributes><ChildElements/><ElementName>origin</ElementName><required>false</required><RPYAttribute z:Ref="i644"/><XYZAttribute z:Ref="i643"/><isCustomized>false</isCustomized></URDFElement><URDFElement z:Id="i645" i:type="ParentLink"><Attributes><Attribute z:Id="i646"><AttributeType>link</AttributeType><IsRequired>true</IsRequired><Value i:type="a:string" xmlns:a="http://www.w3.org/2001/XMLSchema">RFthigh</Value></Attribute></Attributes><ChildElements/><ElementName>parent</ElementName><required>true</required><NameAttribute z:Ref="i646"/></URDFElement><URDFElement z:Id="i647" i:type="ChildLink"><Attributes><Attribute z:Id="i648"><AttributeType>link</AttributeType><IsRequired>true</IsRequired><Value i:type="a:string" xmlns:a="http://www.w3.org/2001/XMLSchema">RFcalf</Value></Attribute></Attributes><ChildElements/><ElementName>child</ElementName><required>true</required><NameAttribute z:Ref="i648"/></URDFElement><URDFElement z:Id="i649" i:type="Axis"><Attributes><Attribute z:Id="i650"><AttributeType>xyz</AttributeType><IsRequired>true</IsRequired><Value i:type="a:ArrayOfdouble" xmlns:a="http://schemas.microsoft.com/2003/10/Serialization/Arrays"><a:double>0.9962420134404969</a:double><a:double>0.086613224486937174</a:double><a:double>0</a:double></Value></Attribute></Attributes><ChildElements/><ElementName>axis</ElementName><required>false</required><XYZAttribute z:Ref="i650"/></URDFElement><URDFElement z:Id="i651" i:type="Limit"><Attributes><Attribute z:Id="i652"><AttributeType>lower</AttributeType><IsRequired>true</IsRequired><Value i:type="a:double" xmlns:a="http://www.w3.org/2001/XMLSchema">0</Value></Attribute><Attribute z:Id="i653"><AttributeType>upper</AttributeType><IsRequired>true</IsRequired><Value i:type="a:double" xmlns:a="http://www.w3.org/2001/XMLSchema">6.2832</Value></Attribute><Attribute z:Id="i654"><AttributeType>effort</AttributeType><IsRequired>true</IsRequired><Value i:type="a:double" xmlns:a="http://www.w3.org/2001/XMLSchema">100</Value></Attribute><Attribute z:Id="i655"><AttributeType>velocity</AttributeType><IsRequired>true</IsRequired><Value i:type="a:double" xmlns:a="http://www.w3.org/2001/XMLSchema">2</Value></Attribute></Attributes><ChildElements/><ElementName>limit</ElementName><required>true</required><EffortAttribute z:Ref="i654"/><LowerAttribute z:Ref="i652"/><UpperAttribute z:Ref="i653"/><VelocityAttribute z:Ref="i655"/></URDFElement><URDFElement z:Id="i656" i:type="Calibration"><Attributes><Attribute z:Id="i657"><AttributeType>rising</AttributeType><IsRequired>false</IsRequired><Value i:nil="true"/></Attribute><Attribute z:Id="i658"><AttributeType>falling</AttributeType><IsRequired>false</IsRequired><Value i:nil="true"/></Attribute></Attributes><ChildElements/><ElementName>calibration</ElementName><required>false</required><FallingAttribute z:Ref="i658"/><RisingAttribute z:Ref="i657"/></URDFElement><URDFElement z:Id="i659" i:type="Dynamics"><Attributes><Attribute z:Id="i660"><AttributeType>damping</AttributeType><IsRequired>false</IsRequired><Value i:nil="true"/></Attribute><Attribute z:Id="i661"><AttributeType>friction</AttributeType><IsRequired>false</IsRequired><Value i:nil="true"/></Attribute></Attributes><ChildElements/><ElementName>dynamics</ElementName><required>false</required><DampingAttribute z:Ref="i660"/><FrictionAttribute z:Ref="i661"/></URDFElement><URDFElement z:Id="i662" i:type="SafetyController"><Attributes><Attribute z:Id="i663"><AttributeType>soft_upper_limit</AttributeType><IsRequired>false</IsRequired><Value i:nil="true"/></Attribute><Attribute z:Id="i664"><AttributeType>soft_lower_limit</AttributeType><IsRequired>false</IsRequired><Value i:nil="true"/></Attribute><Attribute z:Id="i665"><AttributeType>k_position</AttributeType><IsRequired>false</IsRequired><Value i:nil="true"/></Attribute><Attribute z:Id="i666"><AttributeType>k_velocity</AttributeType><IsRequired>true</IsRequired><Value i:nil="true"/></Attribute></Attributes><ChildElements/><ElementName>safety_controller</ElementName><required>false</required><KPositionAttribute z:Ref="i665"/><KVelocityAttribute z:Ref="i666"/><SoftLowerAttribute z:Ref="i664"/><SoftUpperAttribute z:Ref="i663"/></URDFElement><URDFElement z:Id="i667" i:type="Mimic"><Attributes><Attribute z:Id="i668"><AttributeType>joint</AttributeType><IsRequired>true</IsRequired><Value i:nil="true"/></Attribute><Attribute z:Id="i669"><AttributeType>multiplier</AttributeType><IsRequired>false</IsRequired><Value i:nil="true"/></Attribute><Attribute z:Id="i670"><AttributeType>offset</AttributeType><IsRequired>false</IsRequired><Value i:nil="true"/></Attribute></Attributes><ChildElements/><ElementName>mimic</ElementName><required>false</required><JointNameAttribute z:Ref="i668"/><MultiplierAttribute z:Ref="i669"/><OffsetAttribute z:Ref="i670"/></URDFElement></ChildElements><ElementName>joint</ElementName><required>false</required><Axis z:Ref="i649"/><AxisName>right1_front_knee_axis</AxisName><Calibration z:Ref="i656"/><Child z:Ref="i647"/><CoordinateSystemName>RF_knee_CS</CoordinateSystemName><Dynamics z:Ref="i659"/><Limit z:Ref="i651"/><Mimic z:Ref="i667"/><NameAttribute z:Ref="i640"/><Origin z:Ref="i642"/><Parent z:Ref="i645"/><Safety z:Ref="i662"/><TypeAttribute z:Ref="i641"/></URDFElement></ChildElements><ElementName>link</ElementName><required>true</required><Children/><Collision z:Ref="i632"/><Inertial z:Ref="i606"/><Joint z:Ref="i639"/><NameAttribute z:Ref="i605"/><Parent z:Ref="i537"/><STLQualityFine>false</STLQualityFine><SWComponentPIDs xmlns:a="http://schemas.microsoft.com/2003/10/Serialization/Arrays"><a:base64Binary>UEYAAAUAAAD//v8yTABlAGcAbQBpAHIAcgBvAHIALQA0AEAAYgBvAGQAeQAgAHAAawAvAEwAZQBmAHQALQBOAEUAVwAgAEwATwBXAEUAUgAgAEwARQBHAC0AMgBAAEwAZQBnAG0AaQByAHIAbwByAAQAAAAQAAAAAQAAAAIAAABLBwAApQAAAA==</a:base64Binary><a:base64Binary>UEYAAAUAAAD//v8wTABlAGcAbQBpAHIAcgBvAHIALQA0AEAAYgBvAGQAeQAgAHAAawAvAEwAZQBmAHQALQBsAG8AdwBlAHIAIABsAGUAZwAgADIALQAyAEAATABlAGcAbQBpAHIAcgBvAHIABAAAABAAAAABAAAAAgAAAEsHAACjAAAA</a:base64Binary></SWComponentPIDs><SWMainComponentPID i:nil="true"/><Visual z:Ref="i619"/><isFixedFrame>false</isFixedFrame><isIncomplete>false</isIncomplete></Link></Children><Collision z:Ref="i565"/><Inertial z:Ref="i539"/><Joint z:Ref="i572"/><NameAttribute z:Ref="i538"/><Parent z:Ref="i470"/><STLQualityFine>false</STLQualityFine><SWComponentPIDs xmlns:a="http://schemas.microsoft.com/2003/10/Serialization/Arrays"><a:base64Binary>UEYAAAUAAAD//v8rTABlAGcAbQBpAHIAcgBvAHIALQA0AEAAYgBvAGQAeQAgAHAAawAvAEwAZQBmAHQALQB1AHAAIABsAGUAZwAtADIAQABMAGUAZwBtAGkAcgByAG8AcgAEAAAAEAAAAAEAAAACAAAASwcAAKEAAAA=</a:base64Binary></SWComponentPIDs><SWMainComponentPID i:nil="true"/><Visual z:Ref="i552"/><isFixedFrame>false</isFixedFrame><isIncomplete>false</isIncomplete></Link></Children><Collision z:Ref="i498"/><Inertial z:Ref="i472"/><Joint z:Ref="i505"/><NameAttribute z:Ref="i471"/><Parent z:Ref="i1"/><STLQualityFine>false</STLQualityFine><SWComponentPIDs xmlns:a="http://schemas.microsoft.com/2003/10/Serialization/Arrays"><a:base64Binary>UEYAAAUAAAD//v9QTABlAGcAbQBpAHIAcgBvAHIALQA0AEAAYgBvAGQAeQAgAHAAawAvAEwAZQBmAHQALQBzAGgAbwB1AGwAZABlAHIALQAyAEAATABlAGcAbQBpAHIAcgBvAHIALwBMAGUAZgB0AC0AcwBoAG8AdQBsAGQAZQByACAAcABhAHIAdAAtADEAQABMAGUAZgB0AC0AcwBoAG8AdQBsAGQAZQByAAQAAAAQAAAAAQAAAAMAAABLBwAAogAAABwAAAA=</a:base64Binary></SWComponentPIDs><SWMainComponentPID i:nil="true"/><Visual z:Ref="i485"/><isFixedFrame>false</isFixedFrame><isIncomplete>false</isIncomplete></Link><Link z:Id="i671"><Attributes><Attribute z:Id="i672"><AttributeType>name</AttributeType><IsRequired>true</IsRequired><Value i:type="a:string" xmlns:a="http://www.w3.org/2001/XMLSchema">RRshoulder</Value></Attribute></Attributes><ChildElements><URDFElement z:Id="i673" i:type="Inertial"><Attributes/><ChildElements><URDFElement z:Id="i674" i:type="Origin"><Attributes><Attribute z:Id="i675"><AttributeType>xyz</AttributeType><IsRequired>true</IsRequired><Value i:type="a:ArrayOfdouble" xmlns:a="http://schemas.microsoft.com/2003/10/Serialization/Arrays"><a:double>-0.0069792119094787</a:double><a:double>0.0012048295504288875</a:double><a:double>-0.05300448355347176</a:double></Value></Attribute><Attribute z:Id="i676"><AttributeType>rpy</AttributeType><IsRequired>true</IsRequired><Value i:type="a:ArrayOfdouble" xmlns:a="http://schemas.microsoft.com/2003/10/Serialization/Arrays"><a:double>0</a:double><a:double>0</a:double><a:double>0</a:double></Value></Attribute></Attributes><ChildElements/><ElementName>origin</ElementName><required>false</required><RPYAttribute z:Ref="i676"/><XYZAttribute z:Ref="i675"/><isCustomized>false</isCustomized></URDFElement><URDFElement z:Id="i677" i:type="Mass"><Attributes><Attribute z:Id="i678"><AttributeType>value</AttributeType><IsRequired>true</IsRequired><Value i:type="a:double" xmlns:a="http://www.w3.org/2001/XMLSchema">0.10711331634775587</Value></Attribute></Attributes><ChildElements/><ElementName>mass</ElementName><required>false</required><ValueAttribute z:Ref="i678"/></URDFElement><URDFElement z:Id="i679" i:type="Inertia"><Attributes><Attribute z:Id="i680"><AttributeType>ixx</AttributeType><IsRequired>true</IsRequired><Value i:type="a:double" xmlns:a="http://www.w3.org/2001/XMLSchema">5.1818396204827292E-05</Value></Attribute><Attribute z:Id="i681"><AttributeType>ixy</AttributeType><IsRequired>true</IsRequired><Value i:type="a:double" xmlns:a="http://www.w3.org/2001/XMLSchema">-2.9074713495354619E-06</Value></Attribute><Attribute z:Id="i682"><AttributeType>ixz</AttributeType><IsRequired>true</IsRequired><Value i:type="a:double" xmlns:a="http://www.w3.org/2001/XMLSchema">2.7636533141014167E-06</Value></Attribute><Attribute z:Id="i683"><AttributeType>iyy</AttributeType><IsRequired>true</IsRequired><Value i:type="a:double" xmlns:a="http://www.w3.org/2001/XMLSchema">3.9028189648603848E-05</Value></Attribute><Attribute z:Id="i684"><AttributeType>iyz</AttributeType><IsRequired>true</IsRequired><Value i:type="a:double" xmlns:a="http://www.w3.org/2001/XMLSchema">-2.5578377048016022E-06</Value></Attribute><Attribute z:Id="i685"><AttributeType>izz</AttributeType><IsRequired>true</IsRequired><Value i:type="a:double" xmlns:a="http://www.w3.org/2001/XMLSchema">4.7122916669727518E-05</Value></Attribute></Attributes><ChildElements/><ElementName>inertia</ElementName><required>false</required><IxxAttribute z:Ref="i680"/><IxyAttribute z:Ref="i681"/><IxzAttribute z:Ref="i682"/><IyyAttribute z:Ref="i683"/><IyzAttribute z:Ref="i684"/><IzzAttribute z:Ref="i685"/></URDFElement></ChildElements><ElementName>inertial</ElementName><required>false</required><Inertia z:Ref="i679"/><Mass z:Ref="i677"/><Origin z:Ref="i674"/></URDFElement><URDFElement z:Id="i686" i:type="Visual"><Attributes/><ChildElements><URDFElement z:Id="i687" i:type="Origin"><Attributes><Attribute z:Id="i688"><AttributeType>xyz</AttributeType><IsRequired>true</IsRequired><Value i:type="a:ArrayOfdouble" xmlns:a="http://schemas.microsoft.com/2003/10/Serialization/Arrays"><a:double>0</a:double><a:double>0</a:double><a:double>0</a:double></Value></Attribute><Attribute z:Id="i689"><AttributeType>rpy</AttributeType><IsRequired>true</IsRequired><Value i:type="a:ArrayOfdouble" xmlns:a="http://schemas.microsoft.com/2003/10/Serialization/Arrays"><a:double>0</a:double><a:double>0</a:double><a:double>0</a:double></Value></Attribute></Attributes><ChildElements/><ElementName>origin</ElementName><required>false</required><RPYAttribute z:Ref="i689"/><XYZAttribute z:Ref="i688"/><isCustomized>false</isCustomized></URDFElement><URDFElement z:Id="i690" i:type="Geometry"><Attributes/><ChildElements><URDFElement z:Id="i691" i:type="Mesh"><Attributes><Attribute z:Id="i692"><AttributeType>filename</AttributeType><IsRequired>true</IsRequired><Value i:nil="true"/></Attribute></Attributes><ChildElements/><ElementName>mesh</ElementName><required>false</required><FilenameAttribute z:Ref="i692"/></URDFElement></ChildElements><ElementName>geometry</ElementName><required>true</required><Mesh z:Ref="i691"/></URDFElement><URDFElement z:Id="i693" i:type="Material"><Attributes><Attribute z:Id="i694"><AttributeType>name</AttributeType><IsRequired>true</IsRequired><Value i:type="a:string" xmlns:a="http://www.w3.org/2001/XMLSchema"/></Attribute></Attributes><ChildElements><URDFElement z:Id="i695" i:type="Color"><Attributes><Attribute z:Id="i696"><AttributeType>rgba</AttributeType><IsRequired>true</IsRequired><Value i:type="a:ArrayOfdouble" xmlns:a="http://schemas.microsoft.com/2003/10/Serialization/Arrays"><a:double>0.62745098039215685</a:double><a:double>0.62745098039215685</a:double><a:double>0.62745098039215685</a:double><a:double>1</a:double></Value></Attribute></Attributes><ChildElements/><ElementName>color</ElementName><required>false</required><RGBAAttribute z:Ref="i696"/></URDFElement><URDFElement z:Id="i697" i:type="Texture"><Attributes><Attribute z:Id="i698"><AttributeType>filename</AttributeType><IsRequired>true</IsRequired><Value i:nil="true"/></Attribute></Attributes><ChildElements/><ElementName>texture</ElementName><required>false</required><FilenameAttribute z:Ref="i698"/><wFilename/></URDFElement></ChildElements><ElementName>material</ElementName><required>false</required><Color z:Ref="i695"/><NameAttribute z:Ref="i694"/><Texture z:Ref="i697"/></URDFElement></ChildElements><ElementName>visual</ElementName><required>false</required><Geometry z:Ref="i690"/><Material z:Ref="i693"/><Origin z:Ref="i687"/></URDFElement><URDFElement z:Id="i699" i:type="Collision"><Attributes/><ChildElements><URDFElement z:Id="i700" i:type="Origin"><Attributes><Attribute z:Id="i701"><AttributeType>xyz</AttributeType><IsRequired>true</IsRequired><Value i:type="a:ArrayOfdouble" xmlns:a="http://schemas.microsoft.com/2003/10/Serialization/Arrays"><a:double>0</a:double><a:double>0</a:double><a:double>0</a:double></Value></Attribute><Attribute z:Id="i702"><AttributeType>rpy</AttributeType><IsRequired>true</IsRequired><Value i:type="a:ArrayOfdouble" xmlns:a="http://schemas.microsoft.com/2003/10/Serialization/Arrays"><a:double>0</a:double><a:double>0</a:double><a:double>0</a:double></Value></Attribute></Attributes><ChildElements/><ElementName>origin</ElementName><required>false</required><RPYAttribute z:Ref="i702"/><XYZAttribute z:Ref="i701"/><isCustomized>false</isCustomized></URDFElement><URDFElement z:Id="i703" i:type="Geometry"><Attributes/><ChildElements><URDFElement z:Id="i704" i:type="Mesh"><Attributes><Attribute z:Id="i705"><AttributeType>filename</AttributeType><IsRequired>true</IsRequired><Value i:nil="true"/></Attribute></Attributes><ChildElements/><ElementName>mesh</ElementName><required>false</required><FilenameAttribute z:Ref="i705"/></URDFElement></ChildElements><ElementName>geometry</ElementName><required>true</required><Mesh z:Ref="i704"/></URDFElement></ChildElements><ElementName>collision</ElementName><required>false</required><Geometry z:Ref="i703"/><Origin z:Ref="i700"/></URDFElement><URDFElement z:Id="i706" i:type="Joint"><Attributes><Attribute z:Id="i707"><AttributeType>name</AttributeType><IsRequired>true</IsRequired><Value i:type="a:string" xmlns:a="http://www.w3.org/2001/XMLSchema">RRshoulder1</Value></Attribute><Attribute z:Id="i708"><AttributeType>type</AttributeType><IsRequired>true</IsRequired><Value i:type="a:string" xmlns:a="http://www.w3.org/2001/XMLSchema">revolute</Value></Attribute></Attributes><ChildElements><URDFElement z:Id="i709" i:type="Origin"><Attributes><Attribute z:Id="i710"><AttributeType>xyz</AttributeType><IsRequired>true</IsRequired><Value i:type="a:ArrayOfdouble" xmlns:a="http://schemas.microsoft.com/2003/10/Serialization/Arrays"><a:double>0.741284184940541</a:double><a:double>-1.6026782718737367</a:double><a:double>0.93582698245376694</a:double></Value></Attribute><Attribute z:Id="i711"><AttributeType>rpy</AttributeType><IsRequired>true</IsRequired><Value i:type="a:ArrayOfdouble" xmlns:a="http://schemas.microsoft.com/2003/10/Serialization/Arrays"><a:double>1.5707963267948966</a:double><a:double>-0.0019797424334105</a:double><a:double>0</a:double></Value></Attribute></Attributes><ChildElements/><ElementName>origin</ElementName><required>false</required><RPYAttribute z:Ref="i711"/><XYZAttribute z:Ref="i710"/><isCustomized>false</isCustomized></URDFElement><URDFElement z:Id="i712" i:type="ParentLink"><Attributes><Attribute z:Id="i713"><AttributeType>link</AttributeType><IsRequired>true</IsRequired><Value i:type="a:string" xmlns:a="http://www.w3.org/2001/XMLSchema">Body</Value></Attribute></Attributes><ChildElements/><ElementName>parent</ElementName><required>true</required><NameAttribute z:Ref="i713"/></URDFElement><URDFElement z:Id="i714" i:type="ChildLink"><Attributes><Attribute z:Id="i715"><AttributeType>link</AttributeType><IsRequired>true</IsRequired><Value i:type="a:string" xmlns:a="http://www.w3.org/2001/XMLSchema">RRshoulder</Value></Attribute></Attributes><ChildElements/><ElementName>child</ElementName><required>true</required><NameAttribute z:Ref="i715"/></URDFElement><URDFElement z:Id="i716" i:type="Axis"><Attributes><Attribute z:Id="i717"><AttributeType>xyz</AttributeType><IsRequired>true</IsRequired><Value i:type="a:ArrayOfdouble" xmlns:a="http://schemas.microsoft.com/2003/10/Serialization/Arrays"><a:double>0</a:double><a:double>0</a:double><a:double>1</a:double></Value></Attribute></Attributes><ChildElements/><ElementName>axis</ElementName><required>false</required><XYZAttribute z:Ref="i717"/></URDFElement><URDFElement z:Id="i718" i:type="Limit"><Attributes><Attribute z:Id="i719"><AttributeType>lower</AttributeType><IsRequired>true</IsRequired><Value i:type="a:double" xmlns:a="http://www.w3.org/2001/XMLSchema">0</Value></Attribute><Attribute z:Id="i720"><AttributeType>upper</AttributeType><IsRequired>true</IsRequired><Value i:type="a:double" xmlns:a="http://www.w3.org/2001/XMLSchema">6.2832</Value></Attribute><Attribute z:Id="i721"><AttributeType>effort</AttributeType><IsRequired>true</IsRequired><Value i:type="a:double" xmlns:a="http://www.w3.org/2001/XMLSchema">100</Value></Attribute><Attribute z:Id="i722"><AttributeType>velocity</AttributeType><IsRequired>true</IsRequired><Value i:type="a:double" xmlns:a="http://www.w3.org/2001/XMLSchema">2</Value></Attribute></Attributes><ChildElements/><ElementName>limit</ElementName><required>true</required><EffortAttribute z:Ref="i721"/><LowerAttribute z:Ref="i719"/><UpperAttribute z:Ref="i720"/><VelocityAttribute z:Ref="i722"/></URDFElement><URDFElement z:Id="i723" i:type="Calibration"><Attributes><Attribute z:Id="i724"><AttributeType>rising</AttributeType><IsRequired>false</IsRequired><Value i:nil="true"/></Attribute><Attribute z:Id="i725"><AttributeType>falling</AttributeType><IsRequired>false</IsRequired><Value i:nil="true"/></Attribute></Attributes><ChildElements/><ElementName>calibration</ElementName><required>false</required><FallingAttribute z:Ref="i725"/><RisingAttribute z:Ref="i724"/></URDFElement><URDFElement z:Id="i726" i:type="Dynamics"><Attributes><Attribute z:Id="i727"><AttributeType>damping</AttributeType><IsRequired>false</IsRequired><Value i:nil="true"/></Attribute><Attribute z:Id="i728"><AttributeType>friction</AttributeType><IsRequired>false</IsRequired><Value i:nil="true"/></Attribute></Attributes><ChildElements/><ElementName>dynamics</ElementName><required>false</required><DampingAttribute z:Ref="i727"/><FrictionAttribute z:Ref="i728"/></URDFElement><URDFElement z:Id="i729" i:type="SafetyController"><Attributes><Attribute z:Id="i730"><AttributeType>soft_upper_limit</AttributeType><IsRequired>false</IsRequired><Value i:nil="true"/></Attribute><Attribute z:Id="i731"><AttributeType>soft_lower_limit</AttributeType><IsRequired>false</IsRequired><Value i:nil="true"/></Attribute><Attribute z:Id="i732"><AttributeType>k_position</AttributeType><IsRequired>false</IsRequired><Value i:nil="true"/></Attribute><Attribute z:Id="i733"><AttributeType>k_velocity</AttributeType><IsRequired>true</IsRequired><Value i:nil="true"/></Attribute></Attributes><ChildElements/><ElementName>safety_controller</ElementName><required>false</required><KPositionAttribute z:Ref="i732"/><KVelocityAttribute z:Ref="i733"/><SoftLowerAttribute z:Ref="i731"/><SoftUpperAttribute z:Ref="i730"/></URDFElement><URDFElement z:Id="i734" i:type="Mimic"><Attributes><Attribute z:Id="i735"><AttributeType>joint</AttributeType><IsRequired>true</IsRequired><Value i:nil="true"/></Attribute><Attribute z:Id="i736"><AttributeType>multiplier</AttributeType><IsRequired>false</IsRequired><Value i:nil="true"/></Attribute><Attribute z:Id="i737"><AttributeType>offset</AttributeType><IsRequired>false</IsRequired><Value i:nil="true"/></Attribute></Attributes><ChildElements/><ElementName>mimic</ElementName><required>false</required><JointNameAttribute z:Ref="i735"/><MultiplierAttribute z:Ref="i736"/><OffsetAttribute z:Ref="i737"/></URDFElement></ChildElements><ElementName>joint</ElementName><required>false</required><Axis z:Ref="i716"/><AxisName>RR_shoulder1_axis</AxisName><Calibration z:Ref="i723"/><Child z:Ref="i714"/><CoordinateSystemName>RR_shoulder1_CS</CoordinateSystemName><Dynamics z:Ref="i726"/><Limit z:Ref="i718"/><Mimic z:Ref="i734"/><NameAttribute z:Ref="i707"/><Origin z:Ref="i709"/><Parent z:Ref="i712"/><Safety z:Ref="i729"/><TypeAttribute z:Ref="i708"/></URDFElement></ChildElements><ElementName>link</ElementName><required>true</required><Children><Link z:Id="i738"><Attributes><Attribute z:Id="i739"><AttributeType>name</AttributeType><IsRequired>true</IsRequired><Value i:type="a:string" xmlns:a="http://www.w3.org/2001/XMLSchema">RRthigh</Value></Attribute></Attributes><ChildElements><URDFElement z:Id="i740" i:type="Inertial"><Attributes/><ChildElements><URDFElement z:Id="i741" i:type="Origin"><Attributes><Attribute z:Id="i742"><AttributeType>xyz</AttributeType><IsRequired>true</IsRequired><Value i:type="a:ArrayOfdouble" xmlns:a="http://schemas.microsoft.com/2003/10/Serialization/Arrays"><a:double>-0.025429922758383516</a:double><a:double>-0.056025348321110724</a:double><a:double>-0.0015946497291525752</a:double></Value></Attribute><Attribute z:Id="i743"><AttributeType>rpy</AttributeType><IsRequired>true</IsRequired><Value i:type="a:ArrayOfdouble" xmlns:a="http://schemas.microsoft.com/2003/10/Serialization/Arrays"><a:double>0</a:double><a:double>0</a:double><a:double>0</a:double></Value></Attribute></Attributes><ChildElements/><ElementName>origin</ElementName><required>false</required><RPYAttribute z:Ref="i743"/><XYZAttribute z:Ref="i742"/><isCustomized>false</isCustomized></URDFElement><URDFElement z:Id="i744" i:type="Mass"><Attributes><Attribute z:Id="i745"><AttributeType>value</AttributeType><IsRequired>true</IsRequired><Value i:type="a:double" xmlns:a="http://www.w3.org/2001/XMLSchema">0.14258506687100436</Value></Attribute></Attributes><ChildElements/><ElementName>mass</ElementName><required>false</required><ValueAttribute z:Ref="i745"/></URDFElement><URDFElement z:Id="i746" i:type="Inertia"><Attributes><Attribute z:Id="i747"><AttributeType>ixx</AttributeType><IsRequired>true</IsRequired><Value i:type="a:double" xmlns:a="http://www.w3.org/2001/XMLSchema">0.00032131878312024938</Value></Attribute><Attribute z:Id="i748"><AttributeType>ixy</AttributeType><IsRequired>true</IsRequired><Value i:type="a:double" xmlns:a="http://www.w3.org/2001/XMLSchema">2.4193867481351643E-06</Value></Attribute><Attribute z:Id="i749"><AttributeType>ixz</AttributeType><IsRequired>true</IsRequired><Value i:type="a:double" xmlns:a="http://www.w3.org/2001/XMLSchema">5.0018633645540324E-08</Value></Attribute><Attribute z:Id="i750"><AttributeType>iyy</AttributeType><IsRequired>true</IsRequired><Value i:type="a:double" xmlns:a="http://www.w3.org/2001/XMLSchema">3.389576034650753E-05</Value></Attribute><Attribute z:Id="i751"><AttributeType>iyz</AttributeType><IsRequired>true</IsRequired><Value i:type="a:double" xmlns:a="http://www.w3.org/2001/XMLSchema">-7.6738946515439143E-06</Value></Attribute><Attribute z:Id="i752"><AttributeType>izz</AttributeType><IsRequired>true</IsRequired><Value i:type="a:double" xmlns:a="http://www.w3.org/2001/XMLSchema">0.00031630607613926869</Value></Attribute></Attributes><ChildElements/><ElementName>inertia</ElementName><required>false</required><IxxAttribute z:Ref="i747"/><IxyAttribute z:Ref="i748"/><IxzAttribute z:Ref="i749"/><IyyAttribute z:Ref="i750"/><IyzAttribute z:Ref="i751"/><IzzAttribute z:Ref="i752"/></URDFElement></ChildElements><ElementName>inertial</ElementName><required>false</required><Inertia z:Ref="i746"/><Mass z:Ref="i744"/><Origin z:Ref="i741"/></URDFElement><URDFElement z:Id="i753" i:type="Visual"><Attributes/><ChildElements><URDFElement z:Id="i754" i:type="Origin"><Attributes><Attribute z:Id="i755"><AttributeType>xyz</AttributeType><IsRequired>true</IsRequired><Value i:type="a:ArrayOfdouble" xmlns:a="http://schemas.microsoft.com/2003/10/Serialization/Arrays"><a:double>0</a:double><a:double>0</a:double><a:double>0</a:double></Value></Attribute><Attribute z:Id="i756"><AttributeType>rpy</AttributeType><IsRequired>true</IsRequired><Value i:type="a:ArrayOfdouble" xmlns:a="http://schemas.microsoft.com/2003/10/Serialization/Arrays"><a:double>0</a:double><a:double>0</a:double><a:double>0</a:double></Value></Attribute></Attributes><ChildElements/><ElementName>origin</ElementName><required>false</required><RPYAttribute z:Ref="i756"/><XYZAttribute z:Ref="i755"/><isCustomized>false</isCustomized></URDFElement><URDFElement z:Id="i757" i:type="Geometry"><Attributes/><ChildElements><URDFElement z:Id="i758" i:type="Mesh"><Attributes><Attribute z:Id="i759"><AttributeType>filename</AttributeType><IsRequired>true</IsRequired><Value i:nil="true"/></Attribute></Attributes><ChildElements/><ElementName>mesh</ElementName><required>false</required><FilenameAttribute z:Ref="i759"/></URDFElement></ChildElements><ElementName>geometry</ElementName><required>true</required><Mesh z:Ref="i758"/></URDFElement><URDFElement z:Id="i760" i:type="Material"><Attributes><Attribute z:Id="i761"><AttributeType>name</AttributeType><IsRequired>true</IsRequired><Value i:type="a:string" xmlns:a="http://www.w3.org/2001/XMLSchema"/></Attribute></Attributes><ChildElements><URDFElement z:Id="i762" i:type="Color"><Attributes><Attribute z:Id="i763"><AttributeType>rgba</AttributeType><IsRequired>true</IsRequired><Value i:type="a:ArrayOfdouble" xmlns:a="http://schemas.microsoft.com/2003/10/Serialization/Arrays"><a:double>0.792156862745098</a:double><a:double>0.81960784313725488</a:double><a:double>0.93333333333333335</a:double><a:double>1</a:double></Value></Attribute></Attributes><ChildElements/><ElementName>color</ElementName><required>false</required><RGBAAttribute z:Ref="i763"/></URDFElement><URDFElement z:Id="i764" i:type="Texture"><Attributes><Attribute z:Id="i765"><AttributeType>filename</AttributeType><IsRequired>true</IsRequired><Value i:nil="true"/></Attribute></Attributes><ChildElements/><ElementName>texture</ElementName><required>false</required><FilenameAttribute z:Ref="i765"/><wFilename/></URDFElement></ChildElements><ElementName>material</ElementName><required>false</required><Color z:Ref="i762"/><NameAttribute z:Ref="i761"/><Texture z:Ref="i764"/></URDFElement></ChildElements><ElementName>visual</ElementName><required>false</required><Geometry z:Ref="i757"/><Material z:Ref="i760"/><Origin z:Ref="i754"/></URDFElement><URDFElement z:Id="i766" i:type="Collision"><Attributes/><ChildElements><URDFElement z:Id="i767" i:type="Origin"><Attributes><Attribute z:Id="i768"><AttributeType>xyz</AttributeType><IsRequired>true</IsRequired><Value i:type="a:ArrayOfdouble" xmlns:a="http://schemas.microsoft.com/2003/10/Serialization/Arrays"><a:double>0</a:double><a:double>0</a:double><a:double>0</a:double></Value></Attribute><Attribute z:Id="i769"><AttributeType>rpy</AttributeType><IsRequired>true</IsRequired><Value i:type="a:ArrayOfdouble" xmlns:a="http://schemas.microsoft.com/2003/10/Serialization/Arrays"><a:double>0</a:double><a:double>0</a:double><a:double>0</a:double></Value></Attribute></Attributes><ChildElements/><ElementName>origin</ElementName><required>false</required><RPYAttribute z:Ref="i769"/><XYZAttribute z:Ref="i768"/><isCustomized>false</isCustomized></URDFElement><URDFElement z:Id="i770" i:type="Geometry"><Attributes/><ChildElements><URDFElement z:Id="i771" i:type="Mesh"><Attributes><Attribute z:Id="i772"><AttributeType>filename</AttributeType><IsRequired>true</IsRequired><Value i:nil="true"/></Attribute></Attributes><ChildElements/><ElementName>mesh</ElementName><required>false</required><FilenameAttribute z:Ref="i772"/></URDFElement></ChildElements><ElementName>geometry</ElementName><required>true</required><Mesh z:Ref="i771"/></URDFElement></ChildElements><ElementName>collision</ElementName><required>false</required><Geometry z:Ref="i770"/><Origin z:Ref="i767"/></URDFElement><URDFElement z:Id="i773" i:type="Joint"><Attributes><Attribute z:Id="i774"><AttributeType>name</AttributeType><IsRequired>true</IsRequired><Value i:type="a:string" xmlns:a="http://www.w3.org/2001/XMLSchema">RRshoulder</Value></Attribute><Attribute z:Id="i775"><AttributeType>type</AttributeType><IsRequired>true</IsRequired><Value i:type="a:string" xmlns:a="http://www.w3.org/2001/XMLSchema">revolute</Value></Attribute></Attributes><ChildElements><URDFElement z:Id="i776" i:type="Origin"><Attributes><Attribute z:Id="i777"><AttributeType>xyz</AttributeType><IsRequired>true</IsRequired><Value i:type="a:ArrayOfdouble" xmlns:a="http://schemas.microsoft.com/2003/10/Serialization/Arrays"><a:double>0.030132747682069527</a:double><a:double>-0.02743363175703506</a:double><a:double>-0.054419879145551908</a:double></Value></Attribute><Attribute z:Id="i778"><AttributeType>rpy</AttributeType><IsRequired>true</IsRequired><Value i:type="a:ArrayOfdouble" xmlns:a="http://schemas.microsoft.com/2003/10/Serialization/Arrays"><a:double>-0.27668765522563327</a:double><a:double>0</a:double><a:double>0</a:double></Value></Attribute></Attributes><ChildElements/><ElementName>origin</ElementName><required>false</required><RPYAttribute z:Ref="i778"/><XYZAttribute z:Ref="i777"/><isCustomized>false</isCustomized></URDFElement><URDFElement z:Id="i779" i:type="ParentLink"><Attributes><Attribute z:Id="i780"><AttributeType>link</AttributeType><IsRequired>true</IsRequired><Value i:type="a:string" xmlns:a="http://www.w3.org/2001/XMLSchema">RRshoulder</Value></Attribute></Attributes><ChildElements/><ElementName>parent</ElementName><required>true</required><NameAttribute z:Ref="i780"/></URDFElement><URDFElement z:Id="i781" i:type="ChildLink"><Attributes><Attribute z:Id="i782"><AttributeType>link</AttributeType><IsRequired>true</IsRequired><Value i:type="a:string" xmlns:a="http://www.w3.org/2001/XMLSchema">RRthigh</Value></Attribute></Attributes><ChildElements/><ElementName>child</ElementName><required>true</required><NameAttribute z:Ref="i782"/></URDFElement><URDFElement z:Id="i783" i:type="Axis"><Attributes><Attribute z:Id="i784"><AttributeType>xyz</AttributeType><IsRequired>true</IsRequired><Value i:type="a:ArrayOfdouble" xmlns:a="http://schemas.microsoft.com/2003/10/Serialization/Arrays"><a:double>-1</a:double><a:double>0</a:double><a:double>0</a:double></Value></Attribute></Attributes><ChildElements/><ElementName>axis</ElementName><required>false</required><XYZAttribute z:Ref="i784"/></URDFElement><URDFElement z:Id="i785" i:type="Limit"><Attributes><Attribute z:Id="i786"><AttributeType>lower</AttributeType><IsRequired>true</IsRequired><Value i:type="a:double" xmlns:a="http://www.w3.org/2001/XMLSchema">0</Value></Attribute><Attribute z:Id="i787"><AttributeType>upper</AttributeType><IsRequired>true</IsRequired><Value i:type="a:double" xmlns:a="http://www.w3.org/2001/XMLSchema">6.2832</Value></Attribute><Attribute z:Id="i788"><AttributeType>effort</AttributeType><IsRequired>true</IsRequired><Value i:type="a:double" xmlns:a="http://www.w3.org/2001/XMLSchema">100</Value></Attribute><Attribute z:Id="i789"><AttributeType>velocity</AttributeType><IsRequired>true</IsRequired><Value i:type="a:double" xmlns:a="http://www.w3.org/2001/XMLSchema">2</Value></Attribute></Attributes><ChildElements/><ElementName>limit</ElementName><required>true</required><EffortAttribute z:Ref="i788"/><LowerAttribute z:Ref="i786"/><UpperAttribute z:Ref="i787"/><VelocityAttribute z:Ref="i789"/></URDFElement><URDFElement z:Id="i790" i:type="Calibration"><Attributes><Attribute z:Id="i791"><AttributeType>rising</AttributeType><IsRequired>false</IsRequired><Value i:nil="true"/></Attribute><Attribute z:Id="i792"><AttributeType>falling</AttributeType><IsRequired>false</IsRequired><Value i:nil="true"/></Attribute></Attributes><ChildElements/><ElementName>calibration</ElementName><required>false</required><FallingAttribute z:Ref="i792"/><RisingAttribute z:Ref="i791"/></URDFElement><URDFElement z:Id="i793" i:type="Dynamics"><Attributes><Attribute z:Id="i794"><AttributeType>damping</AttributeType><IsRequired>false</IsRequired><Value i:nil="true"/></Attribute><Attribute z:Id="i795"><AttributeType>friction</AttributeType><IsRequired>false</IsRequired><Value i:nil="true"/></Attribute></Attributes><ChildElements/><ElementName>dynamics</ElementName><required>false</required><DampingAttribute z:Ref="i794"/><FrictionAttribute z:Ref="i795"/></URDFElement><URDFElement z:Id="i796" i:type="SafetyController"><Attributes><Attribute z:Id="i797"><AttributeType>soft_upper_limit</AttributeType><IsRequired>false</IsRequired><Value i:nil="true"/></Attribute><Attribute z:Id="i798"><AttributeType>soft_lower_limit</AttributeType><IsRequired>false</IsRequired><Value i:nil="true"/></Attribute><Attribute z:Id="i799"><AttributeType>k_position</AttributeType><IsRequired>false</IsRequired><Value i:nil="true"/></Attribute><Attribute z:Id="i800"><AttributeType>k_velocity</AttributeType><IsRequired>true</IsRequired><Value i:nil="true"/></Attribute></Attributes><ChildElements/><ElementName>safety_controller</ElementName><required>false</required><KPositionAttribute z:Ref="i799"/><KVelocityAttribute z:Ref="i800"/><SoftLowerAttribute z:Ref="i798"/><SoftUpperAttribute z:Ref="i797"/></URDFElement><URDFElement z:Id="i801" i:type="Mimic"><Attributes><Attribute z:Id="i802"><AttributeType>joint</AttributeType><IsRequired>true</IsRequired><Value i:nil="true"/></Attribute><Attribute z:Id="i803"><AttributeType>multiplier</AttributeType><IsRequired>false</IsRequired><Value i:nil="true"/></Attribute><Attribute z:Id="i804"><AttributeType>offset</AttributeType><IsRequired>false</IsRequired><Value i:nil="true"/></Attribute></Attributes><ChildElements/><ElementName>mimic</ElementName><required>false</required><JointNameAttribute z:Ref="i802"/><MultiplierAttribute z:Ref="i803"/><OffsetAttribute z:Ref="i804"/></URDFElement></ChildElements><ElementName>joint</ElementName><required>false</required><Axis z:Ref="i783"/><AxisName>rightt_rear_shoulder_axis</AxisName><Calibration z:Ref="i790"/><Child z:Ref="i781"/><CoordinateSystemName>RR_shoulder_CS</CoordinateSystemName><Dynamics z:Ref="i793"/><Limit z:Ref="i785"/><Mimic z:Ref="i801"/><NameAttribute z:Ref="i774"/><Origin z:Ref="i776"/><Parent z:Ref="i779"/><Safety z:Ref="i796"/><TypeAttribute z:Ref="i775"/></URDFElement></ChildElements><ElementName>link</ElementName><required>true</required><Children><Link z:Id="i805"><Attributes><Attribute z:Id="i806"><AttributeType>name</AttributeType><IsRequired>true</IsRequired><Value i:type="a:string" xmlns:a="http://www.w3.org/2001/XMLSchema">RRcalf</Value></Attribute></Attributes><ChildElements><URDFElement z:Id="i807" i:type="Inertial"><Attributes/><ChildElements><URDFElement z:Id="i808" i:type="Origin"><Attributes><Attribute z:Id="i809"><AttributeType>xyz</AttributeType><IsRequired>true</IsRequired><Value i:type="a:ArrayOfdouble" xmlns:a="http://schemas.microsoft.com/2003/10/Serialization/Arrays"><a:double>0.039264463606880851</a:double><a:double>-0.076547625792832585</a:double><a:double>1.7774670624248756E-13</a:double></Value></Attribute><Attribute z:Id="i810"><AttributeType>rpy</AttributeType><IsRequired>true</IsRequired><Value i:type="a:ArrayOfdouble" xmlns:a="http://schemas.microsoft.com/2003/10/Serialization/Arrays"><a:double>0</a:double><a:double>0</a:double><a:double>0</a:double></Value></Attribute></Attributes><ChildElements/><ElementName>origin</ElementName><required>false</required><RPYAttribute z:Ref="i810"/><XYZAttribute z:Ref="i809"/><isCustomized>false</isCustomized></URDFElement><URDFElement z:Id="i811" i:type="Mass"><Attributes><Attribute z:Id="i812"><AttributeType>value</AttributeType><IsRequired>true</IsRequired><Value i:type="a:double" xmlns:a="http://www.w3.org/2001/XMLSchema">0.22012987304452533</Value></Attribute></Attributes><ChildElements/><ElementName>mass</ElementName><required>false</required><ValueAttribute z:Ref="i812"/></URDFElement><URDFElement z:Id="i813" i:type="Inertia"><Attributes><Attribute z:Id="i814"><AttributeType>ixx</AttributeType><IsRequired>true</IsRequired><Value i:type="a:double" xmlns:a="http://www.w3.org/2001/XMLSchema">0.00050033273929047067</Value></Attribute><Attribute z:Id="i815"><AttributeType>ixy</AttributeType><IsRequired>true</IsRequired><Value i:type="a:double" xmlns:a="http://www.w3.org/2001/XMLSchema">-2.7730120950047844E-06</Value></Attribute><Attribute z:Id="i816"><AttributeType>ixz</AttributeType><IsRequired>true</IsRequired><Value i:type="a:double" xmlns:a="http://www.w3.org/2001/XMLSchema">1.6781840267475825E-20</Value></Attribute><Attribute z:Id="i817"><AttributeType>iyy</AttributeType><IsRequired>true</IsRequired><Value i:type="a:double" xmlns:a="http://www.w3.org/2001/XMLSchema">5.5999600374947277E-05</Value></Attribute><Attribute z:Id="i818"><AttributeType>iyz</AttributeType><IsRequired>true</IsRequired><Value i:type="a:double" xmlns:a="http://www.w3.org/2001/XMLSchema">-1.1011428314305904E-19</Value></Attribute><Attribute z:Id="i819"><AttributeType>izz</AttributeType><IsRequired>true</IsRequired><Value i:type="a:double" xmlns:a="http://www.w3.org/2001/XMLSchema">0.00049943663709032843</Value></Attribute></Attributes><ChildElements/><ElementName>inertia</ElementName><required>false</required><IxxAttribute z:Ref="i814"/><IxyAttribute z:Ref="i815"/><IxzAttribute z:Ref="i816"/><IyyAttribute z:Ref="i817"/><IyzAttribute z:Ref="i818"/><IzzAttribute z:Ref="i819"/></URDFElement></ChildElements><ElementName>inertial</ElementName><required>false</required><Inertia z:Ref="i813"/><Mass z:Ref="i811"/><Origin z:Ref="i808"/></URDFElement><URDFElement z:Id="i820" i:type="Visual"><Attributes/><ChildElements><URDFElement z:Id="i821" i:type="Origin"><Attributes><Attribute z:Id="i822"><AttributeType>xyz</AttributeType><IsRequired>true</IsRequired><Value i:type="a:ArrayOfdouble" xmlns:a="http://schemas.microsoft.com/2003/10/Serialization/Arrays"><a:double>0</a:double><a:double>0</a:double><a:double>0</a:double></Value></Attribute><Attribute z:Id="i823"><AttributeType>rpy</AttributeType><IsRequired>true</IsRequired><Value i:type="a:ArrayOfdouble" xmlns:a="http://schemas.microsoft.com/2003/10/Serialization/Arrays"><a:double>0</a:double><a:double>0</a:double><a:double>0</a:double></Value></Attribute></Attributes><ChildElements/><ElementName>origin</ElementName><required>false</required><RPYAttribute z:Ref="i823"/><XYZAttribute z:Ref="i822"/><isCustomized>false</isCustomized></URDFElement><URDFElement z:Id="i824" i:type="Geometry"><Attributes/><ChildElements><URDFElement z:Id="i825" i:type="Mesh"><Attributes><Attribute z:Id="i826"><AttributeType>filename</AttributeType><IsRequired>true</IsRequired><Value i:nil="true"/></Attribute></Attributes><ChildElements/><ElementName>mesh</ElementName><required>false</required><FilenameAttribute z:Ref="i826"/></URDFElement></ChildElements><ElementName>geometry</ElementName><required>true</required><Mesh z:Ref="i825"/></URDFElement><URDFElement z:Id="i827" i:type="Material"><Attributes><Attribute z:Id="i828"><AttributeType>name</AttributeType><IsRequired>true</IsRequired><Value i:type="a:string" xmlns:a="http://www.w3.org/2001/XMLSchema"/></Attribute></Attributes><ChildElements><URDFElement z:Id="i829" i:type="Color"><Attributes><Attribute z:Id="i830"><AttributeType>rgba</AttributeType><IsRequired>true</IsRequired><Value i:type="a:ArrayOfdouble" xmlns:a="http://schemas.microsoft.com/2003/10/Serialization/Arrays"><a:double>0.792156862745098</a:double><a:double>0.81960784313725488</a:double><a:double>0.93333333333333335</a:double><a:double>1</a:double></Value></Attribute></Attributes><ChildElements/><ElementName>color</ElementName><required>false</required><RGBAAttribute z:Ref="i830"/></URDFElement><URDFElement z:Id="i831" i:type="Texture"><Attributes><Attribute z:Id="i832"><AttributeType>filename</AttributeType><IsRequired>true</IsRequired><Value i:nil="true"/></Attribute></Attributes><ChildElements/><ElementName>texture</ElementName><required>false</required><FilenameAttribute z:Ref="i832"/><wFilename/></URDFElement></ChildElements><ElementName>material</ElementName><required>false</required><Color z:Ref="i829"/><NameAttribute z:Ref="i828"/><Texture z:Ref="i831"/></URDFElement></ChildElements><ElementName>visual</ElementName><required>false</required><Geometry z:Ref="i824"/><Material z:Ref="i827"/><Origin z:Ref="i821"/></URDFElement><URDFElement z:Id="i833" i:type="Collision"><Attributes/><ChildElements><URDFElement z:Id="i834" i:type="Origin"><Attributes><Attribute z:Id="i835"><AttributeType>xyz</AttributeType><IsRequired>true</IsRequired><Value i:type="a:ArrayOfdouble" xmlns:a="http://schemas.microsoft.com/2003/10/Serialization/Arrays"><a:double>0</a:double><a:double>0</a:double><a:double>0</a:double></Value></Attribute><Attribute z:Id="i836"><AttributeType>rpy</AttributeType><IsRequired>true</IsRequired><Value i:type="a:ArrayOfdouble" xmlns:a="http://schemas.microsoft.com/2003/10/Serialization/Arrays"><a:double>0</a:double><a:double>0</a:double><a:double>0</a:double></Value></Attribute></Attributes><ChildElements/><ElementName>origin</ElementName><required>false</required><RPYAttribute z:Ref="i836"/><XYZAttribute z:Ref="i835"/><isCustomized>false</isCustomized></URDFElement><URDFElement z:Id="i837" i:type="Geometry"><Attributes/><ChildElements><URDFElement z:Id="i838" i:type="Mesh"><Attributes><Attribute z:Id="i839"><AttributeType>filename</AttributeType><IsRequired>true</IsRequired><Value i:nil="true"/></Attribute></Attributes><ChildElements/><ElementName>mesh</ElementName><required>false</required><FilenameAttribute z:Ref="i839"/></URDFElement></ChildElements><ElementName>geometry</ElementName><required>true</required><Mesh z:Ref="i838"/></URDFElement></ChildElements><ElementName>collision</ElementName><required>false</required><Geometry z:Ref="i837"/><Origin z:Ref="i834"/></URDFElement><URDFElement z:Id="i840" i:type="Joint"><Attributes><Attribute z:Id="i841"><AttributeType>name</AttributeType><IsRequired>true</IsRequired><Value i:type="a:string" xmlns:a="http://www.w3.org/2001/XMLSchema">RRknee</Value></Attribute><Attribute z:Id="i842"><AttributeType>type</AttributeType><IsRequired>true</IsRequired><Value i:type="a:string" xmlns:a="http://www.w3.org/2001/XMLSchema">revolute</Value></Attribute></Attributes><ChildElements><URDFElement z:Id="i843" i:type="Origin"><Attributes><Attribute z:Id="i844"><AttributeType>xyz</AttributeType><IsRequired>true</IsRequired><Value i:type="a:ArrayOfdouble" xmlns:a="http://schemas.microsoft.com/2003/10/Serialization/Arrays"><a:double>-0.068898291463722838</a:double><a:double>-0.13574108897497966</a:double><a:double>-0.0047015487336288242</a:double></Value></Attribute><Attribute z:Id="i845"><AttributeType>rpy</AttributeType><IsRequired>true</IsRequired><Value i:type="a:ArrayOfdouble" xmlns:a="http://schemas.microsoft.com/2003/10/Serialization/Arrays"><a:double>1.0016270620933125</a:double><a:double>0.0012482905305971606</a:double><a:double>-0.00079865233418652791</a:double></Value></Attribute></Attributes><ChildElements/><ElementName>origin</ElementName><required>false</required><RPYAttribute z:Ref="i845"/><XYZAttribute z:Ref="i844"/><isCustomized>false</isCustomized></URDFElement><URDFElement z:Id="i846" i:type="ParentLink"><Attributes><Attribute z:Id="i847"><AttributeType>link</AttributeType><IsRequired>true</IsRequired><Value i:type="a:string" xmlns:a="http://www.w3.org/2001/XMLSchema">RRthigh</Value></Attribute></Attributes><ChildElements/><ElementName>parent</ElementName><required>true</required><NameAttribute z:Ref="i847"/></URDFElement><URDFElement z:Id="i848" i:type="ChildLink"><Attributes><Attribute z:Id="i849"><AttributeType>link</AttributeType><IsRequired>true</IsRequired><Value i:type="a:string" xmlns:a="http://www.w3.org/2001/XMLSchema">RRcalf</Value></Attribute></Attributes><ChildElements/><ElementName>child</ElementName><required>true</required><NameAttribute z:Ref="i849"/></URDFElement><URDFElement z:Id="i850" i:type="Axis"><Attributes><Attribute z:Id="i851"><AttributeType>xyz</AttributeType><IsRequired>true</IsRequired><Value i:type="a:ArrayOfdouble" xmlns:a="http://schemas.microsoft.com/2003/10/Serialization/Arrays"><a:double>-0.99999890196050445</a:double><a:double>-0.0014819169293350685</a:double><a:double>0</a:double></Value></Attribute></Attributes><ChildElements/><ElementName>axis</ElementName><required>false</required><XYZAttribute z:Ref="i851"/></URDFElement><URDFElement z:Id="i852" i:type="Limit"><Attributes><Attribute z:Id="i853"><AttributeType>lower</AttributeType><IsRequired>true</IsRequired><Value i:type="a:double" xmlns:a="http://www.w3.org/2001/XMLSchema">0</Value></Attribute><Attribute z:Id="i854"><AttributeType>upper</AttributeType><IsRequired>true</IsRequired><Value i:type="a:double" xmlns:a="http://www.w3.org/2001/XMLSchema">6.2832</Value></Attribute><Attribute z:Id="i855"><AttributeType>effort</AttributeType><IsRequired>true</IsRequired><Value i:type="a:double" xmlns:a="http://www.w3.org/2001/XMLSchema">100</Value></Attribute><Attribute z:Id="i856"><AttributeType>velocity</AttributeType><IsRequired>true</IsRequired><Value i:type="a:double" xmlns:a="http://www.w3.org/2001/XMLSchema">2</Value></Attribute></Attributes><ChildElements/><ElementName>limit</ElementName><required>true</required><EffortAttribute z:Ref="i855"/><LowerAttribute z:Ref="i853"/><UpperAttribute z:Ref="i854"/><VelocityAttribute z:Ref="i856"/></URDFElement><URDFElement z:Id="i857" i:type="Calibration"><Attributes><Attribute z:Id="i858"><AttributeType>rising</AttributeType><IsRequired>false</IsRequired><Value i:nil="true"/></Attribute><Attribute z:Id="i859"><AttributeType>falling</AttributeType><IsRequired>false</IsRequired><Value i:nil="true"/></Attribute></Attributes><ChildElements/><ElementName>calibration</ElementName><required>false</required><FallingAttribute z:Ref="i859"/><RisingAttribute z:Ref="i858"/></URDFElement><URDFElement z:Id="i860" i:type="Dynamics"><Attributes><Attribute z:Id="i861"><AttributeType>damping</AttributeType><IsRequired>false</IsRequired><Value i:nil="true"/></Attribute><Attribute z:Id="i862"><AttributeType>friction</AttributeType><IsRequired>false</IsRequired><Value i:nil="true"/></Attribute></Attributes><ChildElements/><ElementName>dynamics</ElementName><required>false</required><DampingAttribute z:Ref="i861"/><FrictionAttribute z:Ref="i862"/></URDFElement><URDFElement z:Id="i863" i:type="SafetyController"><Attributes><Attribute z:Id="i864"><AttributeType>soft_upper_limit</AttributeType><IsRequired>false</IsRequired><Value i:nil="true"/></Attribute><Attribute z:Id="i865"><AttributeType>soft_lower_limit</AttributeType><IsRequired>false</IsRequired><Value i:nil="true"/></Attribute><Attribute z:Id="i866"><AttributeType>k_position</AttributeType><IsRequired>false</IsRequired><Value i:nil="true"/></Attribute><Attribute z:Id="i867"><AttributeType>k_velocity</AttributeType><IsRequired>true</IsRequired><Value i:nil="true"/></Attribute></Attributes><ChildElements/><ElementName>safety_controller</ElementName><required>false</required><KPositionAttribute z:Ref="i866"/><KVelocityAttribute z:Ref="i867"/><SoftLowerAttribute z:Ref="i865"/><SoftUpperAttribute z:Ref="i864"/></URDFElement><URDFElement z:Id="i868" i:type="Mimic"><Attributes><Attribute z:Id="i869"><AttributeType>joint</AttributeType><IsRequired>true</IsRequired><Value i:nil="true"/></Attribute><Attribute z:Id="i870"><AttributeType>multiplier</AttributeType><IsRequired>false</IsRequired><Value i:nil="true"/></Attribute><Attribute z:Id="i871"><AttributeType>offset</AttributeType><IsRequired>false</IsRequired><Value i:nil="true"/></Attribute></Attributes><ChildElements/><ElementName>mimic</ElementName><required>false</required><JointNameAttribute z:Ref="i869"/><MultiplierAttribute z:Ref="i870"/><OffsetAttribute z:Ref="i871"/></URDFElement></ChildElements><ElementName>joint</ElementName><required>false</required><Axis z:Ref="i850"/><AxisName>right1_rear_knee_axis</AxisName><Calibration z:Ref="i857"/><Child z:Ref="i848"/><CoordinateSystemName>RR_knee_CS</CoordinateSystemName><Dynamics z:Ref="i860"/><Limit z:Ref="i852"/><Mimic z:Ref="i868"/><NameAttribute z:Ref="i841"/><Origin z:Ref="i843"/><Parent z:Ref="i846"/><Safety z:Ref="i863"/><TypeAttribute z:Ref="i842"/></URDFElement></ChildElements><ElementName>link</ElementName><required>true</required><Children/><Collision z:Ref="i833"/><Inertial z:Ref="i807"/><Joint z:Ref="i840"/><NameAttribute z:Ref="i806"/><Parent z:Ref="i738"/><STLQualityFine>false</STLQualityFine><SWComponentPIDs xmlns:a="http://schemas.microsoft.com/2003/10/Serialization/Arrays"><a:base64Binary>UEYAAAUAAAD//v8yTABlAGcAbQBpAHIAcgBvAHIALQAzAEAAYgBvAGQAeQAgAHAAawAvAEwAZQBmAHQALQBOAEUAVwAgAEwATwBXAEUAUgAgAEwARQBHAC0AMgBAAEwAZQBnAG0AaQByAHIAbwByAAQAAAAQAAAAAQAAAAIAAABHBwAApQAAAA==</a:base64Binary><a:base64Binary>UEYAAAUAAAD//v8wTABlAGcAbQBpAHIAcgBvAHIALQAzAEAAYgBvAGQAeQAgAHAAawAvAEwAZQBmAHQALQBsAG8AdwBlAHIAIABsAGUAZwAgADIALQAyAEAATABlAGcAbQBpAHIAcgBvAHIABAAAABAAAAABAAAAAgAAAEcHAACjAAAA</a:base64Binary></SWComponentPIDs><SWMainComponentPID i:nil="true"/><Visual z:Ref="i820"/><isFixedFrame>false</isFixedFrame><isIncomplete>false</isIncomplete></Link></Children><Collision z:Ref="i766"/><Inertial z:Ref="i740"/><Joint z:Ref="i773"/><NameAttribute z:Ref="i739"/><Parent z:Ref="i671"/><STLQualityFine>false</STLQualityFine><SWComponentPIDs xmlns:a="http://schemas.microsoft.com/2003/10/Serialization/Arrays"><a:base64Binary>UEYAAAUAAAD//v8rTABlAGcAbQBpAHIAcgBvAHIALQAzAEAAYgBvAGQAeQAgAHAAawAvAEwAZQBmAHQALQB1AHAAIABsAGUAZwAtADIAQABMAGUAZwBtAGkAcgByAG8AcgAEAAAAEAAAAAEAAAACAAAARwcAAKEAAAA=</a:base64Binary></SWComponentPIDs><SWMainComponentPID i:nil="true"/><Visual z:Ref="i753"/><isFixedFrame>false</isFixedFrame><isIncomplete>false</isIncomplete></Link></Children><Collision z:Ref="i699"/><Inertial z:Ref="i673"/><Joint z:Ref="i706"/><NameAttribute z:Ref="i672"/><Parent z:Ref="i1"/><STLQualityFine>false</STLQualityFine><SWComponentPIDs xmlns:a="http://schemas.microsoft.com/2003/10/Serialization/Arrays"><a:base64Binary>UEYAAAUAAAD//v9QTABlAGcAbQBpAHIAcgBvAHIALQAzAEAAYgBvAGQAeQAgAHAAawAvAEwAZQBmAHQALQBzAGgAbwB1AGwAZABlAHIALQAyAEAATABlAGcAbQBpAHIAcgBvAHIALwBMAGUAZgB0AC0AcwBoAG8AdQBsAGQAZQByACAAcABhAHIAdAAtADEAQABMAGUAZgB0AC0AcwBoAG8AdQBsAGQAZQByAAQAAAAQAAAAAQAAAAMAAABHBwAAogAAABwAAAA=</a:base64Binary></SWComponentPIDs><SWMainComponentPID i:nil="true"/><Visual z:Ref="i686"/><isFixedFrame>false</isFixedFrame><isIncomplete>false</isIncomplete></Link></Children><Collision z:Ref="i29"/><Inertial z:Ref="i3"/><Joint z:Ref="i36"/><NameAttribute z:Ref="i2"/><Parent i:nil="true"/><STLQualityFine>false</STLQualityFine><SWComponentPIDs xmlns:a="http://schemas.microsoft.com/2003/10/Serialization/Arrays"><a:base64Binary>UEYAAAUAAAD//v8PdQBwAHAAZQByAC0AMQBAAGIAbwBkAHkAIABwAGsABAAAABAAAAABAAAAAQAAAHYDAAA=</a:base64Binary><a:base64Binary>UEYAAAUAAAD//v8PbABvAHcAZQByAC0AMQBAAGIAbwBkAHkAIABwAGsABAAAABAAAAABAAAAAQAAABgAAAA=</a:base64Binary></SWComponentPIDs><SWMainComponentPID i:nil="true"/><Visual z:Ref="i16"/><isFixedFrame>false</isFixedFrame><isIncomplete>false</isIncomplete></Link>
2026-03-19 15:01:10,289 INFO  ExportHelperExtension.cs: 347 - Creating joint LFshoulder
2026-03-19 15:01:10,481 WARN  ExportHelperExtension.cs: 351 - Creating joint from parent Body to child LFshoulder failed
2026-03-19 15:01:10,549 INFO  ExportHelperExtension.cs: 347 - Creating joint LFthigh
2026-03-19 15:01:10,591 WARN  ExportHelperExtension.cs: 351 - Creating joint from parent LFshoulder to child LFthigh failed
2026-03-19 15:01:10,681 INFO  ExportHelperExtension.cs: 347 - Creating joint LFcalf
2026-03-19 15:01:10,713 WARN  ExportHelperExtension.cs: 351 - Creating joint from parent LFthigh to child LFcalf failed
2026-03-19 15:01:10,741 INFO  ExportHelperExtension.cs: 347 - Creating joint LRshoulder
2026-03-19 15:01:10,772 WARN  ExportHelperExtension.cs: 351 - Creating joint from parent Body to child LRshoulder failed
2026-03-19 15:01:10,831 INFO  ExportHelperExtension.cs: 347 - Creating joint LRthigh
2026-03-19 15:01:10,861 WARN  ExportHelperExtension.cs: 351 - Creating joint from parent LRshoulder to child LRthigh failed
2026-03-19 15:01:10,961 INFO  ExportHelperExtension.cs: 347 - Creating joint LRcalf
2026-03-19 15:01:10,988 WARN  ExportHelperExtension.cs: 351 - Creating joint from parent LRthigh to child LRcalf failed
2026-03-19 15:01:11,019 INFO  ExportHelperExtension.cs: 347 - Creating joint RFshoulder
2026-03-19 15:01:11,050 WARN  ExportHelperExtension.cs: 351 - Creating joint from parent Body to child RFshoulder failed
2026-03-19 15:01:11,119 INFO  ExportHelperExtension.cs: 347 - Creating joint RFthigh
2026-03-19 15:01:11,150 WARN  ExportHelperExtension.cs: 351 - Creating joint from parent RFshoulder to child RFthigh failed
2026-03-19 15:01:11,239 INFO  ExportHelperExtension.cs: 347 - Creating joint RFcalf
2026-03-19 15:01:11,270 WARN  ExportHelperExtension.cs: 351 - Creating joint from parent RFthigh to child RFcalf failed
2026-03-19 15:01:11,301 INFO  ExportHelperExtension.cs: 347 - Creating joint RRshoulder
2026-03-19 15:01:11,337 WARN  ExportHelperExtension.cs: 351 - Creating joint from parent Body to child RRshoulder failed
2026-03-19 15:01:11,392 INFO  ExportHelperExtension.cs: 347 - Creating joint RRthigh
2026-03-19 15:01:11,424 WARN  ExportHelperExtension.cs: 351 - Creating joint from parent RRshoulder to child RRthigh failed
2026-03-19 15:01:11,524 INFO  ExportHelperExtension.cs: 347 - Creating joint RRcalf
2026-03-19 15:01:11,555 WARN  ExportHelperExtension.cs: 351 - Creating joint from parent RRthigh to child RRcalf failed
2026-03-19 15:01:11,658 INFO  ExportHelperExtension.cs: 1125 - Retrieving features of type [CoordSys] from body pk
2026-03-19 15:01:11,664 INFO  ExportHelperExtension.cs: 1136 - Found 283 in body pk
2026-03-19 15:01:11,665 INFO  ExportHelperExtension.cs: 1145 - Found 14 features of type [CoordSys] in body pk
2026-03-19 15:01:11,665 INFO  ExportHelperExtension.cs: 1148 - Proceeding through assembly components
2026-03-19 15:01:11,666 INFO  ExportHelperExtension.cs: 1160 - 41 components to check
2026-03-19 15:01:11,666 INFO  ExportHelperExtension.cs: 1125 - Retrieving features of type [CoordSys] from hhb(grade a)_is-5
2026-03-19 15:01:11,666 INFO  ExportHelperExtension.cs: 1136 - Found 41 in hhb(grade a)_is-5
2026-03-19 15:01:11,666 INFO  ExportHelperExtension.cs: 1145 - Found 0 features of type [CoordSys] in hhb(grade a)_is-5
2026-03-19 15:01:11,666 INFO  ExportHelperExtension.cs: 1125 - Retrieving features of type [CoordSys] from hhb(grade a)_is-1
2026-03-19 15:01:11,667 INFO  ExportHelperExtension.cs: 1136 - Found 41 in hhb(grade a)_is-1
2026-03-19 15:01:11,667 INFO  ExportHelperExtension.cs: 1145 - Found 0 features of type [CoordSys] in hhb(grade a)_is-1
2026-03-19 15:01:11,667 INFO  ExportHelperExtension.cs: 1125 - Retrieving features of type [CoordSys] from lower-1
2026-03-19 15:01:11,667 INFO  ExportHelperExtension.cs: 1136 - Found 66 in lower-1
2026-03-19 15:01:11,668 INFO  ExportHelperExtension.cs: 1145 - Found 0 features of type [CoordSys] in lower-1
2026-03-19 15:01:11,668 INFO  ExportHelperExtension.cs: 1125 - Retrieving features of type [CoordSys] from hhb(grade a)_is-7
2026-03-19 15:01:11,668 INFO  ExportHelperExtension.cs: 1136 - Found 41 in hhb(grade a)_is-7
2026-03-19 15:01:11,668 INFO  ExportHelperExtension.cs: 1145 - Found 0 features of type [CoordSys] in hhb(grade a)_is-7
2026-03-19 15:01:11,669 INFO  ExportHelperExtension.cs: 1125 - Retrieving features of type [CoordSys] from hexagon nut style 1_is-8
2026-03-19 15:01:11,669 INFO  ExportHelperExtension.cs: 1136 - Found 40 in hexagon nut style 1_is-8
2026-03-19 15:01:11,669 INFO  ExportHelperExtension.cs: 1145 - Found 0 features of type [CoordSys] in hexagon nut style 1_is-8
2026-03-19 15:01:11,669 INFO  ExportHelperExtension.cs: 1125 - Retrieving features of type [CoordSys] from hexagon nut style 1_is-5
2026-03-19 15:01:11,670 INFO  ExportHelperExtension.cs: 1136 - Found 40 in hexagon nut style 1_is-5
2026-03-19 15:01:11,670 INFO  ExportHelperExtension.cs: 1145 - Found 0 features of type [CoordSys] in hexagon nut style 1_is-5
2026-03-19 15:01:11,670 INFO  ExportHelperExtension.cs: 1125 - Retrieving features of type [CoordSys] from hexagon nut style 1_is-7
2026-03-19 15:01:11,670 INFO  ExportHelperExtension.cs: 1136 - Found 40 in hexagon nut style 1_is-7
2026-03-19 15:01:11,670 INFO  ExportHelperExtension.cs: 1145 - Found 0 features of type [CoordSys] in hexagon nut style 1_is-7
2026-03-19 15:01:11,670 INFO  ExportHelperExtension.cs: 1125 - Retrieving features of type [CoordSys] from towerpro mount final-1
2026-03-19 15:01:11,670 INFO  ExportHelperExtension.cs: 1136 - Found 32 in towerpro mount final-1
2026-03-19 15:01:11,670 INFO  ExportHelperExtension.cs: 1145 - Found 0 features of type [CoordSys] in towerpro mount final-1
2026-03-19 15:01:11,670 INFO  ExportHelperExtension.cs: 1125 - Retrieving features of type [CoordSys] from orange mount final-1
2026-03-19 15:01:11,670 INFO  ExportHelperExtension.cs: 1136 - Found 32 in orange mount final-1
2026-03-19 15:01:11,670 INFO  ExportHelperExtension.cs: 1145 - Found 0 features of type [CoordSys] in orange mount final-1
2026-03-19 15:01:11,670 INFO  ExportHelperExtension.cs: 1125 - Retrieving features of type [CoordSys] from hexagon nut style 1_is-6
2026-03-19 15:01:11,670 INFO  ExportHelperExtension.cs: 1136 - Found 40 in hexagon nut style 1_is-6
2026-03-19 15:01:11,670 INFO  ExportHelperExtension.cs: 1145 - Found 0 features of type [CoordSys] in hexagon nut style 1_is-6
2026-03-19 15:01:11,670 INFO  ExportHelperExtension.cs: 1125 - Retrieving features of type [CoordSys] from hhb(grade a)_is-6
2026-03-19 15:01:11,670 INFO  ExportHelperExtension.cs: 1136 - Found 41 in hhb(grade a)_is-6
2026-03-19 15:01:11,670 INFO  ExportHelperExtension.cs: 1145 - Found 0 features of type [CoordSys] in hhb(grade a)_is-6
2026-03-19 15:01:11,670 INFO  ExportHelperExtension.cs: 1125 - Retrieving features of type [CoordSys] from cr pan head screw_is-8
2026-03-19 15:01:11,670 INFO  ExportHelperExtension.cs: 1136 - Found 42 in cr pan head screw_is-8
2026-03-19 15:01:11,670 INFO  ExportHelperExtension.cs: 1145 - Found 0 features of type [CoordSys] in cr pan head screw_is-8
2026-03-19 15:01:11,670 INFO  ExportHelperExtension.cs: 1125 - Retrieving features of type [CoordSys] from hhb(grade a)_is-12
2026-03-19 15:01:11,670 INFO  ExportHelperExtension.cs: 1136 - Found 41 in hhb(grade a)_is-12
2026-03-19 15:01:11,670 INFO  ExportHelperExtension.cs: 1145 - Found 0 features of type [CoordSys] in hhb(grade a)_is-12
2026-03-19 15:01:11,676 INFO  ExportHelperExtension.cs: 1125 - Retrieving features of type [CoordSys] from cr pan head screw_is-7
2026-03-19 15:01:11,676 INFO  ExportHelperExtension.cs: 1136 - Found 42 in cr pan head screw_is-7
2026-03-19 15:01:11,676 INFO  ExportHelperExtension.cs: 1145 - Found 0 features of type [CoordSys] in cr pan head screw_is-7
2026-03-19 15:01:11,676 INFO  ExportHelperExtension.cs: 1125 - Retrieving features of type [CoordSys] from Jetson Case-2
2026-03-19 15:01:11,676 INFO  ExportHelperExtension.cs: 1136 - Found 41 in Jetson Case-2
2026-03-19 15:01:11,676 INFO  ExportHelperExtension.cs: 1145 - Found 0 features of type [CoordSys] in Jetson Case-2
2026-03-19 15:01:11,676 INFO  ExportHelperExtension.cs: 1125 - Retrieving features of type [CoordSys] from cr pan head screw_is-13
2026-03-19 15:01:11,676 INFO  ExportHelperExtension.cs: 1136 - Found 42 in cr pan head screw_is-13
2026-03-19 15:01:11,676 INFO  ExportHelperExtension.cs: 1145 - Found 0 features of type [CoordSys] in cr pan head screw_is-13
2026-03-19 15:01:11,681 INFO  ExportHelperExtension.cs: 1125 - Retrieving features of type [CoordSys] from cr pan head screw_is-9
2026-03-19 15:01:11,681 INFO  ExportHelperExtension.cs: 1136 - Found 42 in cr pan head screw_is-9
2026-03-19 15:01:11,681 INFO  ExportHelperExtension.cs: 1145 - Found 0 features of type [CoordSys] in cr pan head screw_is-9
2026-03-19 15:01:11,681 INFO  ExportHelperExtension.cs: 1125 - Retrieving features of type [CoordSys] from upper-1
2026-03-19 15:01:11,691 INFO  ExportHelperExtension.cs: 1136 - Found 40 in upper-1
2026-03-19 15:01:11,692 INFO  ExportHelperExtension.cs: 1145 - Found 0 features of type [CoordSys] in upper-1
2026-03-19 15:01:11,692 INFO  ExportHelperExtension.cs: 1125 - Retrieving features of type [CoordSys] from cr pan head screw_is-11
2026-03-19 15:01:11,692 INFO  ExportHelperExtension.cs: 1136 - Found 42 in cr pan head screw_is-11
2026-03-19 15:01:11,692 INFO  ExportHelperExtension.cs: 1145 - Found 0 features of type [CoordSys] in cr pan head screw_is-11
2026-03-19 15:01:11,692 INFO  ExportHelperExtension.cs: 1125 - Retrieving features of type [CoordSys] from Leg-3
2026-03-19 15:01:11,692 INFO  ExportHelperExtension.cs: 1136 - Found 45 in Leg-3
2026-03-19 15:01:11,692 INFO  ExportHelperExtension.cs: 1145 - Found 0 features of type [CoordSys] in Leg-3
2026-03-19 15:01:11,692 INFO  ExportHelperExtension.cs: 1125 - Retrieving features of type [CoordSys] from hhb(grade a)_is-9
2026-03-19 15:01:11,692 INFO  ExportHelperExtension.cs: 1136 - Found 41 in hhb(grade a)_is-9
2026-03-19 15:01:11,692 INFO  ExportHelperExtension.cs: 1145 - Found 0 features of type [CoordSys] in hhb(grade a)_is-9
2026-03-19 15:01:11,692 INFO  ExportHelperExtension.cs: 1125 - Retrieving features of type [CoordSys] from cr pan head screw_is-10
2026-03-19 15:01:11,692 INFO  ExportHelperExtension.cs: 1136 - Found 42 in cr pan head screw_is-10
2026-03-19 15:01:11,692 INFO  ExportHelperExtension.cs: 1145 - Found 0 features of type [CoordSys] in cr pan head screw_is-10
2026-03-19 15:01:11,692 INFO  ExportHelperExtension.cs: 1125 - Retrieving features of type [CoordSys] from hhb(grade a)_is-10
2026-03-19 15:01:11,692 INFO  ExportHelperExtension.cs: 1136 - Found 41 in hhb(grade a)_is-10
2026-03-19 15:01:11,692 INFO  ExportHelperExtension.cs: 1145 - Found 0 features of type [CoordSys] in hhb(grade a)_is-10
2026-03-19 15:01:11,692 INFO  ExportHelperExtension.cs: 1125 - Retrieving features of type [CoordSys] from Legmirror-4
2026-03-19 15:01:11,692 INFO  ExportHelperExtension.cs: 1136 - Found 40 in Legmirror-4
2026-03-19 15:01:11,692 INFO  ExportHelperExtension.cs: 1145 - Found 0 features of type [CoordSys] in Legmirror-4
2026-03-19 15:01:11,692 INFO  ExportHelperExtension.cs: 1125 - Retrieving features of type [CoordSys] from Legmirror-3
2026-03-19 15:01:11,692 INFO  ExportHelperExtension.cs: 1136 - Found 40 in Legmirror-3
2026-03-19 15:01:11,692 INFO  ExportHelperExtension.cs: 1145 - Found 0 features of type [CoordSys] in Legmirror-3
2026-03-19 15:01:11,692 INFO  ExportHelperExtension.cs: 1125 - Retrieving features of type [CoordSys] from Leg-4
2026-03-19 15:01:11,692 INFO  ExportHelperExtension.cs: 1136 - Found 45 in Leg-4
2026-03-19 15:01:11,692 INFO  ExportHelperExtension.cs: 1145 - Found 0 features of type [CoordSys] in Leg-4
2026-03-19 15:01:11,692 INFO  ExportHelperExtension.cs: 1125 - Retrieving features of type [CoordSys] from hhb(grade a)_is-13
2026-03-19 15:01:11,692 INFO  ExportHelperExtension.cs: 1136 - Found 41 in hhb(grade a)_is-13
2026-03-19 15:01:11,692 INFO  ExportHelperExtension.cs: 1145 - Found 0 features of type [CoordSys] in hhb(grade a)_is-13
2026-03-19 15:01:11,692 INFO  ExportHelperExtension.cs: 1125 - Retrieving features of type [RefAxis] from body pk
2026-03-19 15:01:11,692 INFO  ExportHelperExtension.cs: 1136 - Found 283 in body pk
2026-03-19 15:01:11,692 INFO  ExportHelperExtension.cs: 1145 - Found 13 features of type [RefAxis] in body pk
2026-03-19 15:01:11,692 INFO  ExportHelperExtension.cs: 1148 - Proceeding through assembly components
2026-03-19 15:01:11,692 INFO  ExportHelperExtension.cs: 1160 - 41 components to check
2026-03-19 15:01:11,692 INFO  ExportHelperExtension.cs: 1125 - Retrieving features of type [RefAxis] from hhb(grade a)_is-5
2026-03-19 15:01:11,692 INFO  ExportHelperExtension.cs: 1136 - Found 41 in hhb(grade a)_is-5
2026-03-19 15:01:11,692 INFO  ExportHelperExtension.cs: 1145 - Found 0 features of type [RefAxis] in hhb(grade a)_is-5
2026-03-19 15:01:11,692 INFO  ExportHelperExtension.cs: 1125 - Retrieving features of type [RefAxis] from hhb(grade a)_is-1
2026-03-19 15:01:11,692 INFO  ExportHelperExtension.cs: 1136 - Found 41 in hhb(grade a)_is-1
2026-03-19 15:01:11,702 INFO  ExportHelperExtension.cs: 1145 - Found 0 features of type [RefAxis] in hhb(grade a)_is-1
2026-03-19 15:01:11,702 INFO  ExportHelperExtension.cs: 1125 - Retrieving features of type [RefAxis] from lower-1
2026-03-19 15:01:11,702 INFO  ExportHelperExtension.cs: 1136 - Found 66 in lower-1
2026-03-19 15:01:11,702 INFO  ExportHelperExtension.cs: 1145 - Found 0 features of type [RefAxis] in lower-1
2026-03-19 15:01:11,702 INFO  ExportHelperExtension.cs: 1125 - Retrieving features of type [RefAxis] from hhb(grade a)_is-7
2026-03-19 15:01:11,702 INFO  ExportHelperExtension.cs: 1136 - Found 41 in hhb(grade a)_is-7
2026-03-19 15:01:11,702 INFO  ExportHelperExtension.cs: 1145 - Found 0 features of type [RefAxis] in hhb(grade a)_is-7
2026-03-19 15:01:11,702 INFO  ExportHelperExtension.cs: 1125 - Retrieving features of type [RefAxis] from hexagon nut style 1_is-8
2026-03-19 15:01:11,702 INFO  ExportHelperExtension.cs: 1136 - Found 40 in hexagon nut style 1_is-8
2026-03-19 15:01:11,702 INFO  ExportHelperExtension.cs: 1145 - Found 0 features of type [RefAxis] in hexagon nut style 1_is-8
2026-03-19 15:01:11,702 INFO  ExportHelperExtension.cs: 1125 - Retrieving features of type [RefAxis] from hexagon nut style 1_is-5
2026-03-19 15:01:11,702 INFO  ExportHelperExtension.cs: 1136 - Found 40 in hexagon nut style 1_is-5
2026-03-19 15:01:11,702 INFO  ExportHelperExtension.cs: 1145 - Found 0 features of type [RefAxis] in hexagon nut style 1_is-5
2026-03-19 15:01:11,702 INFO  ExportHelperExtension.cs: 1125 - Retrieving features of type [RefAxis] from hexagon nut style 1_is-7
2026-03-19 15:01:11,702 INFO  ExportHelperExtension.cs: 1136 - Found 40 in hexagon nut style 1_is-7
2026-03-19 15:01:11,702 INFO  ExportHelperExtension.cs: 1145 - Found 0 features of type [RefAxis] in hexagon nut style 1_is-7
2026-03-19 15:01:11,702 INFO  ExportHelperExtension.cs: 1125 - Retrieving features of type [RefAxis] from towerpro mount final-1
2026-03-19 15:01:11,702 INFO  ExportHelperExtension.cs: 1136 - Found 32 in towerpro mount final-1
2026-03-19 15:01:11,702 INFO  ExportHelperExtension.cs: 1145 - Found 0 features of type [RefAxis] in towerpro mount final-1
2026-03-19 15:01:11,702 INFO  ExportHelperExtension.cs: 1125 - Retrieving features of type [RefAxis] from orange mount final-1
2026-03-19 15:01:11,702 INFO  ExportHelperExtension.cs: 1136 - Found 32 in orange mount final-1
2026-03-19 15:01:11,702 INFO  ExportHelperExtension.cs: 1145 - Found 0 features of type [RefAxis] in orange mount final-1
2026-03-19 15:01:11,702 INFO  ExportHelperExtension.cs: 1125 - Retrieving features of type [RefAxis] from hexagon nut style 1_is-6
2026-03-19 15:01:11,702 INFO  ExportHelperExtension.cs: 1136 - Found 40 in hexagon nut style 1_is-6
2026-03-19 15:01:11,702 INFO  ExportHelperExtension.cs: 1145 - Found 0 features of type [RefAxis] in hexagon nut style 1_is-6
2026-03-19 15:01:11,702 INFO  ExportHelperExtension.cs: 1125 - Retrieving features of type [RefAxis] from hhb(grade a)_is-6
2026-03-19 15:01:11,702 INFO  ExportHelperExtension.cs: 1136 - Found 41 in hhb(grade a)_is-6
2026-03-19 15:01:11,702 INFO  ExportHelperExtension.cs: 1145 - Found 0 features of type [RefAxis] in hhb(grade a)_is-6
2026-03-19 15:01:11,702 INFO  ExportHelperExtension.cs: 1125 - Retrieving features of type [RefAxis] from cr pan head screw_is-8
2026-03-19 15:01:11,702 INFO  ExportHelperExtension.cs: 1136 - Found 42 in cr pan head screw_is-8
2026-03-19 15:01:11,702 INFO  ExportHelperExtension.cs: 1145 - Found 0 features of type [RefAxis] in cr pan head screw_is-8
2026-03-19 15:01:11,702 INFO  ExportHelperExtension.cs: 1125 - Retrieving features of type [RefAxis] from hhb(grade a)_is-12
2026-03-19 15:01:11,702 INFO  ExportHelperExtension.cs: 1136 - Found 41 in hhb(grade a)_is-12
2026-03-19 15:01:11,702 INFO  ExportHelperExtension.cs: 1145 - Found 0 features of type [RefAxis] in hhb(grade a)_is-12
2026-03-19 15:01:11,702 INFO  ExportHelperExtension.cs: 1125 - Retrieving features of type [RefAxis] from cr pan head screw_is-7
2026-03-19 15:01:11,702 INFO  ExportHelperExtension.cs: 1136 - Found 42 in cr pan head screw_is-7
2026-03-19 15:01:11,702 INFO  ExportHelperExtension.cs: 1145 - Found 0 features of type [RefAxis] in cr pan head screw_is-7
2026-03-19 15:01:11,702 INFO  ExportHelperExtension.cs: 1125 - Retrieving features of type [RefAxis] from Jetson Case-2
2026-03-19 15:01:11,702 INFO  ExportHelperExtension.cs: 1136 - Found 41 in Jetson Case-2
2026-03-19 15:01:11,702 INFO  ExportHelperExtension.cs: 1145 - Found 0 features of type [RefAxis] in Jetson Case-2
2026-03-19 15:01:11,702 INFO  ExportHelperExtension.cs: 1125 - Retrieving features of type [RefAxis] from cr pan head screw_is-13
2026-03-19 15:01:11,712 INFO  ExportHelperExtension.cs: 1136 - Found 42 in cr pan head screw_is-13
2026-03-19 15:01:11,712 INFO  ExportHelperExtension.cs: 1145 - Found 0 features of type [RefAxis] in cr pan head screw_is-13
2026-03-19 15:01:11,712 INFO  ExportHelperExtension.cs: 1125 - Retrieving features of type [RefAxis] from cr pan head screw_is-9
2026-03-19 15:01:11,712 INFO  ExportHelperExtension.cs: 1136 - Found 42 in cr pan head screw_is-9
2026-03-19 15:01:11,712 INFO  ExportHelperExtension.cs: 1145 - Found 0 features of type [RefAxis] in cr pan head screw_is-9
2026-03-19 15:01:11,712 INFO  ExportHelperExtension.cs: 1125 - Retrieving features of type [RefAxis] from upper-1
2026-03-19 15:01:11,712 INFO  ExportHelperExtension.cs: 1136 - Found 40 in upper-1
2026-03-19 15:01:11,712 INFO  ExportHelperExtension.cs: 1145 - Found 0 features of type [RefAxis] in upper-1
2026-03-19 15:01:11,712 INFO  ExportHelperExtension.cs: 1125 - Retrieving features of type [RefAxis] from cr pan head screw_is-11
2026-03-19 15:01:11,712 INFO  ExportHelperExtension.cs: 1136 - Found 42 in cr pan head screw_is-11
2026-03-19 15:01:11,712 INFO  ExportHelperExtension.cs: 1145 - Found 0 features of type [RefAxis] in cr pan head screw_is-11
2026-03-19 15:01:11,712 INFO  ExportHelperExtension.cs: 1125 - Retrieving features of type [RefAxis] from Leg-3
2026-03-19 15:01:11,715 INFO  ExportHelperExtension.cs: 1136 - Found 45 in Leg-3
2026-03-19 15:01:11,715 INFO  ExportHelperExtension.cs: 1145 - Found 0 features of type [RefAxis] in Leg-3
2026-03-19 15:01:11,715 INFO  ExportHelperExtension.cs: 1125 - Retrieving features of type [RefAxis] from hhb(grade a)_is-9
2026-03-19 15:01:11,715 INFO  ExportHelperExtension.cs: 1136 - Found 41 in hhb(grade a)_is-9
2026-03-19 15:01:11,717 INFO  ExportHelperExtension.cs: 1145 - Found 0 features of type [RefAxis] in hhb(grade a)_is-9
2026-03-19 15:01:11,717 INFO  ExportHelperExtension.cs: 1125 - Retrieving features of type [RefAxis] from cr pan head screw_is-10
2026-03-19 15:01:11,717 INFO  ExportHelperExtension.cs: 1136 - Found 42 in cr pan head screw_is-10
2026-03-19 15:01:11,718 INFO  ExportHelperExtension.cs: 1145 - Found 0 features of type [RefAxis] in cr pan head screw_is-10
2026-03-19 15:01:11,718 INFO  ExportHelperExtension.cs: 1125 - Retrieving features of type [RefAxis] from hhb(grade a)_is-10
2026-03-19 15:01:11,718 INFO  ExportHelperExtension.cs: 1136 - Found 41 in hhb(grade a)_is-10
2026-03-19 15:01:11,718 INFO  ExportHelperExtension.cs: 1145 - Found 0 features of type [RefAxis] in hhb(grade a)_is-10
2026-03-19 15:01:11,719 INFO  ExportHelperExtension.cs: 1125 - Retrieving features of type [RefAxis] from Legmirror-4
2026-03-19 15:01:11,719 INFO  ExportHelperExtension.cs: 1136 - Found 40 in Legmirror-4
2026-03-19 15:01:11,719 INFO  ExportHelperExtension.cs: 1145 - Found 0 features of type [RefAxis] in Legmirror-4
2026-03-19 15:01:11,719 INFO  ExportHelperExtension.cs: 1125 - Retrieving features of type [RefAxis] from Legmirror-3
2026-03-19 15:01:11,719 INFO  ExportHelperExtension.cs: 1136 - Found 40 in Legmirror-3
2026-03-19 15:01:11,719 INFO  ExportHelperExtension.cs: 1145 - Found 0 features of type [RefAxis] in Legmirror-3
2026-03-19 15:01:11,725 INFO  ExportHelperExtension.cs: 1125 - Retrieving features of type [RefAxis] from Leg-4
2026-03-19 15:01:11,740 INFO  ExportHelperExtension.cs: 1136 - Found 45 in Leg-4
2026-03-19 15:01:11,740 INFO  ExportHelperExtension.cs: 1145 - Found 0 features of type [RefAxis] in Leg-4
2026-03-19 15:01:11,740 INFO  ExportHelperExtension.cs: 1125 - Retrieving features of type [RefAxis] from hhb(grade a)_is-13
2026-03-19 15:01:11,740 INFO  ExportHelperExtension.cs: 1136 - Found 41 in hhb(grade a)_is-13
2026-03-19 15:01:11,740 INFO  ExportHelperExtension.cs: 1145 - Found 0 features of type [RefAxis] in hhb(grade a)_is-13
2026-03-19 15:01:11,768 INFO  ExportPropertyManager.cs: 1142 - AfterClose called. This method no longer throws an Exception. It just silently does nothing. Ok, except for this logging message
2026-03-19 15:01:19,140 INFO  AssemblyExportForm.cs: 253 - Completing URDF export
2026-03-19 15:01:19,179 INFO  ConfigurationSerialization.cs: 276 - URDF Configuration found
<Link z:Id="i1" xmlns="http://schemas.datacontract.org/2004/07/SW2URDF" xmlns:i="http://www.w3.org/2001/XMLSchema-instance" xmlns:z="http://schemas.microsoft.com/2003/10/Serialization/"><Attributes><Attribute z:Id="i2"><AttributeType>name</AttributeType><IsRequired>true</IsRequired><Value i:type="a:string" xmlns:a="http://www.w3.org/2001/XMLSchema">Body</Value></Attribute></Attributes><ChildElements><URDFElement z:Id="i3" i:type="Inertial"><Attributes/><ChildElements><URDFElement z:Id="i4" i:type="Origin"><Attributes><Attribute z:Id="i5"><AttributeType>xyz</AttributeType><IsRequired>true</IsRequired><Value i:type="a:ArrayOfdouble" xmlns:a="http://schemas.microsoft.com/2003/10/Serialization/Arrays"><a:double>0.65631694576985611</a:double><a:double>-1.4282856305519707</a:double><a:double>0.9766488613407236</a:double></Value></Attribute><Attribute z:Id="i6"><AttributeType>rpy</AttributeType><IsRequired>true</IsRequired><Value i:type="a:ArrayOfdouble" xmlns:a="http://schemas.microsoft.com/2003/10/Serialization/Arrays"><a:double>0</a:double><a:double>0</a:double><a:double>0</a:double></Value></Attribute></Attributes><ChildElements/><ElementName>origin</ElementName><required>false</required><RPYAttribute z:Ref="i6"/><XYZAttribute z:Ref="i5"/><isCustomized>false</isCustomized></URDFElement><URDFElement z:Id="i7" i:type="Mass"><Attributes><Attribute z:Id="i8"><AttributeType>value</AttributeType><IsRequired>true</IsRequired><Value i:type="a:double" xmlns:a="http://www.w3.org/2001/XMLSchema">2.4108129727592784</Value></Attribute></Attributes><ChildElements/><ElementName>mass</ElementName><required>false</required><ValueAttribute z:Ref="i8"/></URDFElement><URDFElement z:Id="i9" i:type="Inertia"><Attributes><Attribute z:Id="i10"><AttributeType>ixx</AttributeType><IsRequired>true</IsRequired><Value i:type="a:double" xmlns:a="http://www.w3.org/2001/XMLSchema">0.033779760674056</Value></Attribute><Attribute z:Id="i11"><AttributeType>ixy</AttributeType><IsRequired>true</IsRequired><Value i:type="a:double" xmlns:a="http://www.w3.org/2001/XMLSchema">-1.0119171042158175E-07</Value></Attribute><Attribute z:Id="i12"><AttributeType>ixz</AttributeType><IsRequired>true</IsRequired><Value i:type="a:double" xmlns:a="http://www.w3.org/2001/XMLSchema">7.49013934311398E-09</Value></Attribute><Attribute z:Id="i13"><AttributeType>iyy</AttributeType><IsRequired>true</IsRequired><Value i:type="a:double" xmlns:a="http://www.w3.org/2001/XMLSchema">0.018730721194957133</Value></Attribute><Attribute z:Id="i14"><AttributeType>iyz</AttributeType><IsRequired>true</IsRequired><Value i:type="a:double" xmlns:a="http://www.w3.org/2001/XMLSchema">-8.8800464807665532E-05</Value></Attribute><Attribute z:Id="i15"><AttributeType>izz</AttributeType><IsRequired>true</IsRequired><Value i:type="a:double" xmlns:a="http://www.w3.org/2001/XMLSchema">0.051308348865208568</Value></Attribute></Attributes><ChildElements/><ElementName>inertia</ElementName><required>false</required><IxxAttribute z:Ref="i10"/><IxyAttribute z:Ref="i11"/><IxzAttribute z:Ref="i12"/><IyyAttribute z:Ref="i13"/><IyzAttribute z:Ref="i14"/><IzzAttribute z:Ref="i15"/></URDFElement></ChildElements><ElementName>inertial</ElementName><required>false</required><Inertia z:Ref="i9"/><Mass z:Ref="i7"/><Origin z:Ref="i4"/></URDFElement><URDFElement z:Id="i16" i:type="Visual"><Attributes/><ChildElements><URDFElement z:Id="i17" i:type="Origin"><Attributes><Attribute z:Id="i18"><AttributeType>xyz</AttributeType><IsRequired>true</IsRequired><Value i:type="a:ArrayOfdouble" xmlns:a="http://schemas.microsoft.com/2003/10/Serialization/Arrays"><a:double>0</a:double><a:double>0</a:double><a:double>0</a:double></Value></Attribute><Attribute z:Id="i19"><AttributeType>rpy</AttributeType><IsRequired>true</IsRequired><Value i:type="a:ArrayOfdouble" xmlns:a="http://schemas.microsoft.com/2003/10/Serialization/Arrays"><a:double>0</a:double><a:double>0</a:double><a:double>0</a:double></Value></Attribute></Attributes><ChildElements/><ElementName>origin</ElementName><required>false</required><RPYAttribute z:Ref="i19"/><XYZAttribute z:Ref="i18"/><isCustomized>false</isCustomized></URDFElement><URDFElement z:Id="i20" i:type="Geometry"><Attributes/><ChildElements><URDFElement z:Id="i21" i:type="Mesh"><Attributes><Attribute z:Id="i22"><AttributeType>filename</AttributeType><IsRequired>true</IsRequired><Value i:nil="true"/></Attribute></Attributes><ChildElements/><ElementName>mesh</ElementName><required>false</required><FilenameAttribute z:Ref="i22"/></URDFElement></ChildElements><ElementName>geometry</ElementName><required>true</required><Mesh z:Ref="i21"/></URDFElement><URDFElement z:Id="i23" i:type="Material"><Attributes><Attribute z:Id="i24"><AttributeType>name</AttributeType><IsRequired>true</IsRequired><Value i:type="a:string" xmlns:a="http://www.w3.org/2001/XMLSchema"/></Attribute></Attributes><ChildElements><URDFElement z:Id="i25" i:type="Color"><Attributes><Attribute z:Id="i26"><AttributeType>rgba</AttributeType><IsRequired>true</IsRequired><Value i:type="a:ArrayOfdouble" xmlns:a="http://schemas.microsoft.com/2003/10/Serialization/Arrays"><a:double>0.796078431372549</a:double><a:double>0.82352941176470584</a:double><a:double>0.93725490196078431</a:double><a:double>1</a:double></Value></Attribute></Attributes><ChildElements/><ElementName>color</ElementName><required>false</required><RGBAAttribute z:Ref="i26"/></URDFElement><URDFElement z:Id="i27" i:type="Texture"><Attributes><Attribute z:Id="i28"><AttributeType>filename</AttributeType><IsRequired>true</IsRequired><Value i:nil="true"/></Attribute></Attributes><ChildElements/><ElementName>texture</ElementName><required>false</required><FilenameAttribute z:Ref="i28"/><wFilename/></URDFElement></ChildElements><ElementName>material</ElementName><required>false</required><Color z:Ref="i25"/><NameAttribute z:Ref="i24"/><Texture z:Ref="i27"/></URDFElement></ChildElements><ElementName>visual</ElementName><required>false</required><Geometry z:Ref="i20"/><Material z:Ref="i23"/><Origin z:Ref="i17"/></URDFElement><URDFElement z:Id="i29" i:type="Collision"><Attributes/><ChildElements><URDFElement z:Id="i30" i:type="Origin"><Attributes><Attribute z:Id="i31"><AttributeType>xyz</AttributeType><IsRequired>true</IsRequired><Value i:type="a:ArrayOfdouble" xmlns:a="http://schemas.microsoft.com/2003/10/Serialization/Arrays"><a:double>0</a:double><a:double>0</a:double><a:double>0</a:double></Value></Attribute><Attribute z:Id="i32"><AttributeType>rpy</AttributeType><IsRequired>true</IsRequired><Value i:type="a:ArrayOfdouble" xmlns:a="http://schemas.microsoft.com/2003/10/Serialization/Arrays"><a:double>0</a:double><a:double>0</a:double><a:double>0</a:double></Value></Attribute></Attributes><ChildElements/><ElementName>origin</ElementName><required>false</required><RPYAttribute z:Ref="i32"/><XYZAttribute z:Ref="i31"/><isCustomized>false</isCustomized></URDFElement><URDFElement z:Id="i33" i:type="Geometry"><Attributes/><ChildElements><URDFElement z:Id="i34" i:type="Mesh"><Attributes><Attribute z:Id="i35"><AttributeType>filename</AttributeType><IsRequired>true</IsRequired><Value i:nil="true"/></Attribute></Attributes><ChildElements/><ElementName>mesh</ElementName><required>false</required><FilenameAttribute z:Ref="i35"/></URDFElement></ChildElements><ElementName>geometry</ElementName><required>true</required><Mesh z:Ref="i34"/></URDFElement></ChildElements><ElementName>collision</ElementName><required>false</required><Geometry z:Ref="i33"/><Origin z:Ref="i30"/></URDFElement><URDFElement z:Id="i36" i:type="Joint"><Attributes><Attribute z:Id="i37"><AttributeType>name</AttributeType><IsRequired>true</IsRequired><Value i:type="a:string" xmlns:a="http://www.w3.org/2001/XMLSchema"/></Attribute><Attribute z:Id="i38"><AttributeType>type</AttributeType><IsRequired>true</IsRequired><Value i:type="a:string" xmlns:a="http://www.w3.org/2001/XMLSchema"/></Attribute></Attributes><ChildElements><URDFElement z:Id="i39" i:type="Origin"><Attributes><Attribute z:Id="i40"><AttributeType>xyz</AttributeType><IsRequired>true</IsRequired><Value i:type="a:ArrayOfdouble" xmlns:a="http://schemas.microsoft.com/2003/10/Serialization/Arrays"><a:double>0</a:double><a:double>0</a:double><a:double>0</a:double></Value></Attribute><Attribute z:Id="i41"><AttributeType>rpy</AttributeType><IsRequired>true</IsRequired><Value i:type="a:ArrayOfdouble" xmlns:a="http://schemas.microsoft.com/2003/10/Serialization/Arrays"><a:double>0</a:double><a:double>0</a:double><a:double>0</a:double></Value></Attribute></Attributes><ChildElements/><ElementName>origin</ElementName><required>false</required><RPYAttribute z:Ref="i41"/><XYZAttribute z:Ref="i40"/><isCustomized>false</isCustomized></URDFElement><URDFElement z:Id="i42" i:type="ParentLink"><Attributes><Attribute z:Id="i43"><AttributeType>link</AttributeType><IsRequired>true</IsRequired><Value i:type="a:string" xmlns:a="http://www.w3.org/2001/XMLSchema"/></Attribute></Attributes><ChildElements/><ElementName>parent</ElementName><required>true</required><NameAttribute z:Ref="i43"/></URDFElement><URDFElement z:Id="i44" i:type="ChildLink"><Attributes><Attribute z:Id="i45"><AttributeType>link</AttributeType><IsRequired>true</IsRequired><Value i:type="a:string" xmlns:a="http://www.w3.org/2001/XMLSchema"/></Attribute></Attributes><ChildElements/><ElementName>child</ElementName><required>true</required><NameAttribute z:Ref="i45"/></URDFElement><URDFElement z:Id="i46" i:type="Axis"><Attributes><Attribute z:Id="i47"><AttributeType>xyz</AttributeType><IsRequired>true</IsRequired><Value i:type="a:ArrayOfdouble" xmlns:a="http://schemas.microsoft.com/2003/10/Serialization/Arrays"><a:double>0</a:double><a:double>0</a:double><a:double>0</a:double></Value></Attribute></Attributes><ChildElements/><ElementName>axis</ElementName><required>false</required><XYZAttribute z:Ref="i47"/></URDFElement><URDFElement z:Id="i48" i:type="Limit"><Attributes><Attribute z:Id="i49"><AttributeType>lower</AttributeType><IsRequired>false</IsRequired><Value i:nil="true"/></Attribute><Attribute z:Id="i50"><AttributeType>upper</AttributeType><IsRequired>false</IsRequired><Value i:nil="true"/></Attribute><Attribute z:Id="i51"><AttributeType>effort</AttributeType><IsRequired>true</IsRequired><Value i:nil="true"/></Attribute><Attribute z:Id="i52"><AttributeType>velocity</AttributeType><IsRequired>true</IsRequired><Value i:nil="true"/></Attribute></Attributes><ChildElements/><ElementName>limit</ElementName><required>false</required><EffortAttribute z:Ref="i51"/><LowerAttribute z:Ref="i49"/><UpperAttribute z:Ref="i50"/><VelocityAttribute z:Ref="i52"/></URDFElement><URDFElement z:Id="i53" i:type="Calibration"><Attributes><Attribute z:Id="i54"><AttributeType>rising</AttributeType><IsRequired>false</IsRequired><Value i:nil="true"/></Attribute><Attribute z:Id="i55"><AttributeType>falling</AttributeType><IsRequired>false</IsRequired><Value i:nil="true"/></Attribute></Attributes><ChildElements/><ElementName>calibration</ElementName><required>false</required><FallingAttribute z:Ref="i55"/><RisingAttribute z:Ref="i54"/></URDFElement><URDFElement z:Id="i56" i:type="Dynamics"><Attributes><Attribute z:Id="i57"><AttributeType>damping</AttributeType><IsRequired>false</IsRequired><Value i:nil="true"/></Attribute><Attribute z:Id="i58"><AttributeType>friction</AttributeType><IsRequired>false</IsRequired><Value i:nil="true"/></Attribute></Attributes><ChildElements/><ElementName>dynamics</ElementName><required>false</required><DampingAttribute z:Ref="i57"/><FrictionAttribute z:Ref="i58"/></URDFElement><URDFElement z:Id="i59" i:type="SafetyController"><Attributes><Attribute z:Id="i60"><AttributeType>soft_upper_limit</AttributeType><IsRequired>false</IsRequired><Value i:nil="true"/></Attribute><Attribute z:Id="i61"><AttributeType>soft_lower_limit</AttributeType><IsRequired>false</IsRequired><Value i:nil="true"/></Attribute><Attribute z:Id="i62"><AttributeType>k_position</AttributeType><IsRequired>false</IsRequired><Value i:nil="true"/></Attribute><Attribute z:Id="i63"><AttributeType>k_velocity</AttributeType><IsRequired>true</IsRequired><Value i:nil="true"/></Attribute></Attributes><ChildElements/><ElementName>safety_controller</ElementName><required>false</required><KPositionAttribute z:Ref="i62"/><KVelocityAttribute z:Ref="i63"/><SoftLowerAttribute z:Ref="i61"/><SoftUpperAttribute z:Ref="i60"/></URDFElement><URDFElement z:Id="i64" i:type="Mimic"><Attributes><Attribute z:Id="i65"><AttributeType>joint</AttributeType><IsRequired>true</IsRequired><Value i:nil="true"/></Attribute><Attribute z:Id="i66"><AttributeType>multiplier</AttributeType><IsRequired>false</IsRequired><Value i:nil="true"/></Attribute><Attribute z:Id="i67"><AttributeType>offset</AttributeType><IsRequired>false</IsRequired><Value i:nil="true"/></Attribute></Attributes><ChildElements/><ElementName>mimic</ElementName><required>false</required><JointNameAttribute z:Ref="i65"/><MultiplierAttribute z:Ref="i66"/><OffsetAttribute z:Ref="i67"/></URDFElement></ChildElements><ElementName>joint</ElementName><required>false</required><Axis z:Ref="i46"/><AxisName/><Calibration z:Ref="i53"/><Child z:Ref="i44"/><CoordinateSystemName>Origin_global</CoordinateSystemName><Dynamics z:Ref="i56"/><Limit z:Ref="i48"/><Mimic z:Ref="i64"/><NameAttribute z:Ref="i37"/><Origin z:Ref="i39"/><Parent z:Ref="i42"/><Safety z:Ref="i59"/><TypeAttribute z:Ref="i38"/></URDFElement></ChildElements><ElementName>link</ElementName><required>true</required><Children><Link z:Id="i68"><Attributes><Attribute z:Id="i69"><AttributeType>name</AttributeType><IsRequired>true</IsRequired><Value i:type="a:string" xmlns:a="http://www.w3.org/2001/XMLSchema">LFshoulder</Value></Attribute></Attributes><ChildElements><URDFElement z:Id="i70" i:type="Inertial"><Attributes/><ChildElements><URDFElement z:Id="i71" i:type="Origin"><Attributes><Attribute z:Id="i72"><AttributeType>xyz</AttributeType><IsRequired>true</IsRequired><Value i:type="a:ArrayOfdouble" xmlns:a="http://schemas.microsoft.com/2003/10/Serialization/Arrays"><a:double>0.0068116972262093345</a:double><a:double>0.0012503368627788669</a:double><a:double>-0.052999449998840209</a:double></Value></Attribute><Attribute z:Id="i73"><AttributeType>rpy</AttributeType><IsRequired>true</IsRequired><Value i:type="a:ArrayOfdouble" xmlns:a="http://schemas.microsoft.com/2003/10/Serialization/Arrays"><a:double>0</a:double><a:double>0</a:double><a:double>0</a:double></Value></Attribute></Attributes><ChildElements/><ElementName>origin</ElementName><required>false</required><RPYAttribute z:Ref="i73"/><XYZAttribute z:Ref="i72"/><isCustomized>false</isCustomized></URDFElement><URDFElement z:Id="i74" i:type="Mass"><Attributes><Attribute z:Id="i75"><AttributeType>value</AttributeType><IsRequired>true</IsRequired><Value i:type="a:double" xmlns:a="http://www.w3.org/2001/XMLSchema">0.10673460632234874</Value></Attribute></Attributes><ChildElements/><ElementName>mass</ElementName><required>false</required><ValueAttribute z:Ref="i75"/></URDFElement><URDFElement z:Id="i76" i:type="Inertia"><Attributes><Attribute z:Id="i77"><AttributeType>ixx</AttributeType><IsRequired>true</IsRequired><Value i:type="a:double" xmlns:a="http://www.w3.org/2001/XMLSchema">5.1789085360076173E-05</Value></Attribute><Attribute z:Id="i78"><AttributeType>ixy</AttributeType><IsRequired>true</IsRequired><Value i:type="a:double" xmlns:a="http://www.w3.org/2001/XMLSchema">2.95186281770846E-06</Value></Attribute><Attribute z:Id="i79"><AttributeType>ixz</AttributeType><IsRequired>true</IsRequired><Value i:type="a:double" xmlns:a="http://www.w3.org/2001/XMLSchema">-2.7636482858829016E-06</Value></Attribute><Attribute z:Id="i80"><AttributeType>iyy</AttributeType><IsRequired>true</IsRequired><Value i:type="a:double" xmlns:a="http://www.w3.org/2001/XMLSchema">3.8883033533986786E-05</Value></Attribute><Attribute z:Id="i81"><AttributeType>iyz</AttributeType><IsRequired>true</IsRequired><Value i:type="a:double" xmlns:a="http://www.w3.org/2001/XMLSchema">-2.5578413977225496E-06</Value></Attribute><Attribute z:Id="i82"><AttributeType>izz</AttributeType><IsRequired>true</IsRequired><Value i:type="a:double" xmlns:a="http://www.w3.org/2001/XMLSchema">4.6973714082755924E-05</Value></Attribute></Attributes><ChildElements/><ElementName>inertia</ElementName><required>false</required><IxxAttribute z:Ref="i77"/><IxyAttribute z:Ref="i78"/><IxzAttribute z:Ref="i79"/><IyyAttribute z:Ref="i80"/><IyzAttribute z:Ref="i81"/><IzzAttribute z:Ref="i82"/></URDFElement></ChildElements><ElementName>inertial</ElementName><required>false</required><Inertia z:Ref="i76"/><Mass z:Ref="i74"/><Origin z:Ref="i71"/></URDFElement><URDFElement z:Id="i83" i:type="Visual"><Attributes/><ChildElements><URDFElement z:Id="i84" i:type="Origin"><Attributes><Attribute z:Id="i85"><AttributeType>xyz</AttributeType><IsRequired>true</IsRequired><Value i:type="a:ArrayOfdouble" xmlns:a="http://schemas.microsoft.com/2003/10/Serialization/Arrays"><a:double>0</a:double><a:double>0</a:double><a:double>0</a:double></Value></Attribute><Attribute z:Id="i86"><AttributeType>rpy</AttributeType><IsRequired>true</IsRequired><Value i:type="a:ArrayOfdouble" xmlns:a="http://schemas.microsoft.com/2003/10/Serialization/Arrays"><a:double>0</a:double><a:double>0</a:double><a:double>0</a:double></Value></Attribute></Attributes><ChildElements/><ElementName>origin</ElementName><required>false</required><RPYAttribute z:Ref="i86"/><XYZAttribute z:Ref="i85"/><isCustomized>false</isCustomized></URDFElement><URDFElement z:Id="i87" i:type="Geometry"><Attributes/><ChildElements><URDFElement z:Id="i88" i:type="Mesh"><Attributes><Attribute z:Id="i89"><AttributeType>filename</AttributeType><IsRequired>true</IsRequired><Value i:nil="true"/></Attribute></Attributes><ChildElements/><ElementName>mesh</ElementName><required>false</required><FilenameAttribute z:Ref="i89"/></URDFElement></ChildElements><ElementName>geometry</ElementName><required>true</required><Mesh z:Ref="i88"/></URDFElement><URDFElement z:Id="i90" i:type="Material"><Attributes><Attribute z:Id="i91"><AttributeType>name</AttributeType><IsRequired>true</IsRequired><Value i:type="a:string" xmlns:a="http://www.w3.org/2001/XMLSchema"/></Attribute></Attributes><ChildElements><URDFElement z:Id="i92" i:type="Color"><Attributes><Attribute z:Id="i93"><AttributeType>rgba</AttributeType><IsRequired>true</IsRequired><Value i:type="a:ArrayOfdouble" xmlns:a="http://schemas.microsoft.com/2003/10/Serialization/Arrays"><a:double>0.62745098039215685</a:double><a:double>0.62745098039215685</a:double><a:double>0.62745098039215685</a:double><a:double>1</a:double></Value></Attribute></Attributes><ChildElements/><ElementName>color</ElementName><required>false</required><RGBAAttribute z:Ref="i93"/></URDFElement><URDFElement z:Id="i94" i:type="Texture"><Attributes><Attribute z:Id="i95"><AttributeType>filename</AttributeType><IsRequired>true</IsRequired><Value i:nil="true"/></Attribute></Attributes><ChildElements/><ElementName>texture</ElementName><required>false</required><FilenameAttribute z:Ref="i95"/><wFilename/></URDFElement></ChildElements><ElementName>material</ElementName><required>false</required><Color z:Ref="i92"/><NameAttribute z:Ref="i91"/><Texture z:Ref="i94"/></URDFElement></ChildElements><ElementName>visual</ElementName><required>false</required><Geometry z:Ref="i87"/><Material z:Ref="i90"/><Origin z:Ref="i84"/></URDFElement><URDFElement z:Id="i96" i:type="Collision"><Attributes/><ChildElements><URDFElement z:Id="i97" i:type="Origin"><Attributes><Attribute z:Id="i98"><AttributeType>xyz</AttributeType><IsRequired>true</IsRequired><Value i:type="a:ArrayOfdouble" xmlns:a="http://schemas.microsoft.com/2003/10/Serialization/Arrays"><a:double>0</a:double><a:double>0</a:double><a:double>0</a:double></Value></Attribute><Attribute z:Id="i99"><AttributeType>rpy</AttributeType><IsRequired>true</IsRequired><Value i:type="a:ArrayOfdouble" xmlns:a="http://schemas.microsoft.com/2003/10/Serialization/Arrays"><a:double>0</a:double><a:double>0</a:double><a:double>0</a:double></Value></Attribute></Attributes><ChildElements/><ElementName>origin</ElementName><required>false</required><RPYAttribute z:Ref="i99"/><XYZAttribute z:Ref="i98"/><isCustomized>false</isCustomized></URDFElement><URDFElement z:Id="i100" i:type="Geometry"><Attributes/><ChildElements><URDFElement z:Id="i101" i:type="Mesh"><Attributes><Attribute z:Id="i102"><AttributeType>filename</AttributeType><IsRequired>true</IsRequired><Value i:nil="true"/></Attribute></Attributes><ChildElements/><ElementName>mesh</ElementName><required>false</required><FilenameAttribute z:Ref="i102"/></URDFElement></ChildElements><ElementName>geometry</ElementName><required>true</required><Mesh z:Ref="i101"/></URDFElement></ChildElements><ElementName>collision</ElementName><required>false</required><Geometry z:Ref="i100"/><Origin z:Ref="i97"/></URDFElement><URDFElement z:Id="i103" i:type="Joint"><Attributes><Attribute z:Id="i104"><AttributeType>name</AttributeType><IsRequired>true</IsRequired><Value i:type="a:string" xmlns:a="http://www.w3.org/2001/XMLSchema">LFshoulder1</Value></Attribute><Attribute z:Id="i105"><AttributeType>type</AttributeType><IsRequired>true</IsRequired><Value i:type="a:string" xmlns:a="http://www.w3.org/2001/XMLSchema">revolute</Value></Attribute></Attributes><ChildElements><URDFElement z:Id="i106" i:type="Origin"><Attributes><Attribute z:Id="i107"><AttributeType>xyz</AttributeType><IsRequired>true</IsRequired><Value i:type="a:ArrayOfdouble" xmlns:a="http://schemas.microsoft.com/2003/10/Serialization/Arrays"><a:double>0.57094590083093566</a:double><a:double>-1.3528782718737069</a:double><a:double>0.93482698245375773</a:double></Value></Attribute><Attribute z:Id="i108"><AttributeType>rpy</AttributeType><IsRequired>true</IsRequired><Value i:type="a:ArrayOfdouble" xmlns:a="http://schemas.microsoft.com/2003/10/Serialization/Arrays"><a:double>1.5707963267948966</a:double><a:double>0.019698287580365837</a:double><a:double>0</a:double></Value></Attribute></Attributes><ChildElements/><ElementName>origin</ElementName><required>false</required><RPYAttribute z:Ref="i108"/><XYZAttribute z:Ref="i107"/><isCustomized>false</isCustomized></URDFElement><URDFElement z:Id="i109" i:type="ParentLink"><Attributes><Attribute z:Id="i110"><AttributeType>link</AttributeType><IsRequired>true</IsRequired><Value i:type="a:string" xmlns:a="http://www.w3.org/2001/XMLSchema">Body</Value></Attribute></Attributes><ChildElements/><ElementName>parent</ElementName><required>true</required><NameAttribute z:Ref="i110"/></URDFElement><URDFElement z:Id="i111" i:type="ChildLink"><Attributes><Attribute z:Id="i112"><AttributeType>link</AttributeType><IsRequired>true</IsRequired><Value i:type="a:string" xmlns:a="http://www.w3.org/2001/XMLSchema">LFshoulder</Value></Attribute></Attributes><ChildElements/><ElementName>child</ElementName><required>true</required><NameAttribute z:Ref="i112"/></URDFElement><URDFElement z:Id="i113" i:type="Axis"><Attributes><Attribute z:Id="i114"><AttributeType>xyz</AttributeType><IsRequired>true</IsRequired><Value i:type="a:ArrayOfdouble" xmlns:a="http://schemas.microsoft.com/2003/10/Serialization/Arrays"><a:double>0</a:double><a:double>0</a:double><a:double>1</a:double></Value></Attribute></Attributes><ChildElements/><ElementName>axis</ElementName><required>false</required><XYZAttribute z:Ref="i114"/></URDFElement><URDFElement z:Id="i115" i:type="Limit"><Attributes><Attribute z:Id="i116"><AttributeType>lower</AttributeType><IsRequired>true</IsRequired><Value i:type="a:double" xmlns:a="http://www.w3.org/2001/XMLSchema">0</Value></Attribute><Attribute z:Id="i117"><AttributeType>upper</AttributeType><IsRequired>true</IsRequired><Value i:type="a:double" xmlns:a="http://www.w3.org/2001/XMLSchema">6.2832</Value></Attribute><Attribute z:Id="i118"><AttributeType>effort</AttributeType><IsRequired>true</IsRequired><Value i:type="a:double" xmlns:a="http://www.w3.org/2001/XMLSchema">100</Value></Attribute><Attribute z:Id="i119"><AttributeType>velocity</AttributeType><IsRequired>true</IsRequired><Value i:type="a:double" xmlns:a="http://www.w3.org/2001/XMLSchema">2</Value></Attribute></Attributes><ChildElements/><ElementName>limit</ElementName><required>true</required><EffortAttribute z:Ref="i118"/><LowerAttribute z:Ref="i116"/><UpperAttribute z:Ref="i117"/><VelocityAttribute z:Ref="i119"/></URDFElement><URDFElement z:Id="i120" i:type="Calibration"><Attributes><Attribute z:Id="i121"><AttributeType>rising</AttributeType><IsRequired>false</IsRequired><Value i:nil="true"/></Attribute><Attribute z:Id="i122"><AttributeType>falling</AttributeType><IsRequired>false</IsRequired><Value i:nil="true"/></Attribute></Attributes><ChildElements/><ElementName>calibration</ElementName><required>false</required><FallingAttribute z:Ref="i122"/><RisingAttribute z:Ref="i121"/></URDFElement><URDFElement z:Id="i123" i:type="Dynamics"><Attributes><Attribute z:Id="i124"><AttributeType>damping</AttributeType><IsRequired>false</IsRequired><Value i:nil="true"/></Attribute><Attribute z:Id="i125"><AttributeType>friction</AttributeType><IsRequired>false</IsRequired><Value i:nil="true"/></Attribute></Attributes><ChildElements/><ElementName>dynamics</ElementName><required>false</required><DampingAttribute z:Ref="i124"/><FrictionAttribute z:Ref="i125"/></URDFElement><URDFElement z:Id="i126" i:type="SafetyController"><Attributes><Attribute z:Id="i127"><AttributeType>soft_upper_limit</AttributeType><IsRequired>false</IsRequired><Value i:nil="true"/></Attribute><Attribute z:Id="i128"><AttributeType>soft_lower_limit</AttributeType><IsRequired>false</IsRequired><Value i:nil="true"/></Attribute><Attribute z:Id="i129"><AttributeType>k_position</AttributeType><IsRequired>false</IsRequired><Value i:nil="true"/></Attribute><Attribute z:Id="i130"><AttributeType>k_velocity</AttributeType><IsRequired>true</IsRequired><Value i:nil="true"/></Attribute></Attributes><ChildElements/><ElementName>safety_controller</ElementName><required>false</required><KPositionAttribute z:Ref="i129"/><KVelocityAttribute z:Ref="i130"/><SoftLowerAttribute z:Ref="i128"/><SoftUpperAttribute z:Ref="i127"/></URDFElement><URDFElement z:Id="i131" i:type="Mimic"><Attributes><Attribute z:Id="i132"><AttributeType>joint</AttributeType><IsRequired>true</IsRequired><Value i:nil="true"/></Attribute><Attribute z:Id="i133"><AttributeType>multiplier</AttributeType><IsRequired>false</IsRequired><Value i:nil="true"/></Attribute><Attribute z:Id="i134"><AttributeType>offset</AttributeType><IsRequired>false</IsRequired><Value i:nil="true"/></Attribute></Attributes><ChildElements/><ElementName>mimic</ElementName><required>false</required><JointNameAttribute z:Ref="i132"/><MultiplierAttribute z:Ref="i133"/><OffsetAttribute z:Ref="i134"/></URDFElement></ChildElements><ElementName>joint</ElementName><required>false</required><Axis z:Ref="i113"/><AxisName>LF_shoulder1_axis</AxisName><Calibration z:Ref="i120"/><Child z:Ref="i111"/><CoordinateSystemName>LF_shoulder1_CS</CoordinateSystemName><Dynamics z:Ref="i123"/><Limit z:Ref="i115"/><Mimic z:Ref="i131"/><NameAttribute z:Ref="i104"/><Origin z:Ref="i106"/><Parent z:Ref="i109"/><Safety z:Ref="i126"/><TypeAttribute z:Ref="i105"/></URDFElement></ChildElements><ElementName>link</ElementName><required>true</required><Children><Link z:Id="i135"><Attributes><Attribute z:Id="i136"><AttributeType>name</AttributeType><IsRequired>true</IsRequired><Value i:type="a:string" xmlns:a="http://www.w3.org/2001/XMLSchema">LFthigh</Value></Attribute></Attributes><ChildElements><URDFElement z:Id="i137" i:type="Inertial"><Attributes/><ChildElements><URDFElement z:Id="i138" i:type="Origin"><Attributes><Attribute z:Id="i139"><AttributeType>xyz</AttributeType><IsRequired>true</IsRequired><Value i:type="a:ArrayOfdouble" xmlns:a="http://schemas.microsoft.com/2003/10/Serialization/Arrays"><a:double>0.025429922679959582</a:double><a:double>-0.056025345920952929</a:double><a:double>-0.001594649404419668</a:double></Value></Attribute><Attribute z:Id="i140"><AttributeType>rpy</AttributeType><IsRequired>true</IsRequired><Value i:type="a:ArrayOfdouble" xmlns:a="http://schemas.microsoft.com/2003/10/Serialization/Arrays"><a:double>0</a:double><a:double>0</a:double><a:double>0</a:double></Value></Attribute></Attributes><ChildElements/><ElementName>origin</ElementName><required>false</required><RPYAttribute z:Ref="i140"/><XYZAttribute z:Ref="i139"/><isCustomized>false</isCustomized></URDFElement><URDFElement z:Id="i141" i:type="Mass"><Attributes><Attribute z:Id="i142"><AttributeType>value</AttributeType><IsRequired>true</IsRequired><Value i:type="a:double" xmlns:a="http://www.w3.org/2001/XMLSchema">0.14258506237082466</Value></Attribute></Attributes><ChildElements/><ElementName>mass</ElementName><required>false</required><ValueAttribute z:Ref="i142"/></URDFElement><URDFElement z:Id="i143" i:type="Inertia"><Attributes><Attribute z:Id="i144"><AttributeType>ixx</AttributeType><IsRequired>true</IsRequired><Value i:type="a:double" xmlns:a="http://www.w3.org/2001/XMLSchema">0.00032131875229863031</Value></Attribute><Attribute z:Id="i145"><AttributeType>ixy</AttributeType><IsRequired>true</IsRequired><Value i:type="a:double" xmlns:a="http://www.w3.org/2001/XMLSchema">-2.4193849462560258E-06</Value></Attribute><Attribute z:Id="i146"><AttributeType>ixz</AttributeType><IsRequired>true</IsRequired><Value i:type="a:double" xmlns:a="http://www.w3.org/2001/XMLSchema">-5.001795167267087E-08</Value></Attribute><Attribute z:Id="i147"><AttributeType>iyy</AttributeType><IsRequired>true</IsRequired><Value i:type="a:double" xmlns:a="http://www.w3.org/2001/XMLSchema">3.389576290724378E-05</Value></Attribute><Attribute z:Id="i148"><AttributeType>iyz</AttributeType><IsRequired>true</IsRequired><Value i:type="a:double" xmlns:a="http://www.w3.org/2001/XMLSchema">-7.6738920051101863E-06</Value></Attribute><Attribute z:Id="i149"><AttributeType>izz</AttributeType><IsRequired>true</IsRequired><Value i:type="a:double" xmlns:a="http://www.w3.org/2001/XMLSchema">0.00031630604481713116</Value></Attribute></Attributes><ChildElements/><ElementName>inertia</ElementName><required>false</required><IxxAttribute z:Ref="i144"/><IxyAttribute z:Ref="i145"/><IxzAttribute z:Ref="i146"/><IyyAttribute z:Ref="i147"/><IyzAttribute z:Ref="i148"/><IzzAttribute z:Ref="i149"/></URDFElement></ChildElements><ElementName>inertial</ElementName><required>false</required><Inertia z:Ref="i143"/><Mass z:Ref="i141"/><Origin z:Ref="i138"/></URDFElement><URDFElement z:Id="i150" i:type="Visual"><Attributes/><ChildElements><URDFElement z:Id="i151" i:type="Origin"><Attributes><Attribute z:Id="i152"><AttributeType>xyz</AttributeType><IsRequired>true</IsRequired><Value i:type="a:ArrayOfdouble" xmlns:a="http://schemas.microsoft.com/2003/10/Serialization/Arrays"><a:double>0</a:double><a:double>0</a:double><a:double>0</a:double></Value></Attribute><Attribute z:Id="i153"><AttributeType>rpy</AttributeType><IsRequired>true</IsRequired><Value i:type="a:ArrayOfdouble" xmlns:a="http://schemas.microsoft.com/2003/10/Serialization/Arrays"><a:double>0</a:double><a:double>0</a:double><a:double>0</a:double></Value></Attribute></Attributes><ChildElements/><ElementName>origin</ElementName><required>false</required><RPYAttribute z:Ref="i153"/><XYZAttribute z:Ref="i152"/><isCustomized>false</isCustomized></URDFElement><URDFElement z:Id="i154" i:type="Geometry"><Attributes/><ChildElements><URDFElement z:Id="i155" i:type="Mesh"><Attributes><Attribute z:Id="i156"><AttributeType>filename</AttributeType><IsRequired>true</IsRequired><Value i:nil="true"/></Attribute></Attributes><ChildElements/><ElementName>mesh</ElementName><required>false</required><FilenameAttribute z:Ref="i156"/></URDFElement></ChildElements><ElementName>geometry</ElementName><required>true</required><Mesh z:Ref="i155"/></URDFElement><URDFElement z:Id="i157" i:type="Material"><Attributes><Attribute z:Id="i158"><AttributeType>name</AttributeType><IsRequired>true</IsRequired><Value i:type="a:string" xmlns:a="http://www.w3.org/2001/XMLSchema"/></Attribute></Attributes><ChildElements><URDFElement z:Id="i159" i:type="Color"><Attributes><Attribute z:Id="i160"><AttributeType>rgba</AttributeType><IsRequired>true</IsRequired><Value i:type="a:ArrayOfdouble" xmlns:a="http://schemas.microsoft.com/2003/10/Serialization/Arrays"><a:double>0.792156862745098</a:double><a:double>0.81960784313725488</a:double><a:double>0.93333333333333335</a:double><a:double>1</a:double></Value></Attribute></Attributes><ChildElements/><ElementName>color</ElementName><required>false</required><RGBAAttribute z:Ref="i160"/></URDFElement><URDFElement z:Id="i161" i:type="Texture"><Attributes><Attribute z:Id="i162"><AttributeType>filename</AttributeType><IsRequired>true</IsRequired><Value i:nil="true"/></Attribute></Attributes><ChildElements/><ElementName>texture</ElementName><required>false</required><FilenameAttribute z:Ref="i162"/><wFilename/></URDFElement></ChildElements><ElementName>material</ElementName><required>false</required><Color z:Ref="i159"/><NameAttribute z:Ref="i158"/><Texture z:Ref="i161"/></URDFElement></ChildElements><ElementName>visual</ElementName><required>false</required><Geometry z:Ref="i154"/><Material z:Ref="i157"/><Origin z:Ref="i151"/></URDFElement><URDFElement z:Id="i163" i:type="Collision"><Attributes/><ChildElements><URDFElement z:Id="i164" i:type="Origin"><Attributes><Attribute z:Id="i165"><AttributeType>xyz</AttributeType><IsRequired>true</IsRequired><Value i:type="a:ArrayOfdouble" xmlns:a="http://schemas.microsoft.com/2003/10/Serialization/Arrays"><a:double>0</a:double><a:double>0</a:double><a:double>0</a:double></Value></Attribute><Attribute z:Id="i166"><AttributeType>rpy</AttributeType><IsRequired>true</IsRequired><Value i:type="a:ArrayOfdouble" xmlns:a="http://schemas.microsoft.com/2003/10/Serialization/Arrays"><a:double>0</a:double><a:double>0</a:double><a:double>0</a:double></Value></Attribute></Attributes><ChildElements/><ElementName>origin</ElementName><required>false</required><RPYAttribute z:Ref="i166"/><XYZAttribute z:Ref="i165"/><isCustomized>false</isCustomized></URDFElement><URDFElement z:Id="i167" i:type="Geometry"><Attributes/><ChildElements><URDFElement z:Id="i168" i:type="Mesh"><Attributes><Attribute z:Id="i169"><AttributeType>filename</AttributeType><IsRequired>true</IsRequired><Value i:nil="true"/></Attribute></Attributes><ChildElements/><ElementName>mesh</ElementName><required>false</required><FilenameAttribute z:Ref="i169"/></URDFElement></ChildElements><ElementName>geometry</ElementName><required>true</required><Mesh z:Ref="i168"/></URDFElement></ChildElements><ElementName>collision</ElementName><required>false</required><Geometry z:Ref="i167"/><Origin z:Ref="i164"/></URDFElement><URDFElement z:Id="i170" i:type="Joint"><Attributes><Attribute z:Id="i171"><AttributeType>name</AttributeType><IsRequired>true</IsRequired><Value i:type="a:string" xmlns:a="http://www.w3.org/2001/XMLSchema">LFshoulder</Value></Attribute><Attribute z:Id="i172"><AttributeType>type</AttributeType><IsRequired>true</IsRequired><Value i:type="a:string" xmlns:a="http://www.w3.org/2001/XMLSchema">revolute</Value></Attribute></Attributes><ChildElements><URDFElement z:Id="i173" i:type="Origin"><Attributes><Attribute z:Id="i174"><AttributeType>xyz</AttributeType><IsRequired>true</IsRequired><Value i:type="a:ArrayOfdouble" xmlns:a="http://schemas.microsoft.com/2003/10/Serialization/Arrays"><a:double>-0.030132735669689548</a:double><a:double>-0.027433002683566965</a:double><a:double>-0.054419879145493955</a:double></Value></Attribute><Attribute z:Id="i175"><AttributeType>rpy</AttributeType><IsRequired>true</IsRequired><Value i:type="a:ArrayOfdouble" xmlns:a="http://schemas.microsoft.com/2003/10/Serialization/Arrays"><a:double>-0.29981341752985358</a:double><a:double>0</a:double><a:double>0</a:double></Value></Attribute></Attributes><ChildElements/><ElementName>origin</ElementName><required>false</required><RPYAttribute z:Ref="i175"/><XYZAttribute z:Ref="i174"/><isCustomized>false</isCustomized></URDFElement><URDFElement z:Id="i176" i:type="ParentLink"><Attributes><Attribute z:Id="i177"><AttributeType>link</AttributeType><IsRequired>true</IsRequired><Value i:type="a:string" xmlns:a="http://www.w3.org/2001/XMLSchema">LFshoulder</Value></Attribute></Attributes><ChildElements/><ElementName>parent</ElementName><required>true</required><NameAttribute z:Ref="i177"/></URDFElement><URDFElement z:Id="i178" i:type="ChildLink"><Attributes><Attribute z:Id="i179"><AttributeType>link</AttributeType><IsRequired>true</IsRequired><Value i:type="a:string" xmlns:a="http://www.w3.org/2001/XMLSchema">LFthigh</Value></Attribute></Attributes><ChildElements/><ElementName>child</ElementName><required>true</required><NameAttribute z:Ref="i179"/></URDFElement><URDFElement z:Id="i180" i:type="Axis"><Attributes><Attribute z:Id="i181"><AttributeType>xyz</AttributeType><IsRequired>true</IsRequired><Value i:type="a:ArrayOfdouble" xmlns:a="http://schemas.microsoft.com/2003/10/Serialization/Arrays"><a:double>0.99999999999999978</a:double><a:double>0</a:double><a:double>0</a:double></Value></Attribute></Attributes><ChildElements/><ElementName>axis</ElementName><required>false</required><XYZAttribute z:Ref="i181"/></URDFElement><URDFElement z:Id="i182" i:type="Limit"><Attributes><Attribute z:Id="i183"><AttributeType>lower</AttributeType><IsRequired>true</IsRequired><Value i:type="a:double" xmlns:a="http://www.w3.org/2001/XMLSchema">0</Value></Attribute><Attribute z:Id="i184"><AttributeType>upper</AttributeType><IsRequired>true</IsRequired><Value i:type="a:double" xmlns:a="http://www.w3.org/2001/XMLSchema">6.2832</Value></Attribute><Attribute z:Id="i185"><AttributeType>effort</AttributeType><IsRequired>true</IsRequired><Value i:type="a:double" xmlns:a="http://www.w3.org/2001/XMLSchema">100</Value></Attribute><Attribute z:Id="i186"><AttributeType>velocity</AttributeType><IsRequired>true</IsRequired><Value i:type="a:double" xmlns:a="http://www.w3.org/2001/XMLSchema">2</Value></Attribute></Attributes><ChildElements/><ElementName>limit</ElementName><required>true</required><EffortAttribute z:Ref="i185"/><LowerAttribute z:Ref="i183"/><UpperAttribute z:Ref="i184"/><VelocityAttribute z:Ref="i186"/></URDFElement><URDFElement z:Id="i187" i:type="Calibration"><Attributes><Attribute z:Id="i188"><AttributeType>rising</AttributeType><IsRequired>false</IsRequired><Value i:nil="true"/></Attribute><Attribute z:Id="i189"><AttributeType>falling</AttributeType><IsRequired>false</IsRequired><Value i:nil="true"/></Attribute></Attributes><ChildElements/><ElementName>calibration</ElementName><required>false</required><FallingAttribute z:Ref="i189"/><RisingAttribute z:Ref="i188"/></URDFElement><URDFElement z:Id="i190" i:type="Dynamics"><Attributes><Attribute z:Id="i191"><AttributeType>damping</AttributeType><IsRequired>false</IsRequired><Value i:nil="true"/></Attribute><Attribute z:Id="i192"><AttributeType>friction</AttributeType><IsRequired>false</IsRequired><Value i:nil="true"/></Attribute></Attributes><ChildElements/><ElementName>dynamics</ElementName><required>false</required><DampingAttribute z:Ref="i191"/><FrictionAttribute z:Ref="i192"/></URDFElement><URDFElement z:Id="i193" i:type="SafetyController"><Attributes><Attribute z:Id="i194"><AttributeType>soft_upper_limit</AttributeType><IsRequired>false</IsRequired><Value i:nil="true"/></Attribute><Attribute z:Id="i195"><AttributeType>soft_lower_limit</AttributeType><IsRequired>false</IsRequired><Value i:nil="true"/></Attribute><Attribute z:Id="i196"><AttributeType>k_position</AttributeType><IsRequired>false</IsRequired><Value i:nil="true"/></Attribute><Attribute z:Id="i197"><AttributeType>k_velocity</AttributeType><IsRequired>true</IsRequired><Value i:nil="true"/></Attribute></Attributes><ChildElements/><ElementName>safety_controller</ElementName><required>false</required><KPositionAttribute z:Ref="i196"/><KVelocityAttribute z:Ref="i197"/><SoftLowerAttribute z:Ref="i195"/><SoftUpperAttribute z:Ref="i194"/></URDFElement><URDFElement z:Id="i198" i:type="Mimic"><Attributes><Attribute z:Id="i199"><AttributeType>joint</AttributeType><IsRequired>true</IsRequired><Value i:nil="true"/></Attribute><Attribute z:Id="i200"><AttributeType>multiplier</AttributeType><IsRequired>false</IsRequired><Value i:nil="true"/></Attribute><Attribute z:Id="i201"><AttributeType>offset</AttributeType><IsRequired>false</IsRequired><Value i:nil="true"/></Attribute></Attributes><ChildElements/><ElementName>mimic</ElementName><required>false</required><JointNameAttribute z:Ref="i199"/><MultiplierAttribute z:Ref="i200"/><OffsetAttribute z:Ref="i201"/></URDFElement></ChildElements><ElementName>joint</ElementName><required>false</required><Axis z:Ref="i180"/><AxisName>left1_front_shoulder_axis</AxisName><Calibration z:Ref="i187"/><Child z:Ref="i178"/><CoordinateSystemName>LF_shoulder_CS</CoordinateSystemName><Dynamics z:Ref="i190"/><Limit z:Ref="i182"/><Mimic z:Ref="i198"/><NameAttribute z:Ref="i171"/><Origin z:Ref="i173"/><Parent z:Ref="i176"/><Safety z:Ref="i193"/><TypeAttribute z:Ref="i172"/></URDFElement></ChildElements><ElementName>link</ElementName><required>true</required><Children><Link z:Id="i202"><Attributes><Attribute z:Id="i203"><AttributeType>name</AttributeType><IsRequired>true</IsRequired><Value i:type="a:string" xmlns:a="http://www.w3.org/2001/XMLSchema">LFcalf</Value></Attribute></Attributes><ChildElements><URDFElement z:Id="i204" i:type="Inertial"><Attributes/><ChildElements><URDFElement z:Id="i205" i:type="Origin"><Attributes><Attribute z:Id="i206"><AttributeType>xyz</AttributeType><IsRequired>true</IsRequired><Value i:type="a:ArrayOfdouble" xmlns:a="http://schemas.microsoft.com/2003/10/Serialization/Arrays"><a:double>0.037785146291112848</a:double><a:double>-0.077136025477507308</a:double><a:double>-8.79296635503124E-13</a:double></Value></Attribute><Attribute z:Id="i207"><AttributeType>rpy</AttributeType><IsRequired>true</IsRequired><Value i:type="a:ArrayOfdouble" xmlns:a="http://schemas.microsoft.com/2003/10/Serialization/Arrays"><a:double>0</a:double><a:double>0</a:double><a:double>0</a:double></Value></Attribute></Attributes><ChildElements/><ElementName>origin</ElementName><required>false</required><RPYAttribute z:Ref="i207"/><XYZAttribute z:Ref="i206"/><isCustomized>false</isCustomized></URDFElement><URDFElement z:Id="i208" i:type="Mass"><Attributes><Attribute z:Id="i209"><AttributeType>value</AttributeType><IsRequired>true</IsRequired><Value i:type="a:double" xmlns:a="http://www.w3.org/2001/XMLSchema">0.22012987304452508</Value></Attribute></Attributes><ChildElements/><ElementName>mass</ElementName><required>false</required><ValueAttribute z:Ref="i209"/></URDFElement><URDFElement z:Id="i210" i:type="Inertia"><Attributes><Attribute z:Id="i211"><AttributeType>ixx</AttributeType><IsRequired>true</IsRequired><Value i:type="a:double" xmlns:a="http://www.w3.org/2001/XMLSchema">0.00050033341724740085</Value></Attribute><Attribute z:Id="i212"><AttributeType>ixy</AttributeType><IsRequired>true</IsRequired><Value i:type="a:double" xmlns:a="http://www.w3.org/2001/XMLSchema">-2.71815321277087E-06</Value></Attribute><Attribute z:Id="i213"><AttributeType>ixz</AttributeType><IsRequired>true</IsRequired><Value i:type="a:double" xmlns:a="http://www.w3.org/2001/XMLSchema">-5.7174723939665273E-21</Value></Attribute><Attribute z:Id="i214"><AttributeType>iyy</AttributeType><IsRequired>true</IsRequired><Value i:type="a:double" xmlns:a="http://www.w3.org/2001/XMLSchema">5.5998922418015778E-05</Value></Attribute><Attribute z:Id="i215"><AttributeType>iyz</AttributeType><IsRequired>true</IsRequired><Value i:type="a:double" xmlns:a="http://www.w3.org/2001/XMLSchema">1.0977546996415732E-18</Value></Attribute><Attribute z:Id="i216"><AttributeType>izz</AttributeType><IsRequired>true</IsRequired><Value i:type="a:double" xmlns:a="http://www.w3.org/2001/XMLSchema">0.00049943663709032745</Value></Attribute></Attributes><ChildElements/><ElementName>inertia</ElementName><required>false</required><IxxAttribute z:Ref="i211"/><IxyAttribute z:Ref="i212"/><IxzAttribute z:Ref="i213"/><IyyAttribute z:Ref="i214"/><IyzAttribute z:Ref="i215"/><IzzAttribute z:Ref="i216"/></URDFElement></ChildElements><ElementName>inertial</ElementName><required>false</required><Inertia z:Ref="i210"/><Mass z:Ref="i208"/><Origin z:Ref="i205"/></URDFElement><URDFElement z:Id="i217" i:type="Visual"><Attributes/><ChildElements><URDFElement z:Id="i218" i:type="Origin"><Attributes><Attribute z:Id="i219"><AttributeType>xyz</AttributeType><IsRequired>true</IsRequired><Value i:type="a:ArrayOfdouble" xmlns:a="http://schemas.microsoft.com/2003/10/Serialization/Arrays"><a:double>0</a:double><a:double>0</a:double><a:double>0</a:double></Value></Attribute><Attribute z:Id="i220"><AttributeType>rpy</AttributeType><IsRequired>true</IsRequired><Value i:type="a:ArrayOfdouble" xmlns:a="http://schemas.microsoft.com/2003/10/Serialization/Arrays"><a:double>0</a:double><a:double>0</a:double><a:double>0</a:double></Value></Attribute></Attributes><ChildElements/><ElementName>origin</ElementName><required>false</required><RPYAttribute z:Ref="i220"/><XYZAttribute z:Ref="i219"/><isCustomized>false</isCustomized></URDFElement><URDFElement z:Id="i221" i:type="Geometry"><Attributes/><ChildElements><URDFElement z:Id="i222" i:type="Mesh"><Attributes><Attribute z:Id="i223"><AttributeType>filename</AttributeType><IsRequired>true</IsRequired><Value i:nil="true"/></Attribute></Attributes><ChildElements/><ElementName>mesh</ElementName><required>false</required><FilenameAttribute z:Ref="i223"/></URDFElement></ChildElements><ElementName>geometry</ElementName><required>true</required><Mesh z:Ref="i222"/></URDFElement><URDFElement z:Id="i224" i:type="Material"><Attributes><Attribute z:Id="i225"><AttributeType>name</AttributeType><IsRequired>true</IsRequired><Value i:type="a:string" xmlns:a="http://www.w3.org/2001/XMLSchema"/></Attribute></Attributes><ChildElements><URDFElement z:Id="i226" i:type="Color"><Attributes><Attribute z:Id="i227"><AttributeType>rgba</AttributeType><IsRequired>true</IsRequired><Value i:type="a:ArrayOfdouble" xmlns:a="http://schemas.microsoft.com/2003/10/Serialization/Arrays"><a:double>0.792156862745098</a:double><a:double>0.81960784313725488</a:double><a:double>0.93333333333333335</a:double><a:double>1</a:double></Value></Attribute></Attributes><ChildElements/><ElementName>color</ElementName><required>false</required><RGBAAttribute z:Ref="i227"/></URDFElement><URDFElement z:Id="i228" i:type="Texture"><Attributes><Attribute z:Id="i229"><AttributeType>filename</AttributeType><IsRequired>true</IsRequired><Value i:nil="true"/></Attribute></Attributes><ChildElements/><ElementName>texture</ElementName><required>false</required><FilenameAttribute z:Ref="i229"/><wFilename/></URDFElement></ChildElements><ElementName>material</ElementName><required>false</required><Color z:Ref="i226"/><NameAttribute z:Ref="i225"/><Texture z:Ref="i228"/></URDFElement></ChildElements><ElementName>visual</ElementName><required>false</required><Geometry z:Ref="i221"/><Material z:Ref="i224"/><Origin z:Ref="i218"/></URDFElement><URDFElement z:Id="i230" i:type="Collision"><Attributes/><ChildElements><URDFElement z:Id="i231" i:type="Origin"><Attributes><Attribute z:Id="i232"><AttributeType>xyz</AttributeType><IsRequired>true</IsRequired><Value i:type="a:ArrayOfdouble" xmlns:a="http://schemas.microsoft.com/2003/10/Serialization/Arrays"><a:double>0</a:double><a:double>0</a:double><a:double>0</a:double></Value></Attribute><Attribute z:Id="i233"><AttributeType>rpy</AttributeType><IsRequired>true</IsRequired><Value i:type="a:ArrayOfdouble" xmlns:a="http://schemas.microsoft.com/2003/10/Serialization/Arrays"><a:double>0</a:double><a:double>0</a:double><a:double>0</a:double></Value></Attribute></Attributes><ChildElements/><ElementName>origin</ElementName><required>false</required><RPYAttribute z:Ref="i233"/><XYZAttribute z:Ref="i232"/><isCustomized>false</isCustomized></URDFElement><URDFElement z:Id="i234" i:type="Geometry"><Attributes/><ChildElements><URDFElement z:Id="i235" i:type="Mesh"><Attributes><Attribute z:Id="i236"><AttributeType>filename</AttributeType><IsRequired>true</IsRequired><Value i:nil="true"/></Attribute></Attributes><ChildElements/><ElementName>mesh</ElementName><required>false</required><FilenameAttribute z:Ref="i236"/></URDFElement></ChildElements><ElementName>geometry</ElementName><required>true</required><Mesh z:Ref="i235"/></URDFElement></ChildElements><ElementName>collision</ElementName><required>false</required><Geometry z:Ref="i234"/><Origin z:Ref="i231"/></URDFElement><URDFElement z:Id="i237" i:type="Joint"><Attributes><Attribute z:Id="i238"><AttributeType>name</AttributeType><IsRequired>true</IsRequired><Value i:type="a:string" xmlns:a="http://www.w3.org/2001/XMLSchema">LFknee</Value></Attribute><Attribute z:Id="i239"><AttributeType>type</AttributeType><IsRequired>true</IsRequired><Value i:type="a:string" xmlns:a="http://www.w3.org/2001/XMLSchema">revolute</Value></Attribute></Attributes><ChildElements><URDFElement z:Id="i240" i:type="Origin"><Attributes><Attribute z:Id="i241"><AttributeType>xyz</AttributeType><IsRequired>true</IsRequired><Value i:type="a:ArrayOfdouble" xmlns:a="http://schemas.microsoft.com/2003/10/Serialization/Arrays"><a:double>-0.0098017085373102164</a:double><a:double>-0.1347704822805631</a:double><a:double>-0.0041466409553598815</a:double></Value></Attribute><Attribute z:Id="i242"><AttributeType>rpy</AttributeType><IsRequired>true</IsRequired><Value i:type="a:ArrayOfdouble" xmlns:a="http://schemas.microsoft.com/2003/10/Serialization/Arrays"><a:double>1.0916284405023646</a:double><a:double>-0.012281032998768334</a:double><a:double>0.0063804086168105017</a:double></Value></Attribute></Attributes><ChildElements/><ElementName>origin</ElementName><required>false</required><RPYAttribute z:Ref="i242"/><XYZAttribute z:Ref="i241"/><isCustomized>false</isCustomized></URDFElement><URDFElement z:Id="i243" i:type="ParentLink"><Attributes><Attribute z:Id="i244"><AttributeType>link</AttributeType><IsRequired>true</IsRequired><Value i:type="a:string" xmlns:a="http://www.w3.org/2001/XMLSchema">LFthigh</Value></Attribute></Attributes><ChildElements/><ElementName>parent</ElementName><required>true</required><NameAttribute z:Ref="i244"/></URDFElement><URDFElement z:Id="i245" i:type="ChildLink"><Attributes><Attribute z:Id="i246"><AttributeType>link</AttributeType><IsRequired>true</IsRequired><Value i:type="a:string" xmlns:a="http://www.w3.org/2001/XMLSchema">LFcalf</Value></Attribute></Attributes><ChildElements/><ElementName>child</ElementName><required>true</required><NameAttribute z:Ref="i246"/></URDFElement><URDFElement z:Id="i247" i:type="Axis"><Attributes><Attribute z:Id="i248"><AttributeType>xyz</AttributeType><IsRequired>true</IsRequired><Value i:type="a:ArrayOfdouble" xmlns:a="http://schemas.microsoft.com/2003/10/Serialization/Arrays"><a:double>0.999904235859026</a:double><a:double>-0.013839043000754466</a:double><a:double>0</a:double></Value></Attribute></Attributes><ChildElements/><ElementName>axis</ElementName><required>false</required><XYZAttribute z:Ref="i248"/></URDFElement><URDFElement z:Id="i249" i:type="Limit"><Attributes><Attribute z:Id="i250"><AttributeType>lower</AttributeType><IsRequired>true</IsRequired><Value i:type="a:double" xmlns:a="http://www.w3.org/2001/XMLSchema">0</Value></Attribute><Attribute z:Id="i251"><AttributeType>upper</AttributeType><IsRequired>true</IsRequired><Value i:type="a:double" xmlns:a="http://www.w3.org/2001/XMLSchema">6.2832</Value></Attribute><Attribute z:Id="i252"><AttributeType>effort</AttributeType><IsRequired>true</IsRequired><Value i:type="a:double" xmlns:a="http://www.w3.org/2001/XMLSchema">100</Value></Attribute><Attribute z:Id="i253"><AttributeType>velocity</AttributeType><IsRequired>true</IsRequired><Value i:type="a:double" xmlns:a="http://www.w3.org/2001/XMLSchema">2</Value></Attribute></Attributes><ChildElements/><ElementName>limit</ElementName><required>true</required><EffortAttribute z:Ref="i252"/><LowerAttribute z:Ref="i250"/><UpperAttribute z:Ref="i251"/><VelocityAttribute z:Ref="i253"/></URDFElement><URDFElement z:Id="i254" i:type="Calibration"><Attributes><Attribute z:Id="i255"><AttributeType>rising</AttributeType><IsRequired>false</IsRequired><Value i:nil="true"/></Attribute><Attribute z:Id="i256"><AttributeType>falling</AttributeType><IsRequired>false</IsRequired><Value i:nil="true"/></Attribute></Attributes><ChildElements/><ElementName>calibration</ElementName><required>false</required><FallingAttribute z:Ref="i256"/><RisingAttribute z:Ref="i255"/></URDFElement><URDFElement z:Id="i257" i:type="Dynamics"><Attributes><Attribute z:Id="i258"><AttributeType>damping</AttributeType><IsRequired>false</IsRequired><Value i:nil="true"/></Attribute><Attribute z:Id="i259"><AttributeType>friction</AttributeType><IsRequired>false</IsRequired><Value i:nil="true"/></Attribute></Attributes><ChildElements/><ElementName>dynamics</ElementName><required>false</required><DampingAttribute z:Ref="i258"/><FrictionAttribute z:Ref="i259"/></URDFElement><URDFElement z:Id="i260" i:type="SafetyController"><Attributes><Attribute z:Id="i261"><AttributeType>soft_upper_limit</AttributeType><IsRequired>false</IsRequired><Value i:nil="true"/></Attribute><Attribute z:Id="i262"><AttributeType>soft_lower_limit</AttributeType><IsRequired>false</IsRequired><Value i:nil="true"/></Attribute><Attribute z:Id="i263"><AttributeType>k_position</AttributeType><IsRequired>false</IsRequired><Value i:nil="true"/></Attribute><Attribute z:Id="i264"><AttributeType>k_velocity</AttributeType><IsRequired>true</IsRequired><Value i:nil="true"/></Attribute></Attributes><ChildElements/><ElementName>safety_controller</ElementName><required>false</required><KPositionAttribute z:Ref="i263"/><KVelocityAttribute z:Ref="i264"/><SoftLowerAttribute z:Ref="i262"/><SoftUpperAttribute z:Ref="i261"/></URDFElement><URDFElement z:Id="i265" i:type="Mimic"><Attributes><Attribute z:Id="i266"><AttributeType>joint</AttributeType><IsRequired>true</IsRequired><Value i:nil="true"/></Attribute><Attribute z:Id="i267"><AttributeType>multiplier</AttributeType><IsRequired>false</IsRequired><Value i:nil="true"/></Attribute><Attribute z:Id="i268"><AttributeType>offset</AttributeType><IsRequired>false</IsRequired><Value i:nil="true"/></Attribute></Attributes><ChildElements/><ElementName>mimic</ElementName><required>false</required><JointNameAttribute z:Ref="i266"/><MultiplierAttribute z:Ref="i267"/><OffsetAttribute z:Ref="i268"/></URDFElement></ChildElements><ElementName>joint</ElementName><required>false</required><Axis z:Ref="i247"/><AxisName>left_front1_knee_axis</AxisName><Calibration z:Ref="i254"/><Child z:Ref="i245"/><CoordinateSystemName>LF_knee_CS</CoordinateSystemName><Dynamics z:Ref="i257"/><Limit z:Ref="i249"/><Mimic z:Ref="i265"/><NameAttribute z:Ref="i238"/><Origin z:Ref="i240"/><Parent z:Ref="i243"/><Safety z:Ref="i260"/><TypeAttribute z:Ref="i239"/></URDFElement></ChildElements><ElementName>link</ElementName><required>true</required><Children/><Collision z:Ref="i230"/><Inertial z:Ref="i204"/><Joint z:Ref="i237"/><NameAttribute z:Ref="i203"/><Parent z:Ref="i135"/><STLQualityFine>false</STLQualityFine><SWComponentPIDs xmlns:a="http://schemas.microsoft.com/2003/10/Serialization/Arrays"><a:base64Binary>UEYAAAUAAAD//v8hTABlAGcALQAzAEAAYgBvAGQAeQAgAHAAawAvAE4ARQBXACAATABPAFcARQBSACAATABFAEcALQAxAEAATABlAGcABAAAABAAAAABAAAAAgAAADIGAABHAAAA</a:base64Binary><a:base64Binary>UEYAAAUAAAD//v8fTABlAGcALQAzAEAAYgBvAGQAeQAgAHAAawAvAGwAbwB3AGUAcgAgAGwAZQBnACAAMgAtADEAQABMAGUAZwAEAAAAEAAAAAEAAAACAAAAMgYAAEYAAAA=</a:base64Binary></SWComponentPIDs><SWMainComponentPID i:nil="true"/><Visual z:Ref="i217"/><isFixedFrame>false</isFixedFrame><isIncomplete>false</isIncomplete></Link></Children><Collision z:Ref="i163"/><Inertial z:Ref="i137"/><Joint z:Ref="i170"/><NameAttribute z:Ref="i136"/><Parent z:Ref="i68"/><STLQualityFine>false</STLQualityFine><SWComponentPIDs xmlns:a="http://schemas.microsoft.com/2003/10/Serialization/Arrays"><a:base64Binary>UEYAAAUAAAD//v8aTABlAGcALQAzAEAAYgBvAGQAeQAgAHAAawAvAHUAcAAgAGwAZQBnAC0AMQBAAEwAZQBnAAQAAAAQAAAAAQAAAAIAAAAyBgAAPgAAAA==</a:base64Binary></SWComponentPIDs><SWMainComponentPID i:nil="true"/><Visual z:Ref="i150"/><isFixedFrame>false</isFixedFrame><isIncomplete>false</isIncomplete></Link></Children><Collision z:Ref="i96"/><Inertial z:Ref="i70"/><Joint z:Ref="i103"/><NameAttribute z:Ref="i69"/><Parent z:Ref="i1"/><STLQualityFine>false</STLQualityFine><SWComponentPIDs xmlns:a="http://schemas.microsoft.com/2003/10/Serialization/Arrays"><a:base64Binary>UEYAAAUAAAD//v81TABlAGcALQAzAEAAYgBvAGQAeQAgAHAAawAvAHMAaABvAHUAbABkAGUAcgAtADEAQABMAGUAZwAvAHMAaABvAHUAbABkAGUAcgAgAHAAYQByAHQALQAxAEAAcwBoAG8AdQBsAGQAZQByAAQAAAAQAAAAAQAAAAMAAAAyBgAAGAAAAB4AAAA=</a:base64Binary></SWComponentPIDs><SWMainComponentPID i:nil="true"/><Visual z:Ref="i83"/><isFixedFrame>false</isFixedFrame><isIncomplete>false</isIncomplete></Link><Link z:Id="i269"><Attributes><Attribute z:Id="i270"><AttributeType>name</AttributeType><IsRequired>true</IsRequired><Value i:type="a:string" xmlns:a="http://www.w3.org/2001/XMLSchema">LRshoulder</Value></Attribute></Attributes><ChildElements><URDFElement z:Id="i271" i:type="Inertial"><Attributes/><ChildElements><URDFElement z:Id="i272" i:type="Origin"><Attributes><Attribute z:Id="i273"><AttributeType>xyz</AttributeType><IsRequired>true</IsRequired><Value i:type="a:ArrayOfdouble" xmlns:a="http://schemas.microsoft.com/2003/10/Serialization/Arrays"><a:double>0.0069792314079765161</a:double><a:double>0.0012054493771359587</a:double><a:double>-0.053004471651077134</a:double></Value></Attribute><Attribute z:Id="i274"><AttributeType>rpy</AttributeType><IsRequired>true</IsRequired><Value i:type="a:ArrayOfdouble" xmlns:a="http://schemas.microsoft.com/2003/10/Serialization/Arrays"><a:double>0</a:double><a:double>0</a:double><a:double>0</a:double></Value></Attribute></Attributes><ChildElements/><ElementName>origin</ElementName><required>false</required><RPYAttribute z:Ref="i274"/><XYZAttribute z:Ref="i273"/><isCustomized>false</isCustomized></URDFElement><URDFElement z:Id="i275" i:type="Mass"><Attributes><Attribute z:Id="i276"><AttributeType>value</AttributeType><IsRequired>true</IsRequired><Value i:type="a:double" xmlns:a="http://www.w3.org/2001/XMLSchema">0.10711326009938971</Value></Attribute></Attributes><ChildElements/><ElementName>mass</ElementName><required>false</required><ValueAttribute z:Ref="i276"/></URDFElement><URDFElement z:Id="i277" i:type="Inertia"><Attributes><Attribute z:Id="i278"><AttributeType>ixx</AttributeType><IsRequired>true</IsRequired><Value i:type="a:double" xmlns:a="http://www.w3.org/2001/XMLSchema">5.1818384581595835E-05</Value></Attribute><Attribute z:Id="i279"><AttributeType>ixy</AttributeType><IsRequired>true</IsRequired><Value i:type="a:double" xmlns:a="http://www.w3.org/2001/XMLSchema">2.9074698977896758E-06</Value></Attribute><Attribute z:Id="i280"><AttributeType>ixz</AttributeType><IsRequired>true</IsRequired><Value i:type="a:double" xmlns:a="http://www.w3.org/2001/XMLSchema">-2.7636485615491175E-06</Value></Attribute><Attribute z:Id="i281"><AttributeType>iyy</AttributeType><IsRequired>true</IsRequired><Value i:type="a:double" xmlns:a="http://www.w3.org/2001/XMLSchema">3.9028177781963352E-05</Value></Attribute><Attribute z:Id="i282"><AttributeType>iyz</AttributeType><IsRequired>true</IsRequired><Value i:type="a:double" xmlns:a="http://www.w3.org/2001/XMLSchema">-2.5578413878064836E-06</Value></Attribute><Attribute z:Id="i283"><AttributeType>izz</AttributeType><IsRequired>true</IsRequired><Value i:type="a:double" xmlns:a="http://www.w3.org/2001/XMLSchema">4.7122913523720537E-05</Value></Attribute></Attributes><ChildElements/><ElementName>inertia</ElementName><required>false</required><IxxAttribute z:Ref="i278"/><IxyAttribute z:Ref="i279"/><IxzAttribute z:Ref="i280"/><IyyAttribute z:Ref="i281"/><IyzAttribute z:Ref="i282"/><IzzAttribute z:Ref="i283"/></URDFElement></ChildElements><ElementName>inertial</ElementName><required>false</required><Inertia z:Ref="i277"/><Mass z:Ref="i275"/><Origin z:Ref="i272"/></URDFElement><URDFElement z:Id="i284" i:type="Visual"><Attributes/><ChildElements><URDFElement z:Id="i285" i:type="Origin"><Attributes><Attribute z:Id="i286"><AttributeType>xyz</AttributeType><IsRequired>true</IsRequired><Value i:type="a:ArrayOfdouble" xmlns:a="http://schemas.microsoft.com/2003/10/Serialization/Arrays"><a:double>0</a:double><a:double>0</a:double><a:double>0</a:double></Value></Attribute><Attribute z:Id="i287"><AttributeType>rpy</AttributeType><IsRequired>true</IsRequired><Value i:type="a:ArrayOfdouble" xmlns:a="http://schemas.microsoft.com/2003/10/Serialization/Arrays"><a:double>0</a:double><a:double>0</a:double><a:double>0</a:double></Value></Attribute></Attributes><ChildElements/><ElementName>origin</ElementName><required>false</required><RPYAttribute z:Ref="i287"/><XYZAttribute z:Ref="i286"/><isCustomized>false</isCustomized></URDFElement><URDFElement z:Id="i288" i:type="Geometry"><Attributes/><ChildElements><URDFElement z:Id="i289" i:type="Mesh"><Attributes><Attribute z:Id="i290"><AttributeType>filename</AttributeType><IsRequired>true</IsRequired><Value i:nil="true"/></Attribute></Attributes><ChildElements/><ElementName>mesh</ElementName><required>false</required><FilenameAttribute z:Ref="i290"/></URDFElement></ChildElements><ElementName>geometry</ElementName><required>true</required><Mesh z:Ref="i289"/></URDFElement><URDFElement z:Id="i291" i:type="Material"><Attributes><Attribute z:Id="i292"><AttributeType>name</AttributeType><IsRequired>true</IsRequired><Value i:type="a:string" xmlns:a="http://www.w3.org/2001/XMLSchema"/></Attribute></Attributes><ChildElements><URDFElement z:Id="i293" i:type="Color"><Attributes><Attribute z:Id="i294"><AttributeType>rgba</AttributeType><IsRequired>true</IsRequired><Value i:type="a:ArrayOfdouble" xmlns:a="http://schemas.microsoft.com/2003/10/Serialization/Arrays"><a:double>0.62745098039215685</a:double><a:double>0.62745098039215685</a:double><a:double>0.62745098039215685</a:double><a:double>1</a:double></Value></Attribute></Attributes><ChildElements/><ElementName>color</ElementName><required>false</required><RGBAAttribute z:Ref="i294"/></URDFElement><URDFElement z:Id="i295" i:type="Texture"><Attributes><Attribute z:Id="i296"><AttributeType>filename</AttributeType><IsRequired>true</IsRequired><Value i:nil="true"/></Attribute></Attributes><ChildElements/><ElementName>texture</ElementName><required>false</required><FilenameAttribute z:Ref="i296"/><wFilename/></URDFElement></ChildElements><ElementName>material</ElementName><required>false</required><Color z:Ref="i293"/><NameAttribute z:Ref="i292"/><Texture z:Ref="i295"/></URDFElement></ChildElements><ElementName>visual</ElementName><required>false</required><Geometry z:Ref="i288"/><Material z:Ref="i291"/><Origin z:Ref="i285"/></URDFElement><URDFElement z:Id="i297" i:type="Collision"><Attributes/><ChildElements><URDFElement z:Id="i298" i:type="Origin"><Attributes><Attribute z:Id="i299"><AttributeType>xyz</AttributeType><IsRequired>true</IsRequired><Value i:type="a:ArrayOfdouble" xmlns:a="http://schemas.microsoft.com/2003/10/Serialization/Arrays"><a:double>0</a:double><a:double>0</a:double><a:double>0</a:double></Value></Attribute><Attribute z:Id="i300"><AttributeType>rpy</AttributeType><IsRequired>true</IsRequired><Value i:type="a:ArrayOfdouble" xmlns:a="http://schemas.microsoft.com/2003/10/Serialization/Arrays"><a:double>0</a:double><a:double>0</a:double><a:double>0</a:double></Value></Attribute></Attributes><ChildElements/><ElementName>origin</ElementName><required>false</required><RPYAttribute z:Ref="i300"/><XYZAttribute z:Ref="i299"/><isCustomized>false</isCustomized></URDFElement><URDFElement z:Id="i301" i:type="Geometry"><Attributes/><ChildElements><URDFElement z:Id="i302" i:type="Mesh"><Attributes><Attribute z:Id="i303"><AttributeType>filename</AttributeType><IsRequired>true</IsRequired><Value i:nil="true"/></Attribute></Attributes><ChildElements/><ElementName>mesh</ElementName><required>false</required><FilenameAttribute z:Ref="i303"/></URDFElement></ChildElements><ElementName>geometry</ElementName><required>true</required><Mesh z:Ref="i302"/></URDFElement></ChildElements><ElementName>collision</ElementName><required>false</required><Geometry z:Ref="i301"/><Origin z:Ref="i298"/></URDFElement><URDFElement z:Id="i304" i:type="Joint"><Attributes><Attribute z:Id="i305"><AttributeType>name</AttributeType><IsRequired>true</IsRequired><Value i:type="a:string" xmlns:a="http://www.w3.org/2001/XMLSchema">LRshoulder1</Value></Attribute><Attribute z:Id="i306"><AttributeType>type</AttributeType><IsRequired>true</IsRequired><Value i:type="a:string" xmlns:a="http://www.w3.org/2001/XMLSchema">revolute</Value></Attribute></Attributes><ChildElements><URDFElement z:Id="i307" i:type="Origin"><Attributes><Attribute z:Id="i308"><AttributeType>xyz</AttributeType><IsRequired>true</IsRequired><Value i:type="a:ArrayOfdouble" xmlns:a="http://schemas.microsoft.com/2003/10/Serialization/Arrays"><a:double>0.57094590083093666</a:double><a:double>-1.6026782718737087</a:double><a:double>0.93502698245374449</a:double></Value></Attribute><Attribute z:Id="i309"><AttributeType>rpy</AttributeType><IsRequired>true</IsRequired><Value i:type="a:ArrayOfdouble" xmlns:a="http://schemas.microsoft.com/2003/10/Serialization/Arrays"><a:double>1.5707963267948963</a:double><a:double>0.040017443041471437</a:double><a:double>0</a:double></Value></Attribute></Attributes><ChildElements/><ElementName>origin</ElementName><required>false</required><RPYAttribute z:Ref="i309"/><XYZAttribute z:Ref="i308"/><isCustomized>false</isCustomized></URDFElement><URDFElement z:Id="i310" i:type="ParentLink"><Attributes><Attribute z:Id="i311"><AttributeType>link</AttributeType><IsRequired>true</IsRequired><Value i:type="a:string" xmlns:a="http://www.w3.org/2001/XMLSchema">Body</Value></Attribute></Attributes><ChildElements/><ElementName>parent</ElementName><required>true</required><NameAttribute z:Ref="i311"/></URDFElement><URDFElement z:Id="i312" i:type="ChildLink"><Attributes><Attribute z:Id="i313"><AttributeType>link</AttributeType><IsRequired>true</IsRequired><Value i:type="a:string" xmlns:a="http://www.w3.org/2001/XMLSchema">LRshoulder</Value></Attribute></Attributes><ChildElements/><ElementName>child</ElementName><required>true</required><NameAttribute z:Ref="i313"/></URDFElement><URDFElement z:Id="i314" i:type="Axis"><Attributes><Attribute z:Id="i315"><AttributeType>xyz</AttributeType><IsRequired>true</IsRequired><Value i:type="a:ArrayOfdouble" xmlns:a="http://schemas.microsoft.com/2003/10/Serialization/Arrays"><a:double>0</a:double><a:double>0</a:double><a:double>1</a:double></Value></Attribute></Attributes><ChildElements/><ElementName>axis</ElementName><required>false</required><XYZAttribute z:Ref="i315"/></URDFElement><URDFElement z:Id="i316" i:type="Limit"><Attributes><Attribute z:Id="i317"><AttributeType>lower</AttributeType><IsRequired>true</IsRequired><Value i:type="a:double" xmlns:a="http://www.w3.org/2001/XMLSchema">0</Value></Attribute><Attribute z:Id="i318"><AttributeType>upper</AttributeType><IsRequired>true</IsRequired><Value i:type="a:double" xmlns:a="http://www.w3.org/2001/XMLSchema">6.2832</Value></Attribute><Attribute z:Id="i319"><AttributeType>effort</AttributeType><IsRequired>true</IsRequired><Value i:type="a:double" xmlns:a="http://www.w3.org/2001/XMLSchema">100</Value></Attribute><Attribute z:Id="i320"><AttributeType>velocity</AttributeType><IsRequired>true</IsRequired><Value i:type="a:double" xmlns:a="http://www.w3.org/2001/XMLSchema">2</Value></Attribute></Attributes><ChildElements/><ElementName>limit</ElementName><required>true</required><EffortAttribute z:Ref="i319"/><LowerAttribute z:Ref="i317"/><UpperAttribute z:Ref="i318"/><VelocityAttribute z:Ref="i320"/></URDFElement><URDFElement z:Id="i321" i:type="Calibration"><Attributes><Attribute z:Id="i322"><AttributeType>rising</AttributeType><IsRequired>false</IsRequired><Value i:nil="true"/></Attribute><Attribute z:Id="i323"><AttributeType>falling</AttributeType><IsRequired>false</IsRequired><Value i:nil="true"/></Attribute></Attributes><ChildElements/><ElementName>calibration</ElementName><required>false</required><FallingAttribute z:Ref="i323"/><RisingAttribute z:Ref="i322"/></URDFElement><URDFElement z:Id="i324" i:type="Dynamics"><Attributes><Attribute z:Id="i325"><AttributeType>damping</AttributeType><IsRequired>false</IsRequired><Value i:nil="true"/></Attribute><Attribute z:Id="i326"><AttributeType>friction</AttributeType><IsRequired>false</IsRequired><Value i:nil="true"/></Attribute></Attributes><ChildElements/><ElementName>dynamics</ElementName><required>false</required><DampingAttribute z:Ref="i325"/><FrictionAttribute z:Ref="i326"/></URDFElement><URDFElement z:Id="i327" i:type="SafetyController"><Attributes><Attribute z:Id="i328"><AttributeType>soft_upper_limit</AttributeType><IsRequired>false</IsRequired><Value i:nil="true"/></Attribute><Attribute z:Id="i329"><AttributeType>soft_lower_limit</AttributeType><IsRequired>false</IsRequired><Value i:nil="true"/></Attribute><Attribute z:Id="i330"><AttributeType>k_position</AttributeType><IsRequired>false</IsRequired><Value i:nil="true"/></Attribute><Attribute z:Id="i331"><AttributeType>k_velocity</AttributeType><IsRequired>true</IsRequired><Value i:nil="true"/></Attribute></Attributes><ChildElements/><ElementName>safety_controller</ElementName><required>false</required><KPositionAttribute z:Ref="i330"/><KVelocityAttribute z:Ref="i331"/><SoftLowerAttribute z:Ref="i329"/><SoftUpperAttribute z:Ref="i328"/></URDFElement><URDFElement z:Id="i332" i:type="Mimic"><Attributes><Attribute z:Id="i333"><AttributeType>joint</AttributeType><IsRequired>true</IsRequired><Value i:nil="true"/></Attribute><Attribute z:Id="i334"><AttributeType>multiplier</AttributeType><IsRequired>false</IsRequired><Value i:nil="true"/></Attribute><Attribute z:Id="i335"><AttributeType>offset</AttributeType><IsRequired>false</IsRequired><Value i:nil="true"/></Attribute></Attributes><ChildElements/><ElementName>mimic</ElementName><required>false</required><JointNameAttribute z:Ref="i333"/><MultiplierAttribute z:Ref="i334"/><OffsetAttribute z:Ref="i335"/></URDFElement></ChildElements><ElementName>joint</ElementName><required>false</required><Axis z:Ref="i314"/><AxisName>LR_shoulder1_axis</AxisName><Calibration z:Ref="i321"/><Child z:Ref="i312"/><CoordinateSystemName>LR_shoulder1_CS</CoordinateSystemName><Dynamics z:Ref="i324"/><Limit z:Ref="i316"/><Mimic z:Ref="i332"/><NameAttribute z:Ref="i305"/><Origin z:Ref="i307"/><Parent z:Ref="i310"/><Safety z:Ref="i327"/><TypeAttribute z:Ref="i306"/></URDFElement></ChildElements><ElementName>link</ElementName><required>true</required><Children><Link z:Id="i336"><Attributes><Attribute z:Id="i337"><AttributeType>name</AttributeType><IsRequired>true</IsRequired><Value i:type="a:string" xmlns:a="http://www.w3.org/2001/XMLSchema">LRthigh</Value></Attribute></Attributes><ChildElements><URDFElement z:Id="i338" i:type="Inertial"><Attributes/><ChildElements><URDFElement z:Id="i339" i:type="Origin"><Attributes><Attribute z:Id="i340"><AttributeType>xyz</AttributeType><IsRequired>true</IsRequired><Value i:type="a:ArrayOfdouble" xmlns:a="http://schemas.microsoft.com/2003/10/Serialization/Arrays"><a:double>0.025448581000379944</a:double><a:double>-0.056027215176005507</a:double><a:double>0.001176501524164042</a:double></Value></Attribute><Attribute z:Id="i341"><AttributeType>rpy</AttributeType><IsRequired>true</IsRequired><Value i:type="a:ArrayOfdouble" xmlns:a="http://schemas.microsoft.com/2003/10/Serialization/Arrays"><a:double>0</a:double><a:double>0</a:double><a:double>0</a:double></Value></Attribute></Attributes><ChildElements/><ElementName>origin</ElementName><required>false</required><RPYAttribute z:Ref="i341"/><XYZAttribute z:Ref="i340"/><isCustomized>false</isCustomized></URDFElement><URDFElement z:Id="i342" i:type="Mass"><Attributes><Attribute z:Id="i343"><AttributeType>value</AttributeType><IsRequired>true</IsRequired><Value i:type="a:double" xmlns:a="http://www.w3.org/2001/XMLSchema">0.14258506251230874</Value></Attribute></Attributes><ChildElements/><ElementName>mass</ElementName><required>false</required><ValueAttribute z:Ref="i343"/></URDFElement><URDFElement z:Id="i344" i:type="Inertia"><Attributes><Attribute z:Id="i345"><AttributeType>ixx</AttributeType><IsRequired>true</IsRequired><Value i:type="a:double" xmlns:a="http://www.w3.org/2001/XMLSchema">0.00032132013312255003</Value></Attribute><Attribute z:Id="i346"><AttributeType>ixy</AttributeType><IsRequired>true</IsRequired><Value i:type="a:double" xmlns:a="http://www.w3.org/2001/XMLSchema">-2.3067733125969738E-06</Value></Attribute><Attribute z:Id="i347"><AttributeType>ixz</AttributeType><IsRequired>true</IsRequired><Value i:type="a:double" xmlns:a="http://www.w3.org/2001/XMLSchema">1.5282721820260339E-08</Value></Attribute><Attribute z:Id="i348"><AttributeType>iyy</AttributeType><IsRequired>true</IsRequired><Value i:type="a:double" xmlns:a="http://www.w3.org/2001/XMLSchema">3.3918127466674161E-05</Value></Attribute><Attribute z:Id="i349"><AttributeType>iyz</AttributeType><IsRequired>true</IsRequired><Value i:type="a:double" xmlns:a="http://www.w3.org/2001/XMLSchema">8.1075029118682443E-06</Value></Attribute><Attribute z:Id="i350"><AttributeType>izz</AttributeType><IsRequired>true</IsRequired><Value i:type="a:double" xmlns:a="http://www.w3.org/2001/XMLSchema">0.00031628229988160943</Value></Attribute></Attributes><ChildElements/><ElementName>inertia</ElementName><required>false</required><IxxAttribute z:Ref="i345"/><IxyAttribute z:Ref="i346"/><IxzAttribute z:Ref="i347"/><IyyAttribute z:Ref="i348"/><IyzAttribute z:Ref="i349"/><IzzAttribute z:Ref="i350"/></URDFElement></ChildElements><ElementName>inertial</ElementName><required>false</required><Inertia z:Ref="i344"/><Mass z:Ref="i342"/><Origin z:Ref="i339"/></URDFElement><URDFElement z:Id="i351" i:type="Visual"><Attributes/><ChildElements><URDFElement z:Id="i352" i:type="Origin"><Attributes><Attribute z:Id="i353"><AttributeType>xyz</AttributeType><IsRequired>true</IsRequired><Value i:type="a:ArrayOfdouble" xmlns:a="http://schemas.microsoft.com/2003/10/Serialization/Arrays"><a:double>0</a:double><a:double>0</a:double><a:double>0</a:double></Value></Attribute><Attribute z:Id="i354"><AttributeType>rpy</AttributeType><IsRequired>true</IsRequired><Value i:type="a:ArrayOfdouble" xmlns:a="http://schemas.microsoft.com/2003/10/Serialization/Arrays"><a:double>0</a:double><a:double>0</a:double><a:double>0</a:double></Value></Attribute></Attributes><ChildElements/><ElementName>origin</ElementName><required>false</required><RPYAttribute z:Ref="i354"/><XYZAttribute z:Ref="i353"/><isCustomized>false</isCustomized></URDFElement><URDFElement z:Id="i355" i:type="Geometry"><Attributes/><ChildElements><URDFElement z:Id="i356" i:type="Mesh"><Attributes><Attribute z:Id="i357"><AttributeType>filename</AttributeType><IsRequired>true</IsRequired><Value i:nil="true"/></Attribute></Attributes><ChildElements/><ElementName>mesh</ElementName><required>false</required><FilenameAttribute z:Ref="i357"/></URDFElement></ChildElements><ElementName>geometry</ElementName><required>true</required><Mesh z:Ref="i356"/></URDFElement><URDFElement z:Id="i358" i:type="Material"><Attributes><Attribute z:Id="i359"><AttributeType>name</AttributeType><IsRequired>true</IsRequired><Value i:type="a:string" xmlns:a="http://www.w3.org/2001/XMLSchema"/></Attribute></Attributes><ChildElements><URDFElement z:Id="i360" i:type="Color"><Attributes><Attribute z:Id="i361"><AttributeType>rgba</AttributeType><IsRequired>true</IsRequired><Value i:type="a:ArrayOfdouble" xmlns:a="http://schemas.microsoft.com/2003/10/Serialization/Arrays"><a:double>0.792156862745098</a:double><a:double>0.81960784313725488</a:double><a:double>0.93333333333333335</a:double><a:double>1</a:double></Value></Attribute></Attributes><ChildElements/><ElementName>color</ElementName><required>false</required><RGBAAttribute z:Ref="i361"/></URDFElement><URDFElement z:Id="i362" i:type="Texture"><Attributes><Attribute z:Id="i363"><AttributeType>filename</AttributeType><IsRequired>true</IsRequired><Value i:nil="true"/></Attribute></Attributes><ChildElements/><ElementName>texture</ElementName><required>false</required><FilenameAttribute z:Ref="i363"/><wFilename/></URDFElement></ChildElements><ElementName>material</ElementName><required>false</required><Color z:Ref="i360"/><NameAttribute z:Ref="i359"/><Texture z:Ref="i362"/></URDFElement></ChildElements><ElementName>visual</ElementName><required>false</required><Geometry z:Ref="i355"/><Material z:Ref="i358"/><Origin z:Ref="i352"/></URDFElement><URDFElement z:Id="i364" i:type="Collision"><Attributes/><ChildElements><URDFElement z:Id="i365" i:type="Origin"><Attributes><Attribute z:Id="i366"><AttributeType>xyz</AttributeType><IsRequired>true</IsRequired><Value i:type="a:ArrayOfdouble" xmlns:a="http://schemas.microsoft.com/2003/10/Serialization/Arrays"><a:double>0</a:double><a:double>0</a:double><a:double>0</a:double></Value></Attribute><Attribute z:Id="i367"><AttributeType>rpy</AttributeType><IsRequired>true</IsRequired><Value i:type="a:ArrayOfdouble" xmlns:a="http://schemas.microsoft.com/2003/10/Serialization/Arrays"><a:double>0</a:double><a:double>0</a:double><a:double>0</a:double></Value></Attribute></Attributes><ChildElements/><ElementName>origin</ElementName><required>false</required><RPYAttribute z:Ref="i367"/><XYZAttribute z:Ref="i366"/><isCustomized>false</isCustomized></URDFElement><URDFElement z:Id="i368" i:type="Geometry"><Attributes/><ChildElements><URDFElement z:Id="i369" i:type="Mesh"><Attributes><Attribute z:Id="i370"><AttributeType>filename</AttributeType><IsRequired>true</IsRequired><Value i:nil="true"/></Attribute></Attributes><ChildElements/><ElementName>mesh</ElementName><required>false</required><FilenameAttribute z:Ref="i370"/></URDFElement></ChildElements><ElementName>geometry</ElementName><required>true</required><Mesh z:Ref="i369"/></URDFElement></ChildElements><ElementName>collision</ElementName><required>false</required><Geometry z:Ref="i368"/><Origin z:Ref="i365"/></URDFElement><URDFElement z:Id="i371" i:type="Joint"><Attributes><Attribute z:Id="i372"><AttributeType>name</AttributeType><IsRequired>true</IsRequired><Value i:type="a:string" xmlns:a="http://www.w3.org/2001/XMLSchema">LRshoulder</Value></Attribute><Attribute z:Id="i373"><AttributeType>type</AttributeType><IsRequired>true</IsRequired><Value i:type="a:string" xmlns:a="http://www.w3.org/2001/XMLSchema">revolute</Value></Attribute></Attributes><ChildElements><URDFElement z:Id="i374" i:type="Origin"><Attributes><Attribute z:Id="i375"><AttributeType>xyz</AttributeType><IsRequired>true</IsRequired><Value i:type="a:ArrayOfdouble" xmlns:a="http://schemas.microsoft.com/2003/10/Serialization/Arrays"><a:double>-0.030132735418954115</a:double><a:double>-0.027433000707996813</a:double><a:double>-0.054419879145494621</a:double></Value></Attribute><Attribute z:Id="i376"><AttributeType>rpy</AttributeType><IsRequired>true</IsRequired><Value i:type="a:ArrayOfdouble" xmlns:a="http://schemas.microsoft.com/2003/10/Serialization/Arrays"><a:double>-0.35188052482124133</a:double><a:double>-0.012952542989659232</a:double><a:double>0.0047555005665018092</a:double></Value></Attribute></Attributes><ChildElements/><ElementName>origin</ElementName><required>false</required><RPYAttribute z:Ref="i376"/><XYZAttribute z:Ref="i375"/><isCustomized>false</isCustomized></URDFElement><URDFElement z:Id="i377" i:type="ParentLink"><Attributes><Attribute z:Id="i378"><AttributeType>link</AttributeType><IsRequired>true</IsRequired><Value i:type="a:string" xmlns:a="http://www.w3.org/2001/XMLSchema">LRshoulder</Value></Attribute></Attributes><ChildElements/><ElementName>parent</ElementName><required>true</required><NameAttribute z:Ref="i378"/></URDFElement><URDFElement z:Id="i379" i:type="ChildLink"><Attributes><Attribute z:Id="i380"><AttributeType>link</AttributeType><IsRequired>true</IsRequired><Value i:type="a:string" xmlns:a="http://www.w3.org/2001/XMLSchema">LRthigh</Value></Attribute></Attributes><ChildElements/><ElementName>child</ElementName><required>true</required><NameAttribute z:Ref="i380"/></URDFElement><URDFElement z:Id="i381" i:type="Axis"><Attributes><Attribute z:Id="i382"><AttributeType>xyz</AttributeType><IsRequired>true</IsRequired><Value i:type="a:ArrayOfdouble" xmlns:a="http://schemas.microsoft.com/2003/10/Serialization/Arrays"><a:double>0.9999048105647903</a:double><a:double>0</a:double><a:double>-0.013797456627610147</a:double></Value></Attribute></Attributes><ChildElements/><ElementName>axis</ElementName><required>false</required><XYZAttribute z:Ref="i382"/></URDFElement><URDFElement z:Id="i383" i:type="Limit"><Attributes><Attribute z:Id="i384"><AttributeType>lower</AttributeType><IsRequired>true</IsRequired><Value i:type="a:double" xmlns:a="http://www.w3.org/2001/XMLSchema">0</Value></Attribute><Attribute z:Id="i385"><AttributeType>upper</AttributeType><IsRequired>true</IsRequired><Value i:type="a:double" xmlns:a="http://www.w3.org/2001/XMLSchema">6.2832</Value></Attribute><Attribute z:Id="i386"><AttributeType>effort</AttributeType><IsRequired>true</IsRequired><Value i:type="a:double" xmlns:a="http://www.w3.org/2001/XMLSchema">100</Value></Attribute><Attribute z:Id="i387"><AttributeType>velocity</AttributeType><IsRequired>true</IsRequired><Value i:type="a:double" xmlns:a="http://www.w3.org/2001/XMLSchema">2</Value></Attribute></Attributes><ChildElements/><ElementName>limit</ElementName><required>true</required><EffortAttribute z:Ref="i386"/><LowerAttribute z:Ref="i384"/><UpperAttribute z:Ref="i385"/><VelocityAttribute z:Ref="i387"/></URDFElement><URDFElement z:Id="i388" i:type="Calibration"><Attributes><Attribute z:Id="i389"><AttributeType>rising</AttributeType><IsRequired>false</IsRequired><Value i:nil="true"/></Attribute><Attribute z:Id="i390"><AttributeType>falling</AttributeType><IsRequired>false</IsRequired><Value i:nil="true"/></Attribute></Attributes><ChildElements/><ElementName>calibration</ElementName><required>false</required><FallingAttribute z:Ref="i390"/><RisingAttribute z:Ref="i389"/></URDFElement><URDFElement z:Id="i391" i:type="Dynamics"><Attributes><Attribute z:Id="i392"><AttributeType>damping</AttributeType><IsRequired>false</IsRequired><Value i:nil="true"/></Attribute><Attribute z:Id="i393"><AttributeType>friction</AttributeType><IsRequired>false</IsRequired><Value i:nil="true"/></Attribute></Attributes><ChildElements/><ElementName>dynamics</ElementName><required>false</required><DampingAttribute z:Ref="i392"/><FrictionAttribute z:Ref="i393"/></URDFElement><URDFElement z:Id="i394" i:type="SafetyController"><Attributes><Attribute z:Id="i395"><AttributeType>soft_upper_limit</AttributeType><IsRequired>false</IsRequired><Value i:nil="true"/></Attribute><Attribute z:Id="i396"><AttributeType>soft_lower_limit</AttributeType><IsRequired>false</IsRequired><Value i:nil="true"/></Attribute><Attribute z:Id="i397"><AttributeType>k_position</AttributeType><IsRequired>false</IsRequired><Value i:nil="true"/></Attribute><Attribute z:Id="i398"><AttributeType>k_velocity</AttributeType><IsRequired>true</IsRequired><Value i:nil="true"/></Attribute></Attributes><ChildElements/><ElementName>safety_controller</ElementName><required>false</required><KPositionAttribute z:Ref="i397"/><KVelocityAttribute z:Ref="i398"/><SoftLowerAttribute z:Ref="i396"/><SoftUpperAttribute z:Ref="i395"/></URDFElement><URDFElement z:Id="i399" i:type="Mimic"><Attributes><Attribute z:Id="i400"><AttributeType>joint</AttributeType><IsRequired>true</IsRequired><Value i:nil="true"/></Attribute><Attribute z:Id="i401"><AttributeType>multiplier</AttributeType><IsRequired>false</IsRequired><Value i:nil="true"/></Attribute><Attribute z:Id="i402"><AttributeType>offset</AttributeType><IsRequired>false</IsRequired><Value i:nil="true"/></Attribute></Attributes><ChildElements/><ElementName>mimic</ElementName><required>false</required><JointNameAttribute z:Ref="i400"/><MultiplierAttribute z:Ref="i401"/><OffsetAttribute z:Ref="i402"/></URDFElement></ChildElements><ElementName>joint</ElementName><required>false</required><Axis z:Ref="i381"/><AxisName>left1_rear1_shoulder_axis</AxisName><Calibration z:Ref="i388"/><Child z:Ref="i379"/><CoordinateSystemName>LR_shoulder_CS</CoordinateSystemName><Dynamics z:Ref="i391"/><Limit z:Ref="i383"/><Mimic z:Ref="i399"/><NameAttribute z:Ref="i372"/><Origin z:Ref="i374"/><Parent z:Ref="i377"/><Safety z:Ref="i394"/><TypeAttribute z:Ref="i373"/></URDFElement></ChildElements><ElementName>link</ElementName><required>true</required><Children><Link z:Id="i403"><Attributes><Attribute z:Id="i404"><AttributeType>name</AttributeType><IsRequired>true</IsRequired><Value i:type="a:string" xmlns:a="http://www.w3.org/2001/XMLSchema">LRcalf</Value></Attribute></Attributes><ChildElements><URDFElement z:Id="i405" i:type="Inertial"><Attributes/><ChildElements><URDFElement z:Id="i406" i:type="Origin"><Attributes><Attribute z:Id="i407"><AttributeType>xyz</AttributeType><IsRequired>true</IsRequired><Value i:type="a:ArrayOfdouble" xmlns:a="http://schemas.microsoft.com/2003/10/Serialization/Arrays"><a:double>0.03605775615440876</a:double><a:double>-0.077958462841246412</a:double><a:double>2.040485558296723E-10</a:double></Value></Attribute><Attribute z:Id="i408"><AttributeType>rpy</AttributeType><IsRequired>true</IsRequired><Value i:type="a:ArrayOfdouble" xmlns:a="http://schemas.microsoft.com/2003/10/Serialization/Arrays"><a:double>0</a:double><a:double>0</a:double><a:double>0</a:double></Value></Attribute></Attributes><ChildElements/><ElementName>origin</ElementName><required>false</required><RPYAttribute z:Ref="i408"/><XYZAttribute z:Ref="i407"/><isCustomized>false</isCustomized></URDFElement><URDFElement z:Id="i409" i:type="Mass"><Attributes><Attribute z:Id="i410"><AttributeType>value</AttributeType><IsRequired>true</IsRequired><Value i:type="a:double" xmlns:a="http://www.w3.org/2001/XMLSchema">0.22012987304452497</Value></Attribute></Attributes><ChildElements/><ElementName>mass</ElementName><required>false</required><ValueAttribute z:Ref="i410"/></URDFElement><URDFElement z:Id="i411" i:type="Inertia"><Attributes><Attribute z:Id="i412"><AttributeType>ixx</AttributeType><IsRequired>true</IsRequired><Value i:type="a:double" xmlns:a="http://www.w3.org/2001/XMLSchema">0.00049999194695153214</Value></Attribute><Attribute z:Id="i413"><AttributeType>ixy</AttributeType><IsRequired>true</IsRequired><Value i:type="a:double" xmlns:a="http://www.w3.org/2001/XMLSchema">-1.2609472088038436E-05</Value></Attribute><Attribute z:Id="i414"><AttributeType>ixz</AttributeType><IsRequired>true</IsRequired><Value i:type="a:double" xmlns:a="http://www.w3.org/2001/XMLSchema">3.6845933205562065E-20</Value></Attribute><Attribute z:Id="i415"><AttributeType>iyy</AttributeType><IsRequired>true</IsRequired><Value i:type="a:double" xmlns:a="http://www.w3.org/2001/XMLSchema">5.6340392713883988E-05</Value></Attribute><Attribute z:Id="i416"><AttributeType>iyz</AttributeType><IsRequired>true</IsRequired><Value i:type="a:double" xmlns:a="http://www.w3.org/2001/XMLSchema">2.541098841762901E-19</Value></Attribute><Attribute z:Id="i417"><AttributeType>izz</AttributeType><IsRequired>true</IsRequired><Value i:type="a:double" xmlns:a="http://www.w3.org/2001/XMLSchema">0.000499436637090327</Value></Attribute></Attributes><ChildElements/><ElementName>inertia</ElementName><required>false</required><IxxAttribute z:Ref="i412"/><IxyAttribute z:Ref="i413"/><IxzAttribute z:Ref="i414"/><IyyAttribute z:Ref="i415"/><IyzAttribute z:Ref="i416"/><IzzAttribute z:Ref="i417"/></URDFElement></ChildElements><ElementName>inertial</ElementName><required>false</required><Inertia z:Ref="i411"/><Mass z:Ref="i409"/><Origin z:Ref="i406"/></URDFElement><URDFElement z:Id="i418" i:type="Visual"><Attributes/><ChildElements><URDFElement z:Id="i419" i:type="Origin"><Attributes><Attribute z:Id="i420"><AttributeType>xyz</AttributeType><IsRequired>true</IsRequired><Value i:type="a:ArrayOfdouble" xmlns:a="http://schemas.microsoft.com/2003/10/Serialization/Arrays"><a:double>0</a:double><a:double>0</a:double><a:double>0</a:double></Value></Attribute><Attribute z:Id="i421"><AttributeType>rpy</AttributeType><IsRequired>true</IsRequired><Value i:type="a:ArrayOfdouble" xmlns:a="http://schemas.microsoft.com/2003/10/Serialization/Arrays"><a:double>0</a:double><a:double>0</a:double><a:double>0</a:double></Value></Attribute></Attributes><ChildElements/><ElementName>origin</ElementName><required>false</required><RPYAttribute z:Ref="i421"/><XYZAttribute z:Ref="i420"/><isCustomized>false</isCustomized></URDFElement><URDFElement z:Id="i422" i:type="Geometry"><Attributes/><ChildElements><URDFElement z:Id="i423" i:type="Mesh"><Attributes><Attribute z:Id="i424"><AttributeType>filename</AttributeType><IsRequired>true</IsRequired><Value i:nil="true"/></Attribute></Attributes><ChildElements/><ElementName>mesh</ElementName><required>false</required><FilenameAttribute z:Ref="i424"/></URDFElement></ChildElements><ElementName>geometry</ElementName><required>true</required><Mesh z:Ref="i423"/></URDFElement><URDFElement z:Id="i425" i:type="Material"><Attributes><Attribute z:Id="i426"><AttributeType>name</AttributeType><IsRequired>true</IsRequired><Value i:type="a:string" xmlns:a="http://www.w3.org/2001/XMLSchema"/></Attribute></Attributes><ChildElements><URDFElement z:Id="i427" i:type="Color"><Attributes><Attribute z:Id="i428"><AttributeType>rgba</AttributeType><IsRequired>true</IsRequired><Value i:type="a:ArrayOfdouble" xmlns:a="http://schemas.microsoft.com/2003/10/Serialization/Arrays"><a:double>0.792156862745098</a:double><a:double>0.81960784313725488</a:double><a:double>0.93333333333333335</a:double><a:double>1</a:double></Value></Attribute></Attributes><ChildElements/><ElementName>color</ElementName><required>false</required><RGBAAttribute z:Ref="i428"/></URDFElement><URDFElement z:Id="i429" i:type="Texture"><Attributes><Attribute z:Id="i430"><AttributeType>filename</AttributeType><IsRequired>true</IsRequired><Value i:nil="true"/></Attribute></Attributes><ChildElements/><ElementName>texture</ElementName><required>false</required><FilenameAttribute z:Ref="i430"/><wFilename/></URDFElement></ChildElements><ElementName>material</ElementName><required>false</required><Color z:Ref="i427"/><NameAttribute z:Ref="i426"/><Texture z:Ref="i429"/></URDFElement></ChildElements><ElementName>visual</ElementName><required>false</required><Geometry z:Ref="i422"/><Material z:Ref="i425"/><Origin z:Ref="i419"/></URDFElement><URDFElement z:Id="i431" i:type="Collision"><Attributes/><ChildElements><URDFElement z:Id="i432" i:type="Origin"><Attributes><Attribute z:Id="i433"><AttributeType>xyz</AttributeType><IsRequired>true</IsRequired><Value i:type="a:ArrayOfdouble" xmlns:a="http://schemas.microsoft.com/2003/10/Serialization/Arrays"><a:double>0</a:double><a:double>0</a:double><a:double>0</a:double></Value></Attribute><Attribute z:Id="i434"><AttributeType>rpy</AttributeType><IsRequired>true</IsRequired><Value i:type="a:ArrayOfdouble" xmlns:a="http://schemas.microsoft.com/2003/10/Serialization/Arrays"><a:double>0</a:double><a:double>0</a:double><a:double>0</a:double></Value></Attribute></Attributes><ChildElements/><ElementName>origin</ElementName><required>false</required><RPYAttribute z:Ref="i434"/><XYZAttribute z:Ref="i433"/><isCustomized>false</isCustomized></URDFElement><URDFElement z:Id="i435" i:type="Geometry"><Attributes/><ChildElements><URDFElement z:Id="i436" i:type="Mesh"><Attributes><Attribute z:Id="i437"><AttributeType>filename</AttributeType><IsRequired>true</IsRequired><Value i:nil="true"/></Attribute></Attributes><ChildElements/><ElementName>mesh</ElementName><required>false</required><FilenameAttribute z:Ref="i437"/></URDFElement></ChildElements><ElementName>geometry</ElementName><required>true</required><Mesh z:Ref="i436"/></URDFElement></ChildElements><ElementName>collision</ElementName><required>false</required><Geometry z:Ref="i435"/><Origin z:Ref="i432"/></URDFElement><URDFElement z:Id="i438" i:type="Joint"><Attributes><Attribute z:Id="i439"><AttributeType>name</AttributeType><IsRequired>true</IsRequired><Value i:type="a:string" xmlns:a="http://www.w3.org/2001/XMLSchema">LRknee</Value></Attribute><Attribute z:Id="i440"><AttributeType>type</AttributeType><IsRequired>true</IsRequired><Value i:type="a:string" xmlns:a="http://www.w3.org/2001/XMLSchema">revolute</Value></Attribute></Attributes><ChildElements><URDFElement z:Id="i441" i:type="Origin"><Attributes><Attribute z:Id="i442"><AttributeType>xyz</AttributeType><IsRequired>true</IsRequired><Value i:type="a:ArrayOfdouble" xmlns:a="http://schemas.microsoft.com/2003/10/Serialization/Arrays"><a:double>-0.0097543571198832613</a:double><a:double>-0.13479228305782703</a:double><a:double>0.0034992085970597664</a:double></Value></Attribute><Attribute z:Id="i443"><AttributeType>rpy</AttributeType><IsRequired>true</IsRequired><Value i:type="a:ArrayOfdouble" xmlns:a="http://schemas.microsoft.com/2003/10/Serialization/Arrays"><a:double>0.79744360791040014</a:double><a:double>-0.01204531467838079</a:double><a:double>0.025226531570967013</a:double></Value></Attribute></Attributes><ChildElements/><ElementName>origin</ElementName><required>false</required><RPYAttribute z:Ref="i443"/><XYZAttribute z:Ref="i442"/><isCustomized>false</isCustomized></URDFElement><URDFElement z:Id="i444" i:type="ParentLink"><Attributes><Attribute z:Id="i445"><AttributeType>link</AttributeType><IsRequired>true</IsRequired><Value i:type="a:string" xmlns:a="http://www.w3.org/2001/XMLSchema">LRthigh</Value></Attribute></Attributes><ChildElements/><ElementName>parent</ElementName><required>true</required><NameAttribute z:Ref="i445"/></URDFElement><URDFElement z:Id="i446" i:type="ChildLink"><Attributes><Attribute z:Id="i447"><AttributeType>link</AttributeType><IsRequired>true</IsRequired><Value i:type="a:string" xmlns:a="http://www.w3.org/2001/XMLSchema">LRcalf</Value></Attribute></Attributes><ChildElements/><ElementName>child</ElementName><required>true</required><NameAttribute z:Ref="i447"/></URDFElement><URDFElement z:Id="i448" i:type="Axis"><Attributes><Attribute z:Id="i449"><AttributeType>xyz</AttributeType><IsRequired>true</IsRequired><Value i:type="a:ArrayOfdouble" xmlns:a="http://schemas.microsoft.com/2003/10/Serialization/Arrays"><a:double>0.99934796414845928</a:double><a:double>-0.036106045924881133</a:double><a:double>0</a:double></Value></Attribute></Attributes><ChildElements/><ElementName>axis</ElementName><required>false</required><XYZAttribute z:Ref="i449"/></URDFElement><URDFElement z:Id="i450" i:type="Limit"><Attributes><Attribute z:Id="i451"><AttributeType>lower</AttributeType><IsRequired>true</IsRequired><Value i:type="a:double" xmlns:a="http://www.w3.org/2001/XMLSchema">0</Value></Attribute><Attribute z:Id="i452"><AttributeType>upper</AttributeType><IsRequired>true</IsRequired><Value i:type="a:double" xmlns:a="http://www.w3.org/2001/XMLSchema">6.2832</Value></Attribute><Attribute z:Id="i453"><AttributeType>effort</AttributeType><IsRequired>true</IsRequired><Value i:type="a:double" xmlns:a="http://www.w3.org/2001/XMLSchema">100</Value></Attribute><Attribute z:Id="i454"><AttributeType>velocity</AttributeType><IsRequired>true</IsRequired><Value i:type="a:double" xmlns:a="http://www.w3.org/2001/XMLSchema">2</Value></Attribute></Attributes><ChildElements/><ElementName>limit</ElementName><required>true</required><EffortAttribute z:Ref="i453"/><LowerAttribute z:Ref="i451"/><UpperAttribute z:Ref="i452"/><VelocityAttribute z:Ref="i454"/></URDFElement><URDFElement z:Id="i455" i:type="Calibration"><Attributes><Attribute z:Id="i456"><AttributeType>rising</AttributeType><IsRequired>false</IsRequired><Value i:nil="true"/></Attribute><Attribute z:Id="i457"><AttributeType>falling</AttributeType><IsRequired>false</IsRequired><Value i:nil="true"/></Attribute></Attributes><ChildElements/><ElementName>calibration</ElementName><required>false</required><FallingAttribute z:Ref="i457"/><RisingAttribute z:Ref="i456"/></URDFElement><URDFElement z:Id="i458" i:type="Dynamics"><Attributes><Attribute z:Id="i459"><AttributeType>damping</AttributeType><IsRequired>false</IsRequired><Value i:nil="true"/></Attribute><Attribute z:Id="i460"><AttributeType>friction</AttributeType><IsRequired>false</IsRequired><Value i:nil="true"/></Attribute></Attributes><ChildElements/><ElementName>dynamics</ElementName><required>false</required><DampingAttribute z:Ref="i459"/><FrictionAttribute z:Ref="i460"/></URDFElement><URDFElement z:Id="i461" i:type="SafetyController"><Attributes><Attribute z:Id="i462"><AttributeType>soft_upper_limit</AttributeType><IsRequired>false</IsRequired><Value i:nil="true"/></Attribute><Attribute z:Id="i463"><AttributeType>soft_lower_limit</AttributeType><IsRequired>false</IsRequired><Value i:nil="true"/></Attribute><Attribute z:Id="i464"><AttributeType>k_position</AttributeType><IsRequired>false</IsRequired><Value i:nil="true"/></Attribute><Attribute z:Id="i465"><AttributeType>k_velocity</AttributeType><IsRequired>true</IsRequired><Value i:nil="true"/></Attribute></Attributes><ChildElements/><ElementName>safety_controller</ElementName><required>false</required><KPositionAttribute z:Ref="i464"/><KVelocityAttribute z:Ref="i465"/><SoftLowerAttribute z:Ref="i463"/><SoftUpperAttribute z:Ref="i462"/></URDFElement><URDFElement z:Id="i466" i:type="Mimic"><Attributes><Attribute z:Id="i467"><AttributeType>joint</AttributeType><IsRequired>true</IsRequired><Value i:nil="true"/></Attribute><Attribute z:Id="i468"><AttributeType>multiplier</AttributeType><IsRequired>false</IsRequired><Value i:nil="true"/></Attribute><Attribute z:Id="i469"><AttributeType>offset</AttributeType><IsRequired>false</IsRequired><Value i:nil="true"/></Attribute></Attributes><ChildElements/><ElementName>mimic</ElementName><required>false</required><JointNameAttribute z:Ref="i467"/><MultiplierAttribute z:Ref="i468"/><OffsetAttribute z:Ref="i469"/></URDFElement></ChildElements><ElementName>joint</ElementName><required>false</required><Axis z:Ref="i448"/><AxisName>left_rear_knee_axis</AxisName><Calibration z:Ref="i455"/><Child z:Ref="i446"/><CoordinateSystemName>LR_knee_CS</CoordinateSystemName><Dynamics z:Ref="i458"/><Limit z:Ref="i450"/><Mimic z:Ref="i466"/><NameAttribute z:Ref="i439"/><Origin z:Ref="i441"/><Parent z:Ref="i444"/><Safety z:Ref="i461"/><TypeAttribute z:Ref="i440"/></URDFElement></ChildElements><ElementName>link</ElementName><required>true</required><Children/><Collision z:Ref="i431"/><Inertial z:Ref="i405"/><Joint z:Ref="i438"/><NameAttribute z:Ref="i404"/><Parent z:Ref="i336"/><STLQualityFine>false</STLQualityFine><SWComponentPIDs xmlns:a="http://schemas.microsoft.com/2003/10/Serialization/Arrays"><a:base64Binary>UEYAAAUAAAD//v8hTABlAGcALQA0AEAAYgBvAGQAeQAgAHAAawAvAE4ARQBXACAATABPAFcARQBSACAATABFAEcALQAxAEAATABlAGcABAAAABAAAAABAAAAAgAAAC4HAABHAAAA</a:base64Binary><a:base64Binary>UEYAAAUAAAD//v8fTABlAGcALQA0AEAAYgBvAGQAeQAgAHAAawAvAGwAbwB3AGUAcgAgAGwAZQBnACAAMgAtADEAQABMAGUAZwAEAAAAEAAAAAEAAAACAAAALgcAAEYAAAA=</a:base64Binary></SWComponentPIDs><SWMainComponentPID i:nil="true"/><Visual z:Ref="i418"/><isFixedFrame>false</isFixedFrame><isIncomplete>false</isIncomplete></Link></Children><Collision z:Ref="i364"/><Inertial z:Ref="i338"/><Joint z:Ref="i371"/><NameAttribute z:Ref="i337"/><Parent z:Ref="i269"/><STLQualityFine>false</STLQualityFine><SWComponentPIDs xmlns:a="http://schemas.microsoft.com/2003/10/Serialization/Arrays"><a:base64Binary>UEYAAAUAAAD//v8aTABlAGcALQA0AEAAYgBvAGQAeQAgAHAAawAvAHUAcAAgAGwAZQBnAC0AMQBAAEwAZQBnAAQAAAAQAAAAAQAAAAIAAAAuBwAAPgAAAA==</a:base64Binary></SWComponentPIDs><SWMainComponentPID i:nil="true"/><Visual z:Ref="i351"/><isFixedFrame>false</isFixedFrame><isIncomplete>false</isIncomplete></Link></Children><Collision z:Ref="i297"/><Inertial z:Ref="i271"/><Joint z:Ref="i304"/><NameAttribute z:Ref="i270"/><Parent z:Ref="i1"/><STLQualityFine>false</STLQualityFine><SWComponentPIDs xmlns:a="http://schemas.microsoft.com/2003/10/Serialization/Arrays"><a:base64Binary>UEYAAAUAAAD//v81TABlAGcALQA0AEAAYgBvAGQAeQAgAHAAawAvAHMAaABvAHUAbABkAGUAcgAtADEAQABMAGUAZwAvAHMAaABvAHUAbABkAGUAcgAgAHAAYQByAHQALQAxAEAAcwBoAG8AdQBsAGQAZQByAAQAAAAQAAAAAQAAAAMAAAAuBwAAGAAAAB4AAAA=</a:base64Binary></SWComponentPIDs><SWMainComponentPID i:nil="true"/><Visual z:Ref="i284"/><isFixedFrame>false</isFixedFrame><isIncomplete>false</isIncomplete></Link><Link z:Id="i470"><Attributes><Attribute z:Id="i471"><AttributeType>name</AttributeType><IsRequired>true</IsRequired><Value i:type="a:string" xmlns:a="http://www.w3.org/2001/XMLSchema">RFshoulder</Value></Attribute></Attributes><ChildElements><URDFElement z:Id="i472" i:type="Inertial"><Attributes/><ChildElements><URDFElement z:Id="i473" i:type="Origin"><Attributes><Attribute z:Id="i474"><AttributeType>xyz</AttributeType><IsRequired>true</IsRequired><Value i:type="a:ArrayOfdouble" xmlns:a="http://schemas.microsoft.com/2003/10/Serialization/Arrays"><a:double>-0.0069792232215655226</a:double><a:double>0.0012054592618099269</a:double><a:double>-0.053004483515451506</a:double></Value></Attribute><Attribute z:Id="i475"><AttributeType>rpy</AttributeType><IsRequired>true</IsRequired><Value i:type="a:ArrayOfdouble" xmlns:a="http://schemas.microsoft.com/2003/10/Serialization/Arrays"><a:double>0</a:double><a:double>0</a:double><a:double>0</a:double></Value></Attribute></Attributes><ChildElements/><ElementName>origin</ElementName><required>false</required><RPYAttribute z:Ref="i475"/><XYZAttribute z:Ref="i474"/><isCustomized>false</isCustomized></URDFElement><URDFElement z:Id="i476" i:type="Mass"><Attributes><Attribute z:Id="i477"><AttributeType>value</AttributeType><IsRequired>true</IsRequired><Value i:type="a:double" xmlns:a="http://www.w3.org/2001/XMLSchema">0.10711331663525624</Value></Attribute></Attributes><ChildElements/><ElementName>mass</ElementName><required>false</required><ValueAttribute z:Ref="i477"/></URDFElement><URDFElement z:Id="i478" i:type="Inertia"><Attributes><Attribute z:Id="i479"><AttributeType>ixx</AttributeType><IsRequired>true</IsRequired><Value i:type="a:double" xmlns:a="http://www.w3.org/2001/XMLSchema">5.1818396260032868E-05</Value></Attribute><Attribute z:Id="i480"><AttributeType>ixy</AttributeType><IsRequired>true</IsRequired><Value i:type="a:double" xmlns:a="http://www.w3.org/2001/XMLSchema">-2.9074712333015431E-06</Value></Attribute><Attribute z:Id="i481"><AttributeType>ixz</AttributeType><IsRequired>true</IsRequired><Value i:type="a:double" xmlns:a="http://www.w3.org/2001/XMLSchema">2.7636535424229936E-06</Value></Attribute><Attribute z:Id="i482"><AttributeType>iyy</AttributeType><IsRequired>true</IsRequired><Value i:type="a:double" xmlns:a="http://www.w3.org/2001/XMLSchema">3.9028189962403676E-05</Value></Attribute><Attribute z:Id="i483"><AttributeType>iyz</AttributeType><IsRequired>true</IsRequired><Value i:type="a:double" xmlns:a="http://www.w3.org/2001/XMLSchema">-2.5578377265856997E-06</Value></Attribute><Attribute z:Id="i484"><AttributeType>izz</AttributeType><IsRequired>true</IsRequired><Value i:type="a:double" xmlns:a="http://www.w3.org/2001/XMLSchema">4.7122917086894775E-05</Value></Attribute></Attributes><ChildElements/><ElementName>inertia</ElementName><required>false</required><IxxAttribute z:Ref="i479"/><IxyAttribute z:Ref="i480"/><IxzAttribute z:Ref="i481"/><IyyAttribute z:Ref="i482"/><IyzAttribute z:Ref="i483"/><IzzAttribute z:Ref="i484"/></URDFElement></ChildElements><ElementName>inertial</ElementName><required>false</required><Inertia z:Ref="i478"/><Mass z:Ref="i476"/><Origin z:Ref="i473"/></URDFElement><URDFElement z:Id="i485" i:type="Visual"><Attributes/><ChildElements><URDFElement z:Id="i486" i:type="Origin"><Attributes><Attribute z:Id="i487"><AttributeType>xyz</AttributeType><IsRequired>true</IsRequired><Value i:type="a:ArrayOfdouble" xmlns:a="http://schemas.microsoft.com/2003/10/Serialization/Arrays"><a:double>0</a:double><a:double>0</a:double><a:double>0</a:double></Value></Attribute><Attribute z:Id="i488"><AttributeType>rpy</AttributeType><IsRequired>true</IsRequired><Value i:type="a:ArrayOfdouble" xmlns:a="http://schemas.microsoft.com/2003/10/Serialization/Arrays"><a:double>0</a:double><a:double>0</a:double><a:double>0</a:double></Value></Attribute></Attributes><ChildElements/><ElementName>origin</ElementName><required>false</required><RPYAttribute z:Ref="i488"/><XYZAttribute z:Ref="i487"/><isCustomized>false</isCustomized></URDFElement><URDFElement z:Id="i489" i:type="Geometry"><Attributes/><ChildElements><URDFElement z:Id="i490" i:type="Mesh"><Attributes><Attribute z:Id="i491"><AttributeType>filename</AttributeType><IsRequired>true</IsRequired><Value i:nil="true"/></Attribute></Attributes><ChildElements/><ElementName>mesh</ElementName><required>false</required><FilenameAttribute z:Ref="i491"/></URDFElement></ChildElements><ElementName>geometry</ElementName><required>true</required><Mesh z:Ref="i490"/></URDFElement><URDFElement z:Id="i492" i:type="Material"><Attributes><Attribute z:Id="i493"><AttributeType>name</AttributeType><IsRequired>true</IsRequired><Value i:type="a:string" xmlns:a="http://www.w3.org/2001/XMLSchema"/></Attribute></Attributes><ChildElements><URDFElement z:Id="i494" i:type="Color"><Attributes><Attribute z:Id="i495"><AttributeType>rgba</AttributeType><IsRequired>true</IsRequired><Value i:type="a:ArrayOfdouble" xmlns:a="http://schemas.microsoft.com/2003/10/Serialization/Arrays"><a:double>0.62745098039215685</a:double><a:double>0.62745098039215685</a:double><a:double>0.62745098039215685</a:double><a:double>1</a:double></Value></Attribute></Attributes><ChildElements/><ElementName>color</ElementName><required>false</required><RGBAAttribute z:Ref="i495"/></URDFElement><URDFElement z:Id="i496" i:type="Texture"><Attributes><Attribute z:Id="i497"><AttributeType>filename</AttributeType><IsRequired>true</IsRequired><Value i:nil="true"/></Attribute></Attributes><ChildElements/><ElementName>texture</ElementName><required>false</required><FilenameAttribute z:Ref="i497"/><wFilename/></URDFElement></ChildElements><ElementName>material</ElementName><required>false</required><Color z:Ref="i494"/><NameAttribute z:Ref="i493"/><Texture z:Ref="i496"/></URDFElement></ChildElements><ElementName>visual</ElementName><required>false</required><Geometry z:Ref="i489"/><Material z:Ref="i492"/><Origin z:Ref="i486"/></URDFElement><URDFElement z:Id="i498" i:type="Collision"><Attributes/><ChildElements><URDFElement z:Id="i499" i:type="Origin"><Attributes><Attribute z:Id="i500"><AttributeType>xyz</AttributeType><IsRequired>true</IsRequired><Value i:type="a:ArrayOfdouble" xmlns:a="http://schemas.microsoft.com/2003/10/Serialization/Arrays"><a:double>0</a:double><a:double>0</a:double><a:double>0</a:double></Value></Attribute><Attribute z:Id="i501"><AttributeType>rpy</AttributeType><IsRequired>true</IsRequired><Value i:type="a:ArrayOfdouble" xmlns:a="http://schemas.microsoft.com/2003/10/Serialization/Arrays"><a:double>0</a:double><a:double>0</a:double><a:double>0</a:double></Value></Attribute></Attributes><ChildElements/><ElementName>origin</ElementName><required>false</required><RPYAttribute z:Ref="i501"/><XYZAttribute z:Ref="i500"/><isCustomized>false</isCustomized></URDFElement><URDFElement z:Id="i502" i:type="Geometry"><Attributes/><ChildElements><URDFElement z:Id="i503" i:type="Mesh"><Attributes><Attribute z:Id="i504"><AttributeType>filename</AttributeType><IsRequired>true</IsRequired><Value i:nil="true"/></Attribute></Attributes><ChildElements/><ElementName>mesh</ElementName><required>false</required><FilenameAttribute z:Ref="i504"/></URDFElement></ChildElements><ElementName>geometry</ElementName><required>true</required><Mesh z:Ref="i503"/></URDFElement></ChildElements><ElementName>collision</ElementName><required>false</required><Geometry z:Ref="i502"/><Origin z:Ref="i499"/></URDFElement><URDFElement z:Id="i505" i:type="Joint"><Attributes><Attribute z:Id="i506"><AttributeType>name</AttributeType><IsRequired>true</IsRequired><Value i:type="a:string" xmlns:a="http://www.w3.org/2001/XMLSchema">RFshoulder1</Value></Attribute><Attribute z:Id="i507"><AttributeType>type</AttributeType><IsRequired>true</IsRequired><Value i:type="a:string" xmlns:a="http://www.w3.org/2001/XMLSchema">revolute</Value></Attribute></Attributes><ChildElements><URDFElement z:Id="i508" i:type="Origin"><Attributes><Attribute z:Id="i509"><AttributeType>xyz</AttributeType><IsRequired>true</IsRequired><Value i:type="a:ArrayOfdouble" xmlns:a="http://schemas.microsoft.com/2003/10/Serialization/Arrays"><a:double>0.74128418442522381</a:double><a:double>-1.3528782718749273</a:double><a:double>0.9358269815138035</a:double></Value></Attribute><Attribute z:Id="i510"><AttributeType>rpy</AttributeType><IsRequired>true</IsRequired><Value i:type="a:ArrayOfdouble" xmlns:a="http://schemas.microsoft.com/2003/10/Serialization/Arrays"><a:double>1.5707963267948961</a:double><a:double>-0.1164588933687767</a:double><a:double>0</a:double></Value></Attribute></Attributes><ChildElements/><ElementName>origin</ElementName><required>false</required><RPYAttribute z:Ref="i510"/><XYZAttribute z:Ref="i509"/><isCustomized>false</isCustomized></URDFElement><URDFElement z:Id="i511" i:type="ParentLink"><Attributes><Attribute z:Id="i512"><AttributeType>link</AttributeType><IsRequired>true</IsRequired><Value i:type="a:string" xmlns:a="http://www.w3.org/2001/XMLSchema">Body</Value></Attribute></Attributes><ChildElements/><ElementName>parent</ElementName><required>true</required><NameAttribute z:Ref="i512"/></URDFElement><URDFElement z:Id="i513" i:type="ChildLink"><Attributes><Attribute z:Id="i514"><AttributeType>link</AttributeType><IsRequired>true</IsRequired><Value i:type="a:string" xmlns:a="http://www.w3.org/2001/XMLSchema">RFshoulder</Value></Attribute></Attributes><ChildElements/><ElementName>child</ElementName><required>true</required><NameAttribute z:Ref="i514"/></URDFElement><URDFElement z:Id="i515" i:type="Axis"><Attributes><Attribute z:Id="i516"><AttributeType>xyz</AttributeType><IsRequired>true</IsRequired><Value i:type="a:ArrayOfdouble" xmlns:a="http://schemas.microsoft.com/2003/10/Serialization/Arrays"><a:double>0</a:double><a:double>0</a:double><a:double>1</a:double></Value></Attribute></Attributes><ChildElements/><ElementName>axis</ElementName><required>false</required><XYZAttribute z:Ref="i516"/></URDFElement><URDFElement z:Id="i517" i:type="Limit"><Attributes><Attribute z:Id="i518"><AttributeType>lower</AttributeType><IsRequired>true</IsRequired><Value i:type="a:double" xmlns:a="http://www.w3.org/2001/XMLSchema">0</Value></Attribute><Attribute z:Id="i519"><AttributeType>upper</AttributeType><IsRequired>true</IsRequired><Value i:type="a:double" xmlns:a="http://www.w3.org/2001/XMLSchema">6.2832</Value></Attribute><Attribute z:Id="i520"><AttributeType>effort</AttributeType><IsRequired>true</IsRequired><Value i:type="a:double" xmlns:a="http://www.w3.org/2001/XMLSchema">100</Value></Attribute><Attribute z:Id="i521"><AttributeType>velocity</AttributeType><IsRequired>true</IsRequired><Value i:type="a:double" xmlns:a="http://www.w3.org/2001/XMLSchema">2</Value></Attribute></Attributes><ChildElements/><ElementName>limit</ElementName><required>true</required><EffortAttribute z:Ref="i520"/><LowerAttribute z:Ref="i518"/><UpperAttribute z:Ref="i519"/><VelocityAttribute z:Ref="i521"/></URDFElement><URDFElement z:Id="i522" i:type="Calibration"><Attributes><Attribute z:Id="i523"><AttributeType>rising</AttributeType><IsRequired>false</IsRequired><Value i:nil="true"/></Attribute><Attribute z:Id="i524"><AttributeType>falling</AttributeType><IsRequired>false</IsRequired><Value i:nil="true"/></Attribute></Attributes><ChildElements/><ElementName>calibration</ElementName><required>false</required><FallingAttribute z:Ref="i524"/><RisingAttribute z:Ref="i523"/></URDFElement><URDFElement z:Id="i525" i:type="Dynamics"><Attributes><Attribute z:Id="i526"><AttributeType>damping</AttributeType><IsRequired>false</IsRequired><Value i:nil="true"/></Attribute><Attribute z:Id="i527"><AttributeType>friction</AttributeType><IsRequired>false</IsRequired><Value i:nil="true"/></Attribute></Attributes><ChildElements/><ElementName>dynamics</ElementName><required>false</required><DampingAttribute z:Ref="i526"/><FrictionAttribute z:Ref="i527"/></URDFElement><URDFElement z:Id="i528" i:type="SafetyController"><Attributes><Attribute z:Id="i529"><AttributeType>soft_upper_limit</AttributeType><IsRequired>false</IsRequired><Value i:nil="true"/></Attribute><Attribute z:Id="i530"><AttributeType>soft_lower_limit</AttributeType><IsRequired>false</IsRequired><Value i:nil="true"/></Attribute><Attribute z:Id="i531"><AttributeType>k_position</AttributeType><IsRequired>false</IsRequired><Value i:nil="true"/></Attribute><Attribute z:Id="i532"><AttributeType>k_velocity</AttributeType><IsRequired>true</IsRequired><Value i:nil="true"/></Attribute></Attributes><ChildElements/><ElementName>safety_controller</ElementName><required>false</required><KPositionAttribute z:Ref="i531"/><KVelocityAttribute z:Ref="i532"/><SoftLowerAttribute z:Ref="i530"/><SoftUpperAttribute z:Ref="i529"/></URDFElement><URDFElement z:Id="i533" i:type="Mimic"><Attributes><Attribute z:Id="i534"><AttributeType>joint</AttributeType><IsRequired>true</IsRequired><Value i:nil="true"/></Attribute><Attribute z:Id="i535"><AttributeType>multiplier</AttributeType><IsRequired>false</IsRequired><Value i:nil="true"/></Attribute><Attribute z:Id="i536"><AttributeType>offset</AttributeType><IsRequired>false</IsRequired><Value i:nil="true"/></Attribute></Attributes><ChildElements/><ElementName>mimic</ElementName><required>false</required><JointNameAttribute z:Ref="i534"/><MultiplierAttribute z:Ref="i535"/><OffsetAttribute z:Ref="i536"/></URDFElement></ChildElements><ElementName>joint</ElementName><required>false</required><Axis z:Ref="i515"/><AxisName>RF_shoulder1_axis</AxisName><Calibration z:Ref="i522"/><Child z:Ref="i513"/><CoordinateSystemName>RF_shoulder1_CS</CoordinateSystemName><Dynamics z:Ref="i525"/><Limit z:Ref="i517"/><Mimic z:Ref="i533"/><NameAttribute z:Ref="i506"/><Origin z:Ref="i508"/><Parent z:Ref="i511"/><Safety z:Ref="i528"/><TypeAttribute z:Ref="i507"/></URDFElement></ChildElements><ElementName>link</ElementName><required>true</required><Children><Link z:Id="i537"><Attributes><Attribute z:Id="i538"><AttributeType>name</AttributeType><IsRequired>true</IsRequired><Value i:type="a:string" xmlns:a="http://www.w3.org/2001/XMLSchema">RFthigh</Value></Attribute></Attributes><ChildElements><URDFElement z:Id="i539" i:type="Inertial"><Attributes/><ChildElements><URDFElement z:Id="i540" i:type="Origin"><Attributes><Attribute z:Id="i541"><AttributeType>xyz</AttributeType><IsRequired>true</IsRequired><Value i:type="a:ArrayOfdouble" xmlns:a="http://schemas.microsoft.com/2003/10/Serialization/Arrays"><a:double>-0.025429922548409367</a:double><a:double>-0.056025348704015432</a:double><a:double>-0.001594649740974452</a:double></Value></Attribute><Attribute z:Id="i542"><AttributeType>rpy</AttributeType><IsRequired>true</IsRequired><Value i:type="a:ArrayOfdouble" xmlns:a="http://schemas.microsoft.com/2003/10/Serialization/Arrays"><a:double>0</a:double><a:double>0</a:double><a:double>0</a:double></Value></Attribute></Attributes><ChildElements/><ElementName>origin</ElementName><required>false</required><RPYAttribute z:Ref="i542"/><XYZAttribute z:Ref="i541"/><isCustomized>false</isCustomized></URDFElement><URDFElement z:Id="i543" i:type="Mass"><Attributes><Attribute z:Id="i544"><AttributeType>value</AttributeType><IsRequired>true</IsRequired><Value i:type="a:double" xmlns:a="http://www.w3.org/2001/XMLSchema">0.14258506807020371</Value></Attribute></Attributes><ChildElements/><ElementName>mass</ElementName><required>false</required><ValueAttribute z:Ref="i544"/></URDFElement><URDFElement z:Id="i545" i:type="Inertia"><Attributes><Attribute z:Id="i546"><AttributeType>ixx</AttributeType><IsRequired>true</IsRequired><Value i:type="a:double" xmlns:a="http://www.w3.org/2001/XMLSchema">0.00032131878631758176</Value></Attribute><Attribute z:Id="i547"><AttributeType>ixy</AttributeType><IsRequired>true</IsRequired><Value i:type="a:double" xmlns:a="http://www.w3.org/2001/XMLSchema">2.41938856259464E-06</Value></Attribute><Attribute z:Id="i548"><AttributeType>ixz</AttributeType><IsRequired>true</IsRequired><Value i:type="a:double" xmlns:a="http://www.w3.org/2001/XMLSchema">5.0018727698188964E-08</Value></Attribute><Attribute z:Id="i549"><AttributeType>iyy</AttributeType><IsRequired>true</IsRequired><Value i:type="a:double" xmlns:a="http://www.w3.org/2001/XMLSchema">3.3895761115164831E-05</Value></Attribute><Attribute z:Id="i550"><AttributeType>iyz</AttributeType><IsRequired>true</IsRequired><Value i:type="a:double" xmlns:a="http://www.w3.org/2001/XMLSchema">-7.6738949119115643E-06</Value></Attribute><Attribute z:Id="i551"><AttributeType>izz</AttributeType><IsRequired>true</IsRequired><Value i:type="a:double" xmlns:a="http://www.w3.org/2001/XMLSchema">0.00031630608010157569</Value></Attribute></Attributes><ChildElements/><ElementName>inertia</ElementName><required>false</required><IxxAttribute z:Ref="i546"/><IxyAttribute z:Ref="i547"/><IxzAttribute z:Ref="i548"/><IyyAttribute z:Ref="i549"/><IyzAttribute z:Ref="i550"/><IzzAttribute z:Ref="i551"/></URDFElement></ChildElements><ElementName>inertial</ElementName><required>false</required><Inertia z:Ref="i545"/><Mass z:Ref="i543"/><Origin z:Ref="i540"/></URDFElement><URDFElement z:Id="i552" i:type="Visual"><Attributes/><ChildElements><URDFElement z:Id="i553" i:type="Origin"><Attributes><Attribute z:Id="i554"><AttributeType>xyz</AttributeType><IsRequired>true</IsRequired><Value i:type="a:ArrayOfdouble" xmlns:a="http://schemas.microsoft.com/2003/10/Serialization/Arrays"><a:double>0</a:double><a:double>0</a:double><a:double>0</a:double></Value></Attribute><Attribute z:Id="i555"><AttributeType>rpy</AttributeType><IsRequired>true</IsRequired><Value i:type="a:ArrayOfdouble" xmlns:a="http://schemas.microsoft.com/2003/10/Serialization/Arrays"><a:double>0</a:double><a:double>0</a:double><a:double>0</a:double></Value></Attribute></Attributes><ChildElements/><ElementName>origin</ElementName><required>false</required><RPYAttribute z:Ref="i555"/><XYZAttribute z:Ref="i554"/><isCustomized>false</isCustomized></URDFElement><URDFElement z:Id="i556" i:type="Geometry"><Attributes/><ChildElements><URDFElement z:Id="i557" i:type="Mesh"><Attributes><Attribute z:Id="i558"><AttributeType>filename</AttributeType><IsRequired>true</IsRequired><Value i:nil="true"/></Attribute></Attributes><ChildElements/><ElementName>mesh</ElementName><required>false</required><FilenameAttribute z:Ref="i558"/></URDFElement></ChildElements><ElementName>geometry</ElementName><required>true</required><Mesh z:Ref="i557"/></URDFElement><URDFElement z:Id="i559" i:type="Material"><Attributes><Attribute z:Id="i560"><AttributeType>name</AttributeType><IsRequired>true</IsRequired><Value i:type="a:string" xmlns:a="http://www.w3.org/2001/XMLSchema"/></Attribute></Attributes><ChildElements><URDFElement z:Id="i561" i:type="Color"><Attributes><Attribute z:Id="i562"><AttributeType>rgba</AttributeType><IsRequired>true</IsRequired><Value i:type="a:ArrayOfdouble" xmlns:a="http://schemas.microsoft.com/2003/10/Serialization/Arrays"><a:double>0.792156862745098</a:double><a:double>0.81960784313725488</a:double><a:double>0.93333333333333335</a:double><a:double>1</a:double></Value></Attribute></Attributes><ChildElements/><ElementName>color</ElementName><required>false</required><RGBAAttribute z:Ref="i562"/></URDFElement><URDFElement z:Id="i563" i:type="Texture"><Attributes><Attribute z:Id="i564"><AttributeType>filename</AttributeType><IsRequired>true</IsRequired><Value i:nil="true"/></Attribute></Attributes><ChildElements/><ElementName>texture</ElementName><required>false</required><FilenameAttribute z:Ref="i564"/><wFilename/></URDFElement></ChildElements><ElementName>material</ElementName><required>false</required><Color z:Ref="i561"/><NameAttribute z:Ref="i560"/><Texture z:Ref="i563"/></URDFElement></ChildElements><ElementName>visual</ElementName><required>false</required><Geometry z:Ref="i556"/><Material z:Ref="i559"/><Origin z:Ref="i553"/></URDFElement><URDFElement z:Id="i565" i:type="Collision"><Attributes/><ChildElements><URDFElement z:Id="i566" i:type="Origin"><Attributes><Attribute z:Id="i567"><AttributeType>xyz</AttributeType><IsRequired>true</IsRequired><Value i:type="a:ArrayOfdouble" xmlns:a="http://schemas.microsoft.com/2003/10/Serialization/Arrays"><a:double>0</a:double><a:double>0</a:double><a:double>0</a:double></Value></Attribute><Attribute z:Id="i568"><AttributeType>rpy</AttributeType><IsRequired>true</IsRequired><Value i:type="a:ArrayOfdouble" xmlns:a="http://schemas.microsoft.com/2003/10/Serialization/Arrays"><a:double>0</a:double><a:double>0</a:double><a:double>0</a:double></Value></Attribute></Attributes><ChildElements/><ElementName>origin</ElementName><required>false</required><RPYAttribute z:Ref="i568"/><XYZAttribute z:Ref="i567"/><isCustomized>false</isCustomized></URDFElement><URDFElement z:Id="i569" i:type="Geometry"><Attributes/><ChildElements><URDFElement z:Id="i570" i:type="Mesh"><Attributes><Attribute z:Id="i571"><AttributeType>filename</AttributeType><IsRequired>true</IsRequired><Value i:nil="true"/></Attribute></Attributes><ChildElements/><ElementName>mesh</ElementName><required>false</required><FilenameAttribute z:Ref="i571"/></URDFElement></ChildElements><ElementName>geometry</ElementName><required>true</required><Mesh z:Ref="i570"/></URDFElement></ChildElements><ElementName>collision</ElementName><required>false</required><Geometry z:Ref="i569"/><Origin z:Ref="i566"/></URDFElement><URDFElement z:Id="i572" i:type="Joint"><Attributes><Attribute z:Id="i573"><AttributeType>name</AttributeType><IsRequired>true</IsRequired><Value i:type="a:string" xmlns:a="http://www.w3.org/2001/XMLSchema">RFshoulder</Value></Attribute><Attribute z:Id="i574"><AttributeType>type</AttributeType><IsRequired>true</IsRequired><Value i:type="a:string" xmlns:a="http://www.w3.org/2001/XMLSchema">revolute</Value></Attribute></Attributes><ChildElements><URDFElement z:Id="i575" i:type="Origin"><Attributes><Attribute z:Id="i576"><AttributeType>xyz</AttributeType><IsRequired>true</IsRequired><Value i:type="a:ArrayOfdouble" xmlns:a="http://schemas.microsoft.com/2003/10/Serialization/Arrays"><a:double>0.030132736285776396</a:double><a:double>-0.027433001803540247</a:double><a:double>-0.054419879147057593</a:double></Value></Attribute><Attribute z:Id="i577"><AttributeType>rpy</AttributeType><IsRequired>true</IsRequired><Value i:type="a:ArrayOfdouble" xmlns:a="http://schemas.microsoft.com/2003/10/Serialization/Arrays"><a:double>-0.532538206681912</a:double><a:double>0</a:double><a:double>0</a:double></Value></Attribute></Attributes><ChildElements/><ElementName>origin</ElementName><required>false</required><RPYAttribute z:Ref="i577"/><XYZAttribute z:Ref="i576"/><isCustomized>false</isCustomized></URDFElement><URDFElement z:Id="i578" i:type="ParentLink"><Attributes><Attribute z:Id="i579"><AttributeType>link</AttributeType><IsRequired>true</IsRequired><Value i:type="a:string" xmlns:a="http://www.w3.org/2001/XMLSchema">RFshoulder</Value></Attribute></Attributes><ChildElements/><ElementName>parent</ElementName><required>true</required><NameAttribute z:Ref="i579"/></URDFElement><URDFElement z:Id="i580" i:type="ChildLink"><Attributes><Attribute z:Id="i581"><AttributeType>link</AttributeType><IsRequired>true</IsRequired><Value i:type="a:string" xmlns:a="http://www.w3.org/2001/XMLSchema">RFthigh</Value></Attribute></Attributes><ChildElements/><ElementName>child</ElementName><required>true</required><NameAttribute z:Ref="i581"/></URDFElement><URDFElement z:Id="i582" i:type="Axis"><Attributes><Attribute z:Id="i583"><AttributeType>xyz</AttributeType><IsRequired>true</IsRequired><Value i:type="a:ArrayOfdouble" xmlns:a="http://schemas.microsoft.com/2003/10/Serialization/Arrays"><a:double>-1</a:double><a:double>0</a:double><a:double>0</a:double></Value></Attribute></Attributes><ChildElements/><ElementName>axis</ElementName><required>false</required><XYZAttribute z:Ref="i583"/></URDFElement><URDFElement z:Id="i584" i:type="Limit"><Attributes><Attribute z:Id="i585"><AttributeType>lower</AttributeType><IsRequired>true</IsRequired><Value i:type="a:double" xmlns:a="http://www.w3.org/2001/XMLSchema">0</Value></Attribute><Attribute z:Id="i586"><AttributeType>upper</AttributeType><IsRequired>true</IsRequired><Value i:type="a:double" xmlns:a="http://www.w3.org/2001/XMLSchema">6.2832</Value></Attribute><Attribute z:Id="i587"><AttributeType>effort</AttributeType><IsRequired>true</IsRequired><Value i:type="a:double" xmlns:a="http://www.w3.org/2001/XMLSchema">100</Value></Attribute><Attribute z:Id="i588"><AttributeType>velocity</AttributeType><IsRequired>true</IsRequired><Value i:type="a:double" xmlns:a="http://www.w3.org/2001/XMLSchema">2</Value></Attribute></Attributes><ChildElements/><ElementName>limit</ElementName><required>true</required><EffortAttribute z:Ref="i587"/><LowerAttribute z:Ref="i585"/><UpperAttribute z:Ref="i586"/><VelocityAttribute z:Ref="i588"/></URDFElement><URDFElement z:Id="i589" i:type="Calibration"><Attributes><Attribute z:Id="i590"><AttributeType>rising</AttributeType><IsRequired>false</IsRequired><Value i:nil="true"/></Attribute><Attribute z:Id="i591"><AttributeType>falling</AttributeType><IsRequired>false</IsRequired><Value i:nil="true"/></Attribute></Attributes><ChildElements/><ElementName>calibration</ElementName><required>false</required><FallingAttribute z:Ref="i591"/><RisingAttribute z:Ref="i590"/></URDFElement><URDFElement z:Id="i592" i:type="Dynamics"><Attributes><Attribute z:Id="i593"><AttributeType>damping</AttributeType><IsRequired>false</IsRequired><Value i:nil="true"/></Attribute><Attribute z:Id="i594"><AttributeType>friction</AttributeType><IsRequired>false</IsRequired><Value i:nil="true"/></Attribute></Attributes><ChildElements/><ElementName>dynamics</ElementName><required>false</required><DampingAttribute z:Ref="i593"/><FrictionAttribute z:Ref="i594"/></URDFElement><URDFElement z:Id="i595" i:type="SafetyController"><Attributes><Attribute z:Id="i596"><AttributeType>soft_upper_limit</AttributeType><IsRequired>false</IsRequired><Value i:nil="true"/></Attribute><Attribute z:Id="i597"><AttributeType>soft_lower_limit</AttributeType><IsRequired>false</IsRequired><Value i:nil="true"/></Attribute><Attribute z:Id="i598"><AttributeType>k_position</AttributeType><IsRequired>false</IsRequired><Value i:nil="true"/></Attribute><Attribute z:Id="i599"><AttributeType>k_velocity</AttributeType><IsRequired>true</IsRequired><Value i:nil="true"/></Attribute></Attributes><ChildElements/><ElementName>safety_controller</ElementName><required>false</required><KPositionAttribute z:Ref="i598"/><KVelocityAttribute z:Ref="i599"/><SoftLowerAttribute z:Ref="i597"/><SoftUpperAttribute z:Ref="i596"/></URDFElement><URDFElement z:Id="i600" i:type="Mimic"><Attributes><Attribute z:Id="i601"><AttributeType>joint</AttributeType><IsRequired>true</IsRequired><Value i:nil="true"/></Attribute><Attribute z:Id="i602"><AttributeType>multiplier</AttributeType><IsRequired>false</IsRequired><Value i:nil="true"/></Attribute><Attribute z:Id="i603"><AttributeType>offset</AttributeType><IsRequired>false</IsRequired><Value i:nil="true"/></Attribute></Attributes><ChildElements/><ElementName>mimic</ElementName><required>false</required><JointNameAttribute z:Ref="i601"/><MultiplierAttribute z:Ref="i602"/><OffsetAttribute z:Ref="i603"/></URDFElement></ChildElements><ElementName>joint</ElementName><required>false</required><Axis z:Ref="i582"/><AxisName>right_front_shoulder_axis</AxisName><Calibration z:Ref="i589"/><Child z:Ref="i580"/><CoordinateSystemName>RF_shoulder_CS</CoordinateSystemName><Dynamics z:Ref="i592"/><Limit z:Ref="i584"/><Mimic z:Ref="i600"/><NameAttribute z:Ref="i573"/><Origin z:Ref="i575"/><Parent z:Ref="i578"/><Safety z:Ref="i595"/><TypeAttribute z:Ref="i574"/></URDFElement></ChildElements><ElementName>link</ElementName><required>true</required><Children><Link z:Id="i604"><Attributes><Attribute z:Id="i605"><AttributeType>name</AttributeType><IsRequired>true</IsRequired><Value i:type="a:string" xmlns:a="http://www.w3.org/2001/XMLSchema">RFcalf</Value></Attribute></Attributes><ChildElements><URDFElement z:Id="i606" i:type="Inertial"><Attributes/><ChildElements><URDFElement z:Id="i607" i:type="Origin"><Attributes><Attribute z:Id="i608"><AttributeType>xyz</AttributeType><IsRequired>true</IsRequired><Value i:type="a:ArrayOfdouble" xmlns:a="http://schemas.microsoft.com/2003/10/Serialization/Arrays"><a:double>0.045638923673707366</a:double><a:double>-0.072926852129632458</a:double><a:double>-6.3309357756224927E-12</a:double></Value></Attribute><Attribute z:Id="i609"><AttributeType>rpy</AttributeType><IsRequired>true</IsRequired><Value i:type="a:ArrayOfdouble" xmlns:a="http://schemas.microsoft.com/2003/10/Serialization/Arrays"><a:double>0</a:double><a:double>0</a:double><a:double>0</a:double></Value></Attribute></Attributes><ChildElements/><ElementName>origin</ElementName><required>false</required><RPYAttribute z:Ref="i609"/><XYZAttribute z:Ref="i608"/><isCustomized>false</isCustomized></URDFElement><URDFElement z:Id="i610" i:type="Mass"><Attributes><Attribute z:Id="i611"><AttributeType>value</AttributeType><IsRequired>true</IsRequired><Value i:type="a:double" xmlns:a="http://www.w3.org/2001/XMLSchema">0.22012987304452564</Value></Attribute></Attributes><ChildElements/><ElementName>mass</ElementName><required>false</required><ValueAttribute z:Ref="i611"/></URDFElement><URDFElement z:Id="i612" i:type="Inertia"><Attributes><Attribute z:Id="i613"><AttributeType>ixx</AttributeType><IsRequired>true</IsRequired><Value i:type="a:double" xmlns:a="http://www.w3.org/2001/XMLSchema">0.0004975825482470981</Value></Attribute><Attribute z:Id="i614"><AttributeType>ixy</AttributeType><IsRequired>true</IsRequired><Value i:type="a:double" xmlns:a="http://www.w3.org/2001/XMLSchema">3.4958933968641032E-05</Value></Attribute><Attribute z:Id="i615"><AttributeType>ixz</AttributeType><IsRequired>true</IsRequired><Value i:type="a:double" xmlns:a="http://www.w3.org/2001/XMLSchema">2.0752307207730358E-20</Value></Attribute><Attribute z:Id="i616"><AttributeType>iyy</AttributeType><IsRequired>true</IsRequired><Value i:type="a:double" xmlns:a="http://www.w3.org/2001/XMLSchema">5.8749791418321587E-05</Value></Attribute><Attribute z:Id="i617"><AttributeType>iyz</AttributeType><IsRequired>true</IsRequired><Value i:type="a:double" xmlns:a="http://www.w3.org/2001/XMLSchema">-2.422514229147299E-19</Value></Attribute><Attribute z:Id="i618"><AttributeType>izz</AttributeType><IsRequired>true</IsRequired><Value i:type="a:double" xmlns:a="http://www.w3.org/2001/XMLSchema">0.00049943663709033016</Value></Attribute></Attributes><ChildElements/><ElementName>inertia</ElementName><required>false</required><IxxAttribute z:Ref="i613"/><IxyAttribute z:Ref="i614"/><IxzAttribute z:Ref="i615"/><IyyAttribute z:Ref="i616"/><IyzAttribute z:Ref="i617"/><IzzAttribute z:Ref="i618"/></URDFElement></ChildElements><ElementName>inertial</ElementName><required>false</required><Inertia z:Ref="i612"/><Mass z:Ref="i610"/><Origin z:Ref="i607"/></URDFElement><URDFElement z:Id="i619" i:type="Visual"><Attributes/><ChildElements><URDFElement z:Id="i620" i:type="Origin"><Attributes><Attribute z:Id="i621"><AttributeType>xyz</AttributeType><IsRequired>true</IsRequired><Value i:type="a:ArrayOfdouble" xmlns:a="http://schemas.microsoft.com/2003/10/Serialization/Arrays"><a:double>0</a:double><a:double>0</a:double><a:double>0</a:double></Value></Attribute><Attribute z:Id="i622"><AttributeType>rpy</AttributeType><IsRequired>true</IsRequired><Value i:type="a:ArrayOfdouble" xmlns:a="http://schemas.microsoft.com/2003/10/Serialization/Arrays"><a:double>0</a:double><a:double>0</a:double><a:double>0</a:double></Value></Attribute></Attributes><ChildElements/><ElementName>origin</ElementName><required>false</required><RPYAttribute z:Ref="i622"/><XYZAttribute z:Ref="i621"/><isCustomized>false</isCustomized></URDFElement><URDFElement z:Id="i623" i:type="Geometry"><Attributes/><ChildElements><URDFElement z:Id="i624" i:type="Mesh"><Attributes><Attribute z:Id="i625"><AttributeType>filename</AttributeType><IsRequired>true</IsRequired><Value i:nil="true"/></Attribute></Attributes><ChildElements/><ElementName>mesh</ElementName><required>false</required><FilenameAttribute z:Ref="i625"/></URDFElement></ChildElements><ElementName>geometry</ElementName><required>true</required><Mesh z:Ref="i624"/></URDFElement><URDFElement z:Id="i626" i:type="Material"><Attributes><Attribute z:Id="i627"><AttributeType>name</AttributeType><IsRequired>true</IsRequired><Value i:type="a:string" xmlns:a="http://www.w3.org/2001/XMLSchema"/></Attribute></Attributes><ChildElements><URDFElement z:Id="i628" i:type="Color"><Attributes><Attribute z:Id="i629"><AttributeType>rgba</AttributeType><IsRequired>true</IsRequired><Value i:type="a:ArrayOfdouble" xmlns:a="http://schemas.microsoft.com/2003/10/Serialization/Arrays"><a:double>0.792156862745098</a:double><a:double>0.81960784313725488</a:double><a:double>0.93333333333333335</a:double><a:double>1</a:double></Value></Attribute></Attributes><ChildElements/><ElementName>color</ElementName><required>false</required><RGBAAttribute z:Ref="i629"/></URDFElement><URDFElement z:Id="i630" i:type="Texture"><Attributes><Attribute z:Id="i631"><AttributeType>filename</AttributeType><IsRequired>true</IsRequired><Value i:nil="true"/></Attribute></Attributes><ChildElements/><ElementName>texture</ElementName><required>false</required><FilenameAttribute z:Ref="i631"/><wFilename/></URDFElement></ChildElements><ElementName>material</ElementName><required>false</required><Color z:Ref="i628"/><NameAttribute z:Ref="i627"/><Texture z:Ref="i630"/></URDFElement></ChildElements><ElementName>visual</ElementName><required>false</required><Geometry z:Ref="i623"/><Material z:Ref="i626"/><Origin z:Ref="i620"/></URDFElement><URDFElement z:Id="i632" i:type="Collision"><Attributes/><ChildElements><URDFElement z:Id="i633" i:type="Origin"><Attributes><Attribute z:Id="i634"><AttributeType>xyz</AttributeType><IsRequired>true</IsRequired><Value i:type="a:ArrayOfdouble" xmlns:a="http://schemas.microsoft.com/2003/10/Serialization/Arrays"><a:double>0</a:double><a:double>0</a:double><a:double>0</a:double></Value></Attribute><Attribute z:Id="i635"><AttributeType>rpy</AttributeType><IsRequired>true</IsRequired><Value i:type="a:ArrayOfdouble" xmlns:a="http://schemas.microsoft.com/2003/10/Serialization/Arrays"><a:double>0</a:double><a:double>0</a:double><a:double>0</a:double></Value></Attribute></Attributes><ChildElements/><ElementName>origin</ElementName><required>false</required><RPYAttribute z:Ref="i635"/><XYZAttribute z:Ref="i634"/><isCustomized>false</isCustomized></URDFElement><URDFElement z:Id="i636" i:type="Geometry"><Attributes/><ChildElements><URDFElement z:Id="i637" i:type="Mesh"><Attributes><Attribute z:Id="i638"><AttributeType>filename</AttributeType><IsRequired>true</IsRequired><Value i:nil="true"/></Attribute></Attributes><ChildElements/><ElementName>mesh</ElementName><required>false</required><FilenameAttribute z:Ref="i638"/></URDFElement></ChildElements><ElementName>geometry</ElementName><required>true</required><Mesh z:Ref="i637"/></URDFElement></ChildElements><ElementName>collision</ElementName><required>false</required><Geometry z:Ref="i636"/><Origin z:Ref="i633"/></URDFElement><URDFElement z:Id="i639" i:type="Joint"><Attributes><Attribute z:Id="i640"><AttributeType>name</AttributeType><IsRequired>true</IsRequired><Value i:type="a:string" xmlns:a="http://www.w3.org/2001/XMLSchema">RFknee</Value></Attribute><Attribute z:Id="i641"><AttributeType>type</AttributeType><IsRequired>true</IsRequired><Value i:type="a:string" xmlns:a="http://www.w3.org/2001/XMLSchema">revolute</Value></Attribute></Attributes><ChildElements><URDFElement z:Id="i642" i:type="Origin"><Attributes><Attribute z:Id="i643"><AttributeType>xyz</AttributeType><IsRequired>true</IsRequired><Value i:type="a:ArrayOfdouble" xmlns:a="http://schemas.microsoft.com/2003/10/Serialization/Arrays"><a:double>-0.0688982914538071</a:double><a:double>-0.13574108897487253</a:double><a:double>-0.0047015487332202621</a:double></Value></Attribute><Attribute z:Id="i644"><AttributeType>rpy</AttributeType><IsRequired>true</IsRequired><Value i:type="a:ArrayOfdouble" xmlns:a="http://schemas.microsoft.com/2003/10/Serialization/Arrays"><a:double>1.2644864677079013</a:double><a:double>0.0827040505719773</a:double><a:double>-0.026120523015000573</a:double></Value></Attribute></Attributes><ChildElements/><ElementName>origin</ElementName><required>false</required><RPYAttribute z:Ref="i644"/><XYZAttribute z:Ref="i643"/><isCustomized>false</isCustomized></URDFElement><URDFElement z:Id="i645" i:type="ParentLink"><Attributes><Attribute z:Id="i646"><AttributeType>link</AttributeType><IsRequired>true</IsRequired><Value i:type="a:string" xmlns:a="http://www.w3.org/2001/XMLSchema">RFthigh</Value></Attribute></Attributes><ChildElements/><ElementName>parent</ElementName><required>true</required><NameAttribute z:Ref="i646"/></URDFElement><URDFElement z:Id="i647" i:type="ChildLink"><Attributes><Attribute z:Id="i648"><AttributeType>link</AttributeType><IsRequired>true</IsRequired><Value i:type="a:string" xmlns:a="http://www.w3.org/2001/XMLSchema">RFcalf</Value></Attribute></Attributes><ChildElements/><ElementName>child</ElementName><required>true</required><NameAttribute z:Ref="i648"/></URDFElement><URDFElement z:Id="i649" i:type="Axis"><Attributes><Attribute z:Id="i650"><AttributeType>xyz</AttributeType><IsRequired>true</IsRequired><Value i:type="a:ArrayOfdouble" xmlns:a="http://schemas.microsoft.com/2003/10/Serialization/Arrays"><a:double>0.9962420134404969</a:double><a:double>0.086613224486937174</a:double><a:double>0</a:double></Value></Attribute></Attributes><ChildElements/><ElementName>axis</ElementName><required>false</required><XYZAttribute z:Ref="i650"/></URDFElement><URDFElement z:Id="i651" i:type="Limit"><Attributes><Attribute z:Id="i652"><AttributeType>lower</AttributeType><IsRequired>true</IsRequired><Value i:type="a:double" xmlns:a="http://www.w3.org/2001/XMLSchema">0</Value></Attribute><Attribute z:Id="i653"><AttributeType>upper</AttributeType><IsRequired>true</IsRequired><Value i:type="a:double" xmlns:a="http://www.w3.org/2001/XMLSchema">6.2832</Value></Attribute><Attribute z:Id="i654"><AttributeType>effort</AttributeType><IsRequired>true</IsRequired><Value i:type="a:double" xmlns:a="http://www.w3.org/2001/XMLSchema">100</Value></Attribute><Attribute z:Id="i655"><AttributeType>velocity</AttributeType><IsRequired>true</IsRequired><Value i:type="a:double" xmlns:a="http://www.w3.org/2001/XMLSchema">2</Value></Attribute></Attributes><ChildElements/><ElementName>limit</ElementName><required>true</required><EffortAttribute z:Ref="i654"/><LowerAttribute z:Ref="i652"/><UpperAttribute z:Ref="i653"/><VelocityAttribute z:Ref="i655"/></URDFElement><URDFElement z:Id="i656" i:type="Calibration"><Attributes><Attribute z:Id="i657"><AttributeType>rising</AttributeType><IsRequired>false</IsRequired><Value i:nil="true"/></Attribute><Attribute z:Id="i658"><AttributeType>falling</AttributeType><IsRequired>false</IsRequired><Value i:nil="true"/></Attribute></Attributes><ChildElements/><ElementName>calibration</ElementName><required>false</required><FallingAttribute z:Ref="i658"/><RisingAttribute z:Ref="i657"/></URDFElement><URDFElement z:Id="i659" i:type="Dynamics"><Attributes><Attribute z:Id="i660"><AttributeType>damping</AttributeType><IsRequired>false</IsRequired><Value i:nil="true"/></Attribute><Attribute z:Id="i661"><AttributeType>friction</AttributeType><IsRequired>false</IsRequired><Value i:nil="true"/></Attribute></Attributes><ChildElements/><ElementName>dynamics</ElementName><required>false</required><DampingAttribute z:Ref="i660"/><FrictionAttribute z:Ref="i661"/></URDFElement><URDFElement z:Id="i662" i:type="SafetyController"><Attributes><Attribute z:Id="i663"><AttributeType>soft_upper_limit</AttributeType><IsRequired>false</IsRequired><Value i:nil="true"/></Attribute><Attribute z:Id="i664"><AttributeType>soft_lower_limit</AttributeType><IsRequired>false</IsRequired><Value i:nil="true"/></Attribute><Attribute z:Id="i665"><AttributeType>k_position</AttributeType><IsRequired>false</IsRequired><Value i:nil="true"/></Attribute><Attribute z:Id="i666"><AttributeType>k_velocity</AttributeType><IsRequired>true</IsRequired><Value i:nil="true"/></Attribute></Attributes><ChildElements/><ElementName>safety_controller</ElementName><required>false</required><KPositionAttribute z:Ref="i665"/><KVelocityAttribute z:Ref="i666"/><SoftLowerAttribute z:Ref="i664"/><SoftUpperAttribute z:Ref="i663"/></URDFElement><URDFElement z:Id="i667" i:type="Mimic"><Attributes><Attribute z:Id="i668"><AttributeType>joint</AttributeType><IsRequired>true</IsRequired><Value i:nil="true"/></Attribute><Attribute z:Id="i669"><AttributeType>multiplier</AttributeType><IsRequired>false</IsRequired><Value i:nil="true"/></Attribute><Attribute z:Id="i670"><AttributeType>offset</AttributeType><IsRequired>false</IsRequired><Value i:nil="true"/></Attribute></Attributes><ChildElements/><ElementName>mimic</ElementName><required>false</required><JointNameAttribute z:Ref="i668"/><MultiplierAttribute z:Ref="i669"/><OffsetAttribute z:Ref="i670"/></URDFElement></ChildElements><ElementName>joint</ElementName><required>false</required><Axis z:Ref="i649"/><AxisName>right1_front_knee_axis</AxisName><Calibration z:Ref="i656"/><Child z:Ref="i647"/><CoordinateSystemName>RF_knee_CS</CoordinateSystemName><Dynamics z:Ref="i659"/><Limit z:Ref="i651"/><Mimic z:Ref="i667"/><NameAttribute z:Ref="i640"/><Origin z:Ref="i642"/><Parent z:Ref="i645"/><Safety z:Ref="i662"/><TypeAttribute z:Ref="i641"/></URDFElement></ChildElements><ElementName>link</ElementName><required>true</required><Children/><Collision z:Ref="i632"/><Inertial z:Ref="i606"/><Joint z:Ref="i639"/><NameAttribute z:Ref="i605"/><Parent z:Ref="i537"/><STLQualityFine>false</STLQualityFine><SWComponentPIDs xmlns:a="http://schemas.microsoft.com/2003/10/Serialization/Arrays"><a:base64Binary>UEYAAAUAAAD//v8yTABlAGcAbQBpAHIAcgBvAHIALQA0AEAAYgBvAGQAeQAgAHAAawAvAEwAZQBmAHQALQBOAEUAVwAgAEwATwBXAEUAUgAgAEwARQBHAC0AMgBAAEwAZQBnAG0AaQByAHIAbwByAAQAAAAQAAAAAQAAAAIAAABLBwAApQAAAA==</a:base64Binary><a:base64Binary>UEYAAAUAAAD//v8wTABlAGcAbQBpAHIAcgBvAHIALQA0AEAAYgBvAGQAeQAgAHAAawAvAEwAZQBmAHQALQBsAG8AdwBlAHIAIABsAGUAZwAgADIALQAyAEAATABlAGcAbQBpAHIAcgBvAHIABAAAABAAAAABAAAAAgAAAEsHAACjAAAA</a:base64Binary></SWComponentPIDs><SWMainComponentPID i:nil="true"/><Visual z:Ref="i619"/><isFixedFrame>false</isFixedFrame><isIncomplete>false</isIncomplete></Link></Children><Collision z:Ref="i565"/><Inertial z:Ref="i539"/><Joint z:Ref="i572"/><NameAttribute z:Ref="i538"/><Parent z:Ref="i470"/><STLQualityFine>false</STLQualityFine><SWComponentPIDs xmlns:a="http://schemas.microsoft.com/2003/10/Serialization/Arrays"><a:base64Binary>UEYAAAUAAAD//v8rTABlAGcAbQBpAHIAcgBvAHIALQA0AEAAYgBvAGQAeQAgAHAAawAvAEwAZQBmAHQALQB1AHAAIABsAGUAZwAtADIAQABMAGUAZwBtAGkAcgByAG8AcgAEAAAAEAAAAAEAAAACAAAASwcAAKEAAAA=</a:base64Binary></SWComponentPIDs><SWMainComponentPID i:nil="true"/><Visual z:Ref="i552"/><isFixedFrame>false</isFixedFrame><isIncomplete>false</isIncomplete></Link></Children><Collision z:Ref="i498"/><Inertial z:Ref="i472"/><Joint z:Ref="i505"/><NameAttribute z:Ref="i471"/><Parent z:Ref="i1"/><STLQualityFine>false</STLQualityFine><SWComponentPIDs xmlns:a="http://schemas.microsoft.com/2003/10/Serialization/Arrays"><a:base64Binary>UEYAAAUAAAD//v9QTABlAGcAbQBpAHIAcgBvAHIALQA0AEAAYgBvAGQAeQAgAHAAawAvAEwAZQBmAHQALQBzAGgAbwB1AGwAZABlAHIALQAyAEAATABlAGcAbQBpAHIAcgBvAHIALwBMAGUAZgB0AC0AcwBoAG8AdQBsAGQAZQByACAAcABhAHIAdAAtADEAQABMAGUAZgB0AC0AcwBoAG8AdQBsAGQAZQByAAQAAAAQAAAAAQAAAAMAAABLBwAAogAAABwAAAA=</a:base64Binary></SWComponentPIDs><SWMainComponentPID i:nil="true"/><Visual z:Ref="i485"/><isFixedFrame>false</isFixedFrame><isIncomplete>false</isIncomplete></Link><Link z:Id="i671"><Attributes><Attribute z:Id="i672"><AttributeType>name</AttributeType><IsRequired>true</IsRequired><Value i:type="a:string" xmlns:a="http://www.w3.org/2001/XMLSchema">RRshoulder</Value></Attribute></Attributes><ChildElements><URDFElement z:Id="i673" i:type="Inertial"><Attributes/><ChildElements><URDFElement z:Id="i674" i:type="Origin"><Attributes><Attribute z:Id="i675"><AttributeType>xyz</AttributeType><IsRequired>true</IsRequired><Value i:type="a:ArrayOfdouble" xmlns:a="http://schemas.microsoft.com/2003/10/Serialization/Arrays"><a:double>-0.0069792119094787</a:double><a:double>0.0012048295504288875</a:double><a:double>-0.05300448355347176</a:double></Value></Attribute><Attribute z:Id="i676"><AttributeType>rpy</AttributeType><IsRequired>true</IsRequired><Value i:type="a:ArrayOfdouble" xmlns:a="http://schemas.microsoft.com/2003/10/Serialization/Arrays"><a:double>0</a:double><a:double>0</a:double><a:double>0</a:double></Value></Attribute></Attributes><ChildElements/><ElementName>origin</ElementName><required>false</required><RPYAttribute z:Ref="i676"/><XYZAttribute z:Ref="i675"/><isCustomized>false</isCustomized></URDFElement><URDFElement z:Id="i677" i:type="Mass"><Attributes><Attribute z:Id="i678"><AttributeType>value</AttributeType><IsRequired>true</IsRequired><Value i:type="a:double" xmlns:a="http://www.w3.org/2001/XMLSchema">0.10711331634775587</Value></Attribute></Attributes><ChildElements/><ElementName>mass</ElementName><required>false</required><ValueAttribute z:Ref="i678"/></URDFElement><URDFElement z:Id="i679" i:type="Inertia"><Attributes><Attribute z:Id="i680"><AttributeType>ixx</AttributeType><IsRequired>true</IsRequired><Value i:type="a:double" xmlns:a="http://www.w3.org/2001/XMLSchema">5.1818396204827292E-05</Value></Attribute><Attribute z:Id="i681"><AttributeType>ixy</AttributeType><IsRequired>true</IsRequired><Value i:type="a:double" xmlns:a="http://www.w3.org/2001/XMLSchema">-2.9074713495354619E-06</Value></Attribute><Attribute z:Id="i682"><AttributeType>ixz</AttributeType><IsRequired>true</IsRequired><Value i:type="a:double" xmlns:a="http://www.w3.org/2001/XMLSchema">2.7636533141014167E-06</Value></Attribute><Attribute z:Id="i683"><AttributeType>iyy</AttributeType><IsRequired>true</IsRequired><Value i:type="a:double" xmlns:a="http://www.w3.org/2001/XMLSchema">3.9028189648603848E-05</Value></Attribute><Attribute z:Id="i684"><AttributeType>iyz</AttributeType><IsRequired>true</IsRequired><Value i:type="a:double" xmlns:a="http://www.w3.org/2001/XMLSchema">-2.5578377048016022E-06</Value></Attribute><Attribute z:Id="i685"><AttributeType>izz</AttributeType><IsRequired>true</IsRequired><Value i:type="a:double" xmlns:a="http://www.w3.org/2001/XMLSchema">4.7122916669727518E-05</Value></Attribute></Attributes><ChildElements/><ElementName>inertia</ElementName><required>false</required><IxxAttribute z:Ref="i680"/><IxyAttribute z:Ref="i681"/><IxzAttribute z:Ref="i682"/><IyyAttribute z:Ref="i683"/><IyzAttribute z:Ref="i684"/><IzzAttribute z:Ref="i685"/></URDFElement></ChildElements><ElementName>inertial</ElementName><required>false</required><Inertia z:Ref="i679"/><Mass z:Ref="i677"/><Origin z:Ref="i674"/></URDFElement><URDFElement z:Id="i686" i:type="Visual"><Attributes/><ChildElements><URDFElement z:Id="i687" i:type="Origin"><Attributes><Attribute z:Id="i688"><AttributeType>xyz</AttributeType><IsRequired>true</IsRequired><Value i:type="a:ArrayOfdouble" xmlns:a="http://schemas.microsoft.com/2003/10/Serialization/Arrays"><a:double>0</a:double><a:double>0</a:double><a:double>0</a:double></Value></Attribute><Attribute z:Id="i689"><AttributeType>rpy</AttributeType><IsRequired>true</IsRequired><Value i:type="a:ArrayOfdouble" xmlns:a="http://schemas.microsoft.com/2003/10/Serialization/Arrays"><a:double>0</a:double><a:double>0</a:double><a:double>0</a:double></Value></Attribute></Attributes><ChildElements/><ElementName>origin</ElementName><required>false</required><RPYAttribute z:Ref="i689"/><XYZAttribute z:Ref="i688"/><isCustomized>false</isCustomized></URDFElement><URDFElement z:Id="i690" i:type="Geometry"><Attributes/><ChildElements><URDFElement z:Id="i691" i:type="Mesh"><Attributes><Attribute z:Id="i692"><AttributeType>filename</AttributeType><IsRequired>true</IsRequired><Value i:nil="true"/></Attribute></Attributes><ChildElements/><ElementName>mesh</ElementName><required>false</required><FilenameAttribute z:Ref="i692"/></URDFElement></ChildElements><ElementName>geometry</ElementName><required>true</required><Mesh z:Ref="i691"/></URDFElement><URDFElement z:Id="i693" i:type="Material"><Attributes><Attribute z:Id="i694"><AttributeType>name</AttributeType><IsRequired>true</IsRequired><Value i:type="a:string" xmlns:a="http://www.w3.org/2001/XMLSchema"/></Attribute></Attributes><ChildElements><URDFElement z:Id="i695" i:type="Color"><Attributes><Attribute z:Id="i696"><AttributeType>rgba</AttributeType><IsRequired>true</IsRequired><Value i:type="a:ArrayOfdouble" xmlns:a="http://schemas.microsoft.com/2003/10/Serialization/Arrays"><a:double>0.62745098039215685</a:double><a:double>0.62745098039215685</a:double><a:double>0.62745098039215685</a:double><a:double>1</a:double></Value></Attribute></Attributes><ChildElements/><ElementName>color</ElementName><required>false</required><RGBAAttribute z:Ref="i696"/></URDFElement><URDFElement z:Id="i697" i:type="Texture"><Attributes><Attribute z:Id="i698"><AttributeType>filename</AttributeType><IsRequired>true</IsRequired><Value i:nil="true"/></Attribute></Attributes><ChildElements/><ElementName>texture</ElementName><required>false</required><FilenameAttribute z:Ref="i698"/><wFilename/></URDFElement></ChildElements><ElementName>material</ElementName><required>false</required><Color z:Ref="i695"/><NameAttribute z:Ref="i694"/><Texture z:Ref="i697"/></URDFElement></ChildElements><ElementName>visual</ElementName><required>false</required><Geometry z:Ref="i690"/><Material z:Ref="i693"/><Origin z:Ref="i687"/></URDFElement><URDFElement z:Id="i699" i:type="Collision"><Attributes/><ChildElements><URDFElement z:Id="i700" i:type="Origin"><Attributes><Attribute z:Id="i701"><AttributeType>xyz</AttributeType><IsRequired>true</IsRequired><Value i:type="a:ArrayOfdouble" xmlns:a="http://schemas.microsoft.com/2003/10/Serialization/Arrays"><a:double>0</a:double><a:double>0</a:double><a:double>0</a:double></Value></Attribute><Attribute z:Id="i702"><AttributeType>rpy</AttributeType><IsRequired>true</IsRequired><Value i:type="a:ArrayOfdouble" xmlns:a="http://schemas.microsoft.com/2003/10/Serialization/Arrays"><a:double>0</a:double><a:double>0</a:double><a:double>0</a:double></Value></Attribute></Attributes><ChildElements/><ElementName>origin</ElementName><required>false</required><RPYAttribute z:Ref="i702"/><XYZAttribute z:Ref="i701"/><isCustomized>false</isCustomized></URDFElement><URDFElement z:Id="i703" i:type="Geometry"><Attributes/><ChildElements><URDFElement z:Id="i704" i:type="Mesh"><Attributes><Attribute z:Id="i705"><AttributeType>filename</AttributeType><IsRequired>true</IsRequired><Value i:nil="true"/></Attribute></Attributes><ChildElements/><ElementName>mesh</ElementName><required>false</required><FilenameAttribute z:Ref="i705"/></URDFElement></ChildElements><ElementName>geometry</ElementName><required>true</required><Mesh z:Ref="i704"/></URDFElement></ChildElements><ElementName>collision</ElementName><required>false</required><Geometry z:Ref="i703"/><Origin z:Ref="i700"/></URDFElement><URDFElement z:Id="i706" i:type="Joint"><Attributes><Attribute z:Id="i707"><AttributeType>name</AttributeType><IsRequired>true</IsRequired><Value i:type="a:string" xmlns:a="http://www.w3.org/2001/XMLSchema">RRshoulder1</Value></Attribute><Attribute z:Id="i708"><AttributeType>type</AttributeType><IsRequired>true</IsRequired><Value i:type="a:string" xmlns:a="http://www.w3.org/2001/XMLSchema">revolute</Value></Attribute></Attributes><ChildElements><URDFElement z:Id="i709" i:type="Origin"><Attributes><Attribute z:Id="i710"><AttributeType>xyz</AttributeType><IsRequired>true</IsRequired><Value i:type="a:ArrayOfdouble" xmlns:a="http://schemas.microsoft.com/2003/10/Serialization/Arrays"><a:double>0.741284184940541</a:double><a:double>-1.6026782718737367</a:double><a:double>0.93582698245376694</a:double></Value></Attribute><Attribute z:Id="i711"><AttributeType>rpy</AttributeType><IsRequired>true</IsRequired><Value i:type="a:ArrayOfdouble" xmlns:a="http://schemas.microsoft.com/2003/10/Serialization/Arrays"><a:double>1.5707963267948966</a:double><a:double>-0.0019797424334105</a:double><a:double>0</a:double></Value></Attribute></Attributes><ChildElements/><ElementName>origin</ElementName><required>false</required><RPYAttribute z:Ref="i711"/><XYZAttribute z:Ref="i710"/><isCustomized>false</isCustomized></URDFElement><URDFElement z:Id="i712" i:type="ParentLink"><Attributes><Attribute z:Id="i713"><AttributeType>link</AttributeType><IsRequired>true</IsRequired><Value i:type="a:string" xmlns:a="http://www.w3.org/2001/XMLSchema">Body</Value></Attribute></Attributes><ChildElements/><ElementName>parent</ElementName><required>true</required><NameAttribute z:Ref="i713"/></URDFElement><URDFElement z:Id="i714" i:type="ChildLink"><Attributes><Attribute z:Id="i715"><AttributeType>link</AttributeType><IsRequired>true</IsRequired><Value i:type="a:string" xmlns:a="http://www.w3.org/2001/XMLSchema">RRshoulder</Value></Attribute></Attributes><ChildElements/><ElementName>child</ElementName><required>true</required><NameAttribute z:Ref="i715"/></URDFElement><URDFElement z:Id="i716" i:type="Axis"><Attributes><Attribute z:Id="i717"><AttributeType>xyz</AttributeType><IsRequired>true</IsRequired><Value i:type="a:ArrayOfdouble" xmlns:a="http://schemas.microsoft.com/2003/10/Serialization/Arrays"><a:double>0</a:double><a:double>0</a:double><a:double>1</a:double></Value></Attribute></Attributes><ChildElements/><ElementName>axis</ElementName><required>false</required><XYZAttribute z:Ref="i717"/></URDFElement><URDFElement z:Id="i718" i:type="Limit"><Attributes><Attribute z:Id="i719"><AttributeType>lower</AttributeType><IsRequired>true</IsRequired><Value i:type="a:double" xmlns:a="http://www.w3.org/2001/XMLSchema">0</Value></Attribute><Attribute z:Id="i720"><AttributeType>upper</AttributeType><IsRequired>true</IsRequired><Value i:type="a:double" xmlns:a="http://www.w3.org/2001/XMLSchema">6.2832</Value></Attribute><Attribute z:Id="i721"><AttributeType>effort</AttributeType><IsRequired>true</IsRequired><Value i:type="a:double" xmlns:a="http://www.w3.org/2001/XMLSchema">100</Value></Attribute><Attribute z:Id="i722"><AttributeType>velocity</AttributeType><IsRequired>true</IsRequired><Value i:type="a:double" xmlns:a="http://www.w3.org/2001/XMLSchema">2</Value></Attribute></Attributes><ChildElements/><ElementName>limit</ElementName><required>true</required><EffortAttribute z:Ref="i721"/><LowerAttribute z:Ref="i719"/><UpperAttribute z:Ref="i720"/><VelocityAttribute z:Ref="i722"/></URDFElement><URDFElement z:Id="i723" i:type="Calibration"><Attributes><Attribute z:Id="i724"><AttributeType>rising</AttributeType><IsRequired>false</IsRequired><Value i:nil="true"/></Attribute><Attribute z:Id="i725"><AttributeType>falling</AttributeType><IsRequired>false</IsRequired><Value i:nil="true"/></Attribute></Attributes><ChildElements/><ElementName>calibration</ElementName><required>false</required><FallingAttribute z:Ref="i725"/><RisingAttribute z:Ref="i724"/></URDFElement><URDFElement z:Id="i726" i:type="Dynamics"><Attributes><Attribute z:Id="i727"><AttributeType>damping</AttributeType><IsRequired>false</IsRequired><Value i:nil="true"/></Attribute><Attribute z:Id="i728"><AttributeType>friction</AttributeType><IsRequired>false</IsRequired><Value i:nil="true"/></Attribute></Attributes><ChildElements/><ElementName>dynamics</ElementName><required>false</required><DampingAttribute z:Ref="i727"/><FrictionAttribute z:Ref="i728"/></URDFElement><URDFElement z:Id="i729" i:type="SafetyController"><Attributes><Attribute z:Id="i730"><AttributeType>soft_upper_limit</AttributeType><IsRequired>false</IsRequired><Value i:nil="true"/></Attribute><Attribute z:Id="i731"><AttributeType>soft_lower_limit</AttributeType><IsRequired>false</IsRequired><Value i:nil="true"/></Attribute><Attribute z:Id="i732"><AttributeType>k_position</AttributeType><IsRequired>false</IsRequired><Value i:nil="true"/></Attribute><Attribute z:Id="i733"><AttributeType>k_velocity</AttributeType><IsRequired>true</IsRequired><Value i:nil="true"/></Attribute></Attributes><ChildElements/><ElementName>safety_controller</ElementName><required>false</required><KPositionAttribute z:Ref="i732"/><KVelocityAttribute z:Ref="i733"/><SoftLowerAttribute z:Ref="i731"/><SoftUpperAttribute z:Ref="i730"/></URDFElement><URDFElement z:Id="i734" i:type="Mimic"><Attributes><Attribute z:Id="i735"><AttributeType>joint</AttributeType><IsRequired>true</IsRequired><Value i:nil="true"/></Attribute><Attribute z:Id="i736"><AttributeType>multiplier</AttributeType><IsRequired>false</IsRequired><Value i:nil="true"/></Attribute><Attribute z:Id="i737"><AttributeType>offset</AttributeType><IsRequired>false</IsRequired><Value i:nil="true"/></Attribute></Attributes><ChildElements/><ElementName>mimic</ElementName><required>false</required><JointNameAttribute z:Ref="i735"/><MultiplierAttribute z:Ref="i736"/><OffsetAttribute z:Ref="i737"/></URDFElement></ChildElements><ElementName>joint</ElementName><required>false</required><Axis z:Ref="i716"/><AxisName>RR_shoulder1_axis</AxisName><Calibration z:Ref="i723"/><Child z:Ref="i714"/><CoordinateSystemName>RR_shoulder1_CS</CoordinateSystemName><Dynamics z:Ref="i726"/><Limit z:Ref="i718"/><Mimic z:Ref="i734"/><NameAttribute z:Ref="i707"/><Origin z:Ref="i709"/><Parent z:Ref="i712"/><Safety z:Ref="i729"/><TypeAttribute z:Ref="i708"/></URDFElement></ChildElements><ElementName>link</ElementName><required>true</required><Children><Link z:Id="i738"><Attributes><Attribute z:Id="i739"><AttributeType>name</AttributeType><IsRequired>true</IsRequired><Value i:type="a:string" xmlns:a="http://www.w3.org/2001/XMLSchema">RRthigh</Value></Attribute></Attributes><ChildElements><URDFElement z:Id="i740" i:type="Inertial"><Attributes/><ChildElements><URDFElement z:Id="i741" i:type="Origin"><Attributes><Attribute z:Id="i742"><AttributeType>xyz</AttributeType><IsRequired>true</IsRequired><Value i:type="a:ArrayOfdouble" xmlns:a="http://schemas.microsoft.com/2003/10/Serialization/Arrays"><a:double>-0.025429922758383516</a:double><a:double>-0.056025348321110724</a:double><a:double>-0.0015946497291525752</a:double></Value></Attribute><Attribute z:Id="i743"><AttributeType>rpy</AttributeType><IsRequired>true</IsRequired><Value i:type="a:ArrayOfdouble" xmlns:a="http://schemas.microsoft.com/2003/10/Serialization/Arrays"><a:double>0</a:double><a:double>0</a:double><a:double>0</a:double></Value></Attribute></Attributes><ChildElements/><ElementName>origin</ElementName><required>false</required><RPYAttribute z:Ref="i743"/><XYZAttribute z:Ref="i742"/><isCustomized>false</isCustomized></URDFElement><URDFElement z:Id="i744" i:type="Mass"><Attributes><Attribute z:Id="i745"><AttributeType>value</AttributeType><IsRequired>true</IsRequired><Value i:type="a:double" xmlns:a="http://www.w3.org/2001/XMLSchema">0.14258506687100436</Value></Attribute></Attributes><ChildElements/><ElementName>mass</ElementName><required>false</required><ValueAttribute z:Ref="i745"/></URDFElement><URDFElement z:Id="i746" i:type="Inertia"><Attributes><Attribute z:Id="i747"><AttributeType>ixx</AttributeType><IsRequired>true</IsRequired><Value i:type="a:double" xmlns:a="http://www.w3.org/2001/XMLSchema">0.00032131878312024938</Value></Attribute><Attribute z:Id="i748"><AttributeType>ixy</AttributeType><IsRequired>true</IsRequired><Value i:type="a:double" xmlns:a="http://www.w3.org/2001/XMLSchema">2.4193867481351643E-06</Value></Attribute><Attribute z:Id="i749"><AttributeType>ixz</AttributeType><IsRequired>true</IsRequired><Value i:type="a:double" xmlns:a="http://www.w3.org/2001/XMLSchema">5.0018633645540324E-08</Value></Attribute><Attribute z:Id="i750"><AttributeType>iyy</AttributeType><IsRequired>true</IsRequired><Value i:type="a:double" xmlns:a="http://www.w3.org/2001/XMLSchema">3.389576034650753E-05</Value></Attribute><Attribute z:Id="i751"><AttributeType>iyz</AttributeType><IsRequired>true</IsRequired><Value i:type="a:double" xmlns:a="http://www.w3.org/2001/XMLSchema">-7.6738946515439143E-06</Value></Attribute><Attribute z:Id="i752"><AttributeType>izz</AttributeType><IsRequired>true</IsRequired><Value i:type="a:double" xmlns:a="http://www.w3.org/2001/XMLSchema">0.00031630607613926869</Value></Attribute></Attributes><ChildElements/><ElementName>inertia</ElementName><required>false</required><IxxAttribute z:Ref="i747"/><IxyAttribute z:Ref="i748"/><IxzAttribute z:Ref="i749"/><IyyAttribute z:Ref="i750"/><IyzAttribute z:Ref="i751"/><IzzAttribute z:Ref="i752"/></URDFElement></ChildElements><ElementName>inertial</ElementName><required>false</required><Inertia z:Ref="i746"/><Mass z:Ref="i744"/><Origin z:Ref="i741"/></URDFElement><URDFElement z:Id="i753" i:type="Visual"><Attributes/><ChildElements><URDFElement z:Id="i754" i:type="Origin"><Attributes><Attribute z:Id="i755"><AttributeType>xyz</AttributeType><IsRequired>true</IsRequired><Value i:type="a:ArrayOfdouble" xmlns:a="http://schemas.microsoft.com/2003/10/Serialization/Arrays"><a:double>0</a:double><a:double>0</a:double><a:double>0</a:double></Value></Attribute><Attribute z:Id="i756"><AttributeType>rpy</AttributeType><IsRequired>true</IsRequired><Value i:type="a:ArrayOfdouble" xmlns:a="http://schemas.microsoft.com/2003/10/Serialization/Arrays"><a:double>0</a:double><a:double>0</a:double><a:double>0</a:double></Value></Attribute></Attributes><ChildElements/><ElementName>origin</ElementName><required>false</required><RPYAttribute z:Ref="i756"/><XYZAttribute z:Ref="i755"/><isCustomized>false</isCustomized></URDFElement><URDFElement z:Id="i757" i:type="Geometry"><Attributes/><ChildElements><URDFElement z:Id="i758" i:type="Mesh"><Attributes><Attribute z:Id="i759"><AttributeType>filename</AttributeType><IsRequired>true</IsRequired><Value i:nil="true"/></Attribute></Attributes><ChildElements/><ElementName>mesh</ElementName><required>false</required><FilenameAttribute z:Ref="i759"/></URDFElement></ChildElements><ElementName>geometry</ElementName><required>true</required><Mesh z:Ref="i758"/></URDFElement><URDFElement z:Id="i760" i:type="Material"><Attributes><Attribute z:Id="i761"><AttributeType>name</AttributeType><IsRequired>true</IsRequired><Value i:type="a:string" xmlns:a="http://www.w3.org/2001/XMLSchema"/></Attribute></Attributes><ChildElements><URDFElement z:Id="i762" i:type="Color"><Attributes><Attribute z:Id="i763"><AttributeType>rgba</AttributeType><IsRequired>true</IsRequired><Value i:type="a:ArrayOfdouble" xmlns:a="http://schemas.microsoft.com/2003/10/Serialization/Arrays"><a:double>0.792156862745098</a:double><a:double>0.81960784313725488</a:double><a:double>0.93333333333333335</a:double><a:double>1</a:double></Value></Attribute></Attributes><ChildElements/><ElementName>color</ElementName><required>false</required><RGBAAttribute z:Ref="i763"/></URDFElement><URDFElement z:Id="i764" i:type="Texture"><Attributes><Attribute z:Id="i765"><AttributeType>filename</AttributeType><IsRequired>true</IsRequired><Value i:nil="true"/></Attribute></Attributes><ChildElements/><ElementName>texture</ElementName><required>false</required><FilenameAttribute z:Ref="i765"/><wFilename/></URDFElement></ChildElements><ElementName>material</ElementName><required>false</required><Color z:Ref="i762"/><NameAttribute z:Ref="i761"/><Texture z:Ref="i764"/></URDFElement></ChildElements><ElementName>visual</ElementName><required>false</required><Geometry z:Ref="i757"/><Material z:Ref="i760"/><Origin z:Ref="i754"/></URDFElement><URDFElement z:Id="i766" i:type="Collision"><Attributes/><ChildElements><URDFElement z:Id="i767" i:type="Origin"><Attributes><Attribute z:Id="i768"><AttributeType>xyz</AttributeType><IsRequired>true</IsRequired><Value i:type="a:ArrayOfdouble" xmlns:a="http://schemas.microsoft.com/2003/10/Serialization/Arrays"><a:double>0</a:double><a:double>0</a:double><a:double>0</a:double></Value></Attribute><Attribute z:Id="i769"><AttributeType>rpy</AttributeType><IsRequired>true</IsRequired><Value i:type="a:ArrayOfdouble" xmlns:a="http://schemas.microsoft.com/2003/10/Serialization/Arrays"><a:double>0</a:double><a:double>0</a:double><a:double>0</a:double></Value></Attribute></Attributes><ChildElements/><ElementName>origin</ElementName><required>false</required><RPYAttribute z:Ref="i769"/><XYZAttribute z:Ref="i768"/><isCustomized>false</isCustomized></URDFElement><URDFElement z:Id="i770" i:type="Geometry"><Attributes/><ChildElements><URDFElement z:Id="i771" i:type="Mesh"><Attributes><Attribute z:Id="i772"><AttributeType>filename</AttributeType><IsRequired>true</IsRequired><Value i:nil="true"/></Attribute></Attributes><ChildElements/><ElementName>mesh</ElementName><required>false</required><FilenameAttribute z:Ref="i772"/></URDFElement></ChildElements><ElementName>geometry</ElementName><required>true</required><Mesh z:Ref="i771"/></URDFElement></ChildElements><ElementName>collision</ElementName><required>false</required><Geometry z:Ref="i770"/><Origin z:Ref="i767"/></URDFElement><URDFElement z:Id="i773" i:type="Joint"><Attributes><Attribute z:Id="i774"><AttributeType>name</AttributeType><IsRequired>true</IsRequired><Value i:type="a:string" xmlns:a="http://www.w3.org/2001/XMLSchema">RRshoulder</Value></Attribute><Attribute z:Id="i775"><AttributeType>type</AttributeType><IsRequired>true</IsRequired><Value i:type="a:string" xmlns:a="http://www.w3.org/2001/XMLSchema">revolute</Value></Attribute></Attributes><ChildElements><URDFElement z:Id="i776" i:type="Origin"><Attributes><Attribute z:Id="i777"><AttributeType>xyz</AttributeType><IsRequired>true</IsRequired><Value i:type="a:ArrayOfdouble" xmlns:a="http://schemas.microsoft.com/2003/10/Serialization/Arrays"><a:double>0.030132747682069527</a:double><a:double>-0.02743363175703506</a:double><a:double>-0.054419879145551908</a:double></Value></Attribute><Attribute z:Id="i778"><AttributeType>rpy</AttributeType><IsRequired>true</IsRequired><Value i:type="a:ArrayOfdouble" xmlns:a="http://schemas.microsoft.com/2003/10/Serialization/Arrays"><a:double>-0.27668765522563327</a:double><a:double>0</a:double><a:double>0</a:double></Value></Attribute></Attributes><ChildElements/><ElementName>origin</ElementName><required>false</required><RPYAttribute z:Ref="i778"/><XYZAttribute z:Ref="i777"/><isCustomized>false</isCustomized></URDFElement><URDFElement z:Id="i779" i:type="ParentLink"><Attributes><Attribute z:Id="i780"><AttributeType>link</AttributeType><IsRequired>true</IsRequired><Value i:type="a:string" xmlns:a="http://www.w3.org/2001/XMLSchema">RRshoulder</Value></Attribute></Attributes><ChildElements/><ElementName>parent</ElementName><required>true</required><NameAttribute z:Ref="i780"/></URDFElement><URDFElement z:Id="i781" i:type="ChildLink"><Attributes><Attribute z:Id="i782"><AttributeType>link</AttributeType><IsRequired>true</IsRequired><Value i:type="a:string" xmlns:a="http://www.w3.org/2001/XMLSchema">RRthigh</Value></Attribute></Attributes><ChildElements/><ElementName>child</ElementName><required>true</required><NameAttribute z:Ref="i782"/></URDFElement><URDFElement z:Id="i783" i:type="Axis"><Attributes><Attribute z:Id="i784"><AttributeType>xyz</AttributeType><IsRequired>true</IsRequired><Value i:type="a:ArrayOfdouble" xmlns:a="http://schemas.microsoft.com/2003/10/Serialization/Arrays"><a:double>-1</a:double><a:double>0</a:double><a:double>0</a:double></Value></Attribute></Attributes><ChildElements/><ElementName>axis</ElementName><required>false</required><XYZAttribute z:Ref="i784"/></URDFElement><URDFElement z:Id="i785" i:type="Limit"><Attributes><Attribute z:Id="i786"><AttributeType>lower</AttributeType><IsRequired>true</IsRequired><Value i:type="a:double" xmlns:a="http://www.w3.org/2001/XMLSchema">0</Value></Attribute><Attribute z:Id="i787"><AttributeType>upper</AttributeType><IsRequired>true</IsRequired><Value i:type="a:double" xmlns:a="http://www.w3.org/2001/XMLSchema">6.2832</Value></Attribute><Attribute z:Id="i788"><AttributeType>effort</AttributeType><IsRequired>true</IsRequired><Value i:type="a:double" xmlns:a="http://www.w3.org/2001/XMLSchema">100</Value></Attribute><Attribute z:Id="i789"><AttributeType>velocity</AttributeType><IsRequired>true</IsRequired><Value i:type="a:double" xmlns:a="http://www.w3.org/2001/XMLSchema">2</Value></Attribute></Attributes><ChildElements/><ElementName>limit</ElementName><required>true</required><EffortAttribute z:Ref="i788"/><LowerAttribute z:Ref="i786"/><UpperAttribute z:Ref="i787"/><VelocityAttribute z:Ref="i789"/></URDFElement><URDFElement z:Id="i790" i:type="Calibration"><Attributes><Attribute z:Id="i791"><AttributeType>rising</AttributeType><IsRequired>false</IsRequired><Value i:nil="true"/></Attribute><Attribute z:Id="i792"><AttributeType>falling</AttributeType><IsRequired>false</IsRequired><Value i:nil="true"/></Attribute></Attributes><ChildElements/><ElementName>calibration</ElementName><required>false</required><FallingAttribute z:Ref="i792"/><RisingAttribute z:Ref="i791"/></URDFElement><URDFElement z:Id="i793" i:type="Dynamics"><Attributes><Attribute z:Id="i794"><AttributeType>damping</AttributeType><IsRequired>false</IsRequired><Value i:nil="true"/></Attribute><Attribute z:Id="i795"><AttributeType>friction</AttributeType><IsRequired>false</IsRequired><Value i:nil="true"/></Attribute></Attributes><ChildElements/><ElementName>dynamics</ElementName><required>false</required><DampingAttribute z:Ref="i794"/><FrictionAttribute z:Ref="i795"/></URDFElement><URDFElement z:Id="i796" i:type="SafetyController"><Attributes><Attribute z:Id="i797"><AttributeType>soft_upper_limit</AttributeType><IsRequired>false</IsRequired><Value i:nil="true"/></Attribute><Attribute z:Id="i798"><AttributeType>soft_lower_limit</AttributeType><IsRequired>false</IsRequired><Value i:nil="true"/></Attribute><Attribute z:Id="i799"><AttributeType>k_position</AttributeType><IsRequired>false</IsRequired><Value i:nil="true"/></Attribute><Attribute z:Id="i800"><AttributeType>k_velocity</AttributeType><IsRequired>true</IsRequired><Value i:nil="true"/></Attribute></Attributes><ChildElements/><ElementName>safety_controller</ElementName><required>false</required><KPositionAttribute z:Ref="i799"/><KVelocityAttribute z:Ref="i800"/><SoftLowerAttribute z:Ref="i798"/><SoftUpperAttribute z:Ref="i797"/></URDFElement><URDFElement z:Id="i801" i:type="Mimic"><Attributes><Attribute z:Id="i802"><AttributeType>joint</AttributeType><IsRequired>true</IsRequired><Value i:nil="true"/></Attribute><Attribute z:Id="i803"><AttributeType>multiplier</AttributeType><IsRequired>false</IsRequired><Value i:nil="true"/></Attribute><Attribute z:Id="i804"><AttributeType>offset</AttributeType><IsRequired>false</IsRequired><Value i:nil="true"/></Attribute></Attributes><ChildElements/><ElementName>mimic</ElementName><required>false</required><JointNameAttribute z:Ref="i802"/><MultiplierAttribute z:Ref="i803"/><OffsetAttribute z:Ref="i804"/></URDFElement></ChildElements><ElementName>joint</ElementName><required>false</required><Axis z:Ref="i783"/><AxisName>rightt_rear_shoulder_axis</AxisName><Calibration z:Ref="i790"/><Child z:Ref="i781"/><CoordinateSystemName>RR_shoulder_CS</CoordinateSystemName><Dynamics z:Ref="i793"/><Limit z:Ref="i785"/><Mimic z:Ref="i801"/><NameAttribute z:Ref="i774"/><Origin z:Ref="i776"/><Parent z:Ref="i779"/><Safety z:Ref="i796"/><TypeAttribute z:Ref="i775"/></URDFElement></ChildElements><ElementName>link</ElementName><required>true</required><Children><Link z:Id="i805"><Attributes><Attribute z:Id="i806"><AttributeType>name</AttributeType><IsRequired>true</IsRequired><Value i:type="a:string" xmlns:a="http://www.w3.org/2001/XMLSchema">RRcalf</Value></Attribute></Attributes><ChildElements><URDFElement z:Id="i807" i:type="Inertial"><Attributes/><ChildElements><URDFElement z:Id="i808" i:type="Origin"><Attributes><Attribute z:Id="i809"><AttributeType>xyz</AttributeType><IsRequired>true</IsRequired><Value i:type="a:ArrayOfdouble" xmlns:a="http://schemas.microsoft.com/2003/10/Serialization/Arrays"><a:double>0.039264463606880851</a:double><a:double>-0.076547625792832585</a:double><a:double>1.7774670624248756E-13</a:double></Value></Attribute><Attribute z:Id="i810"><AttributeType>rpy</AttributeType><IsRequired>true</IsRequired><Value i:type="a:ArrayOfdouble" xmlns:a="http://schemas.microsoft.com/2003/10/Serialization/Arrays"><a:double>0</a:double><a:double>0</a:double><a:double>0</a:double></Value></Attribute></Attributes><ChildElements/><ElementName>origin</ElementName><required>false</required><RPYAttribute z:Ref="i810"/><XYZAttribute z:Ref="i809"/><isCustomized>false</isCustomized></URDFElement><URDFElement z:Id="i811" i:type="Mass"><Attributes><Attribute z:Id="i812"><AttributeType>value</AttributeType><IsRequired>true</IsRequired><Value i:type="a:double" xmlns:a="http://www.w3.org/2001/XMLSchema">0.22012987304452533</Value></Attribute></Attributes><ChildElements/><ElementName>mass</ElementName><required>false</required><ValueAttribute z:Ref="i812"/></URDFElement><URDFElement z:Id="i813" i:type="Inertia"><Attributes><Attribute z:Id="i814"><AttributeType>ixx</AttributeType><IsRequired>true</IsRequired><Value i:type="a:double" xmlns:a="http://www.w3.org/2001/XMLSchema">0.00050033273929047067</Value></Attribute><Attribute z:Id="i815"><AttributeType>ixy</AttributeType><IsRequired>true</IsRequired><Value i:type="a:double" xmlns:a="http://www.w3.org/2001/XMLSchema">-2.7730120950047844E-06</Value></Attribute><Attribute z:Id="i816"><AttributeType>ixz</AttributeType><IsRequired>true</IsRequired><Value i:type="a:double" xmlns:a="http://www.w3.org/2001/XMLSchema">1.6781840267475825E-20</Value></Attribute><Attribute z:Id="i817"><AttributeType>iyy</AttributeType><IsRequired>true</IsRequired><Value i:type="a:double" xmlns:a="http://www.w3.org/2001/XMLSchema">5.5999600374947277E-05</Value></Attribute><Attribute z:Id="i818"><AttributeType>iyz</AttributeType><IsRequired>true</IsRequired><Value i:type="a:double" xmlns:a="http://www.w3.org/2001/XMLSchema">-1.1011428314305904E-19</Value></Attribute><Attribute z:Id="i819"><AttributeType>izz</AttributeType><IsRequired>true</IsRequired><Value i:type="a:double" xmlns:a="http://www.w3.org/2001/XMLSchema">0.00049943663709032843</Value></Attribute></Attributes><ChildElements/><ElementName>inertia</ElementName><required>false</required><IxxAttribute z:Ref="i814"/><IxyAttribute z:Ref="i815"/><IxzAttribute z:Ref="i816"/><IyyAttribute z:Ref="i817"/><IyzAttribute z:Ref="i818"/><IzzAttribute z:Ref="i819"/></URDFElement></ChildElements><ElementName>inertial</ElementName><required>false</required><Inertia z:Ref="i813"/><Mass z:Ref="i811"/><Origin z:Ref="i808"/></URDFElement><URDFElement z:Id="i820" i:type="Visual"><Attributes/><ChildElements><URDFElement z:Id="i821" i:type="Origin"><Attributes><Attribute z:Id="i822"><AttributeType>xyz</AttributeType><IsRequired>true</IsRequired><Value i:type="a:ArrayOfdouble" xmlns:a="http://schemas.microsoft.com/2003/10/Serialization/Arrays"><a:double>0</a:double><a:double>0</a:double><a:double>0</a:double></Value></Attribute><Attribute z:Id="i823"><AttributeType>rpy</AttributeType><IsRequired>true</IsRequired><Value i:type="a:ArrayOfdouble" xmlns:a="http://schemas.microsoft.com/2003/10/Serialization/Arrays"><a:double>0</a:double><a:double>0</a:double><a:double>0</a:double></Value></Attribute></Attributes><ChildElements/><ElementName>origin</ElementName><required>false</required><RPYAttribute z:Ref="i823"/><XYZAttribute z:Ref="i822"/><isCustomized>false</isCustomized></URDFElement><URDFElement z:Id="i824" i:type="Geometry"><Attributes/><ChildElements><URDFElement z:Id="i825" i:type="Mesh"><Attributes><Attribute z:Id="i826"><AttributeType>filename</AttributeType><IsRequired>true</IsRequired><Value i:nil="true"/></Attribute></Attributes><ChildElements/><ElementName>mesh</ElementName><required>false</required><FilenameAttribute z:Ref="i826"/></URDFElement></ChildElements><ElementName>geometry</ElementName><required>true</required><Mesh z:Ref="i825"/></URDFElement><URDFElement z:Id="i827" i:type="Material"><Attributes><Attribute z:Id="i828"><AttributeType>name</AttributeType><IsRequired>true</IsRequired><Value i:type="a:string" xmlns:a="http://www.w3.org/2001/XMLSchema"/></Attribute></Attributes><ChildElements><URDFElement z:Id="i829" i:type="Color"><Attributes><Attribute z:Id="i830"><AttributeType>rgba</AttributeType><IsRequired>true</IsRequired><Value i:type="a:ArrayOfdouble" xmlns:a="http://schemas.microsoft.com/2003/10/Serialization/Arrays"><a:double>0.792156862745098</a:double><a:double>0.81960784313725488</a:double><a:double>0.93333333333333335</a:double><a:double>1</a:double></Value></Attribute></Attributes><ChildElements/><ElementName>color</ElementName><required>false</required><RGBAAttribute z:Ref="i830"/></URDFElement><URDFElement z:Id="i831" i:type="Texture"><Attributes><Attribute z:Id="i832"><AttributeType>filename</AttributeType><IsRequired>true</IsRequired><Value i:nil="true"/></Attribute></Attributes><ChildElements/><ElementName>texture</ElementName><required>false</required><FilenameAttribute z:Ref="i832"/><wFilename/></URDFElement></ChildElements><ElementName>material</ElementName><required>false</required><Color z:Ref="i829"/><NameAttribute z:Ref="i828"/><Texture z:Ref="i831"/></URDFElement></ChildElements><ElementName>visual</ElementName><required>false</required><Geometry z:Ref="i824"/><Material z:Ref="i827"/><Origin z:Ref="i821"/></URDFElement><URDFElement z:Id="i833" i:type="Collision"><Attributes/><ChildElements><URDFElement z:Id="i834" i:type="Origin"><Attributes><Attribute z:Id="i835"><AttributeType>xyz</AttributeType><IsRequired>true</IsRequired><Value i:type="a:ArrayOfdouble" xmlns:a="http://schemas.microsoft.com/2003/10/Serialization/Arrays"><a:double>0</a:double><a:double>0</a:double><a:double>0</a:double></Value></Attribute><Attribute z:Id="i836"><AttributeType>rpy</AttributeType><IsRequired>true</IsRequired><Value i:type="a:ArrayOfdouble" xmlns:a="http://schemas.microsoft.com/2003/10/Serialization/Arrays"><a:double>0</a:double><a:double>0</a:double><a:double>0</a:double></Value></Attribute></Attributes><ChildElements/><ElementName>origin</ElementName><required>false</required><RPYAttribute z:Ref="i836"/><XYZAttribute z:Ref="i835"/><isCustomized>false</isCustomized></URDFElement><URDFElement z:Id="i837" i:type="Geometry"><Attributes/><ChildElements><URDFElement z:Id="i838" i:type="Mesh"><Attributes><Attribute z:Id="i839"><AttributeType>filename</AttributeType><IsRequired>true</IsRequired><Value i:nil="true"/></Attribute></Attributes><ChildElements/><ElementName>mesh</ElementName><required>false</required><FilenameAttribute z:Ref="i839"/></URDFElement></ChildElements><ElementName>geometry</ElementName><required>true</required><Mesh z:Ref="i838"/></URDFElement></ChildElements><ElementName>collision</ElementName><required>false</required><Geometry z:Ref="i837"/><Origin z:Ref="i834"/></URDFElement><URDFElement z:Id="i840" i:type="Joint"><Attributes><Attribute z:Id="i841"><AttributeType>name</AttributeType><IsRequired>true</IsRequired><Value i:type="a:string" xmlns:a="http://www.w3.org/2001/XMLSchema">RRknee</Value></Attribute><Attribute z:Id="i842"><AttributeType>type</AttributeType><IsRequired>true</IsRequired><Value i:type="a:string" xmlns:a="http://www.w3.org/2001/XMLSchema">revolute</Value></Attribute></Attributes><ChildElements><URDFElement z:Id="i843" i:type="Origin"><Attributes><Attribute z:Id="i844"><AttributeType>xyz</AttributeType><IsRequired>true</IsRequired><Value i:type="a:ArrayOfdouble" xmlns:a="http://schemas.microsoft.com/2003/10/Serialization/Arrays"><a:double>-0.068898291463722838</a:double><a:double>-0.13574108897497966</a:double><a:double>-0.0047015487336288242</a:double></Value></Attribute><Attribute z:Id="i845"><AttributeType>rpy</AttributeType><IsRequired>true</IsRequired><Value i:type="a:ArrayOfdouble" xmlns:a="http://schemas.microsoft.com/2003/10/Serialization/Arrays"><a:double>1.0016270620933125</a:double><a:double>0.0012482905305971606</a:double><a:double>-0.00079865233418652791</a:double></Value></Attribute></Attributes><ChildElements/><ElementName>origin</ElementName><required>false</required><RPYAttribute z:Ref="i845"/><XYZAttribute z:Ref="i844"/><isCustomized>false</isCustomized></URDFElement><URDFElement z:Id="i846" i:type="ParentLink"><Attributes><Attribute z:Id="i847"><AttributeType>link</AttributeType><IsRequired>true</IsRequired><Value i:type="a:string" xmlns:a="http://www.w3.org/2001/XMLSchema">RRthigh</Value></Attribute></Attributes><ChildElements/><ElementName>parent</ElementName><required>true</required><NameAttribute z:Ref="i847"/></URDFElement><URDFElement z:Id="i848" i:type="ChildLink"><Attributes><Attribute z:Id="i849"><AttributeType>link</AttributeType><IsRequired>true</IsRequired><Value i:type="a:string" xmlns:a="http://www.w3.org/2001/XMLSchema">RRcalf</Value></Attribute></Attributes><ChildElements/><ElementName>child</ElementName><required>true</required><NameAttribute z:Ref="i849"/></URDFElement><URDFElement z:Id="i850" i:type="Axis"><Attributes><Attribute z:Id="i851"><AttributeType>xyz</AttributeType><IsRequired>true</IsRequired><Value i:type="a:ArrayOfdouble" xmlns:a="http://schemas.microsoft.com/2003/10/Serialization/Arrays"><a:double>-0.99999890196050445</a:double><a:double>-0.0014819169293350685</a:double><a:double>0</a:double></Value></Attribute></Attributes><ChildElements/><ElementName>axis</ElementName><required>false</required><XYZAttribute z:Ref="i851"/></URDFElement><URDFElement z:Id="i852" i:type="Limit"><Attributes><Attribute z:Id="i853"><AttributeType>lower</AttributeType><IsRequired>true</IsRequired><Value i:type="a:double" xmlns:a="http://www.w3.org/2001/XMLSchema">0</Value></Attribute><Attribute z:Id="i854"><AttributeType>upper</AttributeType><IsRequired>true</IsRequired><Value i:type="a:double" xmlns:a="http://www.w3.org/2001/XMLSchema">6.2832</Value></Attribute><Attribute z:Id="i855"><AttributeType>effort</AttributeType><IsRequired>true</IsRequired><Value i:type="a:double" xmlns:a="http://www.w3.org/2001/XMLSchema">100</Value></Attribute><Attribute z:Id="i856"><AttributeType>velocity</AttributeType><IsRequired>true</IsRequired><Value i:type="a:double" xmlns:a="http://www.w3.org/2001/XMLSchema">2</Value></Attribute></Attributes><ChildElements/><ElementName>limit</ElementName><required>true</required><EffortAttribute z:Ref="i855"/><LowerAttribute z:Ref="i853"/><UpperAttribute z:Ref="i854"/><VelocityAttribute z:Ref="i856"/></URDFElement><URDFElement z:Id="i857" i:type="Calibration"><Attributes><Attribute z:Id="i858"><AttributeType>rising</AttributeType><IsRequired>false</IsRequired><Value i:nil="true"/></Attribute><Attribute z:Id="i859"><AttributeType>falling</AttributeType><IsRequired>false</IsRequired><Value i:nil="true"/></Attribute></Attributes><ChildElements/><ElementName>calibration</ElementName><required>false</required><FallingAttribute z:Ref="i859"/><RisingAttribute z:Ref="i858"/></URDFElement><URDFElement z:Id="i860" i:type="Dynamics"><Attributes><Attribute z:Id="i861"><AttributeType>damping</AttributeType><IsRequired>false</IsRequired><Value i:nil="true"/></Attribute><Attribute z:Id="i862"><AttributeType>friction</AttributeType><IsRequired>false</IsRequired><Value i:nil="true"/></Attribute></Attributes><ChildElements/><ElementName>dynamics</ElementName><required>false</required><DampingAttribute z:Ref="i861"/><FrictionAttribute z:Ref="i862"/></URDFElement><URDFElement z:Id="i863" i:type="SafetyController"><Attributes><Attribute z:Id="i864"><AttributeType>soft_upper_limit</AttributeType><IsRequired>false</IsRequired><Value i:nil="true"/></Attribute><Attribute z:Id="i865"><AttributeType>soft_lower_limit</AttributeType><IsRequired>false</IsRequired><Value i:nil="true"/></Attribute><Attribute z:Id="i866"><AttributeType>k_position</AttributeType><IsRequired>false</IsRequired><Value i:nil="true"/></Attribute><Attribute z:Id="i867"><AttributeType>k_velocity</AttributeType><IsRequired>true</IsRequired><Value i:nil="true"/></Attribute></Attributes><ChildElements/><ElementName>safety_controller</ElementName><required>false</required><KPositionAttribute z:Ref="i866"/><KVelocityAttribute z:Ref="i867"/><SoftLowerAttribute z:Ref="i865"/><SoftUpperAttribute z:Ref="i864"/></URDFElement><URDFElement z:Id="i868" i:type="Mimic"><Attributes><Attribute z:Id="i869"><AttributeType>joint</AttributeType><IsRequired>true</IsRequired><Value i:nil="true"/></Attribute><Attribute z:Id="i870"><AttributeType>multiplier</AttributeType><IsRequired>false</IsRequired><Value i:nil="true"/></Attribute><Attribute z:Id="i871"><AttributeType>offset</AttributeType><IsRequired>false</IsRequired><Value i:nil="true"/></Attribute></Attributes><ChildElements/><ElementName>mimic</ElementName><required>false</required><JointNameAttribute z:Ref="i869"/><MultiplierAttribute z:Ref="i870"/><OffsetAttribute z:Ref="i871"/></URDFElement></ChildElements><ElementName>joint</ElementName><required>false</required><Axis z:Ref="i850"/><AxisName>right1_rear_knee_axis</AxisName><Calibration z:Ref="i857"/><Child z:Ref="i848"/><CoordinateSystemName>RR_knee_CS</CoordinateSystemName><Dynamics z:Ref="i860"/><Limit z:Ref="i852"/><Mimic z:Ref="i868"/><NameAttribute z:Ref="i841"/><Origin z:Ref="i843"/><Parent z:Ref="i846"/><Safety z:Ref="i863"/><TypeAttribute z:Ref="i842"/></URDFElement></ChildElements><ElementName>link</ElementName><required>true</required><Children/><Collision z:Ref="i833"/><Inertial z:Ref="i807"/><Joint z:Ref="i840"/><NameAttribute z:Ref="i806"/><Parent z:Ref="i738"/><STLQualityFine>false</STLQualityFine><SWComponentPIDs xmlns:a="http://schemas.microsoft.com/2003/10/Serialization/Arrays"><a:base64Binary>UEYAAAUAAAD//v8yTABlAGcAbQBpAHIAcgBvAHIALQAzAEAAYgBvAGQAeQAgAHAAawAvAEwAZQBmAHQALQBOAEUAVwAgAEwATwBXAEUAUgAgAEwARQBHAC0AMgBAAEwAZQBnAG0AaQByAHIAbwByAAQAAAAQAAAAAQAAAAIAAABHBwAApQAAAA==</a:base64Binary><a:base64Binary>UEYAAAUAAAD//v8wTABlAGcAbQBpAHIAcgBvAHIALQAzAEAAYgBvAGQAeQAgAHAAawAvAEwAZQBmAHQALQBsAG8AdwBlAHIAIABsAGUAZwAgADIALQAyAEAATABlAGcAbQBpAHIAcgBvAHIABAAAABAAAAABAAAAAgAAAEcHAACjAAAA</a:base64Binary></SWComponentPIDs><SWMainComponentPID i:nil="true"/><Visual z:Ref="i820"/><isFixedFrame>false</isFixedFrame><isIncomplete>false</isIncomplete></Link></Children><Collision z:Ref="i766"/><Inertial z:Ref="i740"/><Joint z:Ref="i773"/><NameAttribute z:Ref="i739"/><Parent z:Ref="i671"/><STLQualityFine>false</STLQualityFine><SWComponentPIDs xmlns:a="http://schemas.microsoft.com/2003/10/Serialization/Arrays"><a:base64Binary>UEYAAAUAAAD//v8rTABlAGcAbQBpAHIAcgBvAHIALQAzAEAAYgBvAGQAeQAgAHAAawAvAEwAZQBmAHQALQB1AHAAIABsAGUAZwAtADIAQABMAGUAZwBtAGkAcgByAG8AcgAEAAAAEAAAAAEAAAACAAAARwcAAKEAAAA=</a:base64Binary></SWComponentPIDs><SWMainComponentPID i:nil="true"/><Visual z:Ref="i753"/><isFixedFrame>false</isFixedFrame><isIncomplete>false</isIncomplete></Link></Children><Collision z:Ref="i699"/><Inertial z:Ref="i673"/><Joint z:Ref="i706"/><NameAttribute z:Ref="i672"/><Parent z:Ref="i1"/><STLQualityFine>false</STLQualityFine><SWComponentPIDs xmlns:a="http://schemas.microsoft.com/2003/10/Serialization/Arrays"><a:base64Binary>UEYAAAUAAAD//v9QTABlAGcAbQBpAHIAcgBvAHIALQAzAEAAYgBvAGQAeQAgAHAAawAvAEwAZQBmAHQALQBzAGgAbwB1AGwAZABlAHIALQAyAEAATABlAGcAbQBpAHIAcgBvAHIALwBMAGUAZgB0AC0AcwBoAG8AdQBsAGQAZQByACAAcABhAHIAdAAtADEAQABMAGUAZgB0AC0AcwBoAG8AdQBsAGQAZQByAAQAAAAQAAAAAQAAAAMAAABHBwAAogAAABwAAAA=</a:base64Binary></SWComponentPIDs><SWMainComponentPID i:nil="true"/><Visual z:Ref="i686"/><isFixedFrame>false</isFixedFrame><isIncomplete>false</isIncomplete></Link></Children><Collision z:Ref="i29"/><Inertial z:Ref="i3"/><Joint z:Ref="i36"/><NameAttribute z:Ref="i2"/><Parent i:nil="true"/><STLQualityFine>false</STLQualityFine><SWComponentPIDs xmlns:a="http://schemas.microsoft.com/2003/10/Serialization/Arrays"><a:base64Binary>UEYAAAUAAAD//v8PdQBwAHAAZQByAC0AMQBAAGIAbwBkAHkAIABwAGsABAAAABAAAAABAAAAAQAAAHYDAAA=</a:base64Binary><a:base64Binary>UEYAAAUAAAD//v8PbABvAHcAZQByAC0AMQBAAGIAbwBkAHkAIABwAGsABAAAABAAAAABAAAAAQAAABgAAAA=</a:base64Binary><a:base64Binary>UEYAAAUAAAD//v8ZaABoAGIAKABnAHIAYQBkAGUAIABhACkAXwBpAHMALQA5AEAAYgBvAGQAeQAgAHAAawAEAAAAEAAAAAEAAAABAAAAsgYAAA==</a:base64Binary><a:base64Binary>UEYAAAUAAAD//v8aaABoAGIAKABnAHIAYQBkAGUAIABhACkAXwBpAHMALQAxADAAQABiAG8AZAB5ACAAcABrAAQAAAAQAAAAAQAAAAEAAADUBgAA</a:base64Binary><a:base64Binary>UEYAAAUAAAD//v8aaABoAGIAKABnAHIAYQBkAGUAIABhACkAXwBpAHMALQAxADMAQABiAG8AZAB5ACAAcABrAAQAAAAQAAAAAQAAAAEAAAD3BgAA</a:base64Binary><a:base64Binary>UEYAAAUAAAD//v8aaABoAGIAKABnAHIAYQBkAGUAIABhACkAXwBpAHMALQAxADIAQABiAG8AZAB5ACAAcABrAAQAAAAQAAAAAQAAAAEAAADlBgAA</a:base64Binary><a:base64Binary>UEYAAAUAAAD//v8fYwByACAAcABhAG4AIABoAGUAYQBkACAAcwBjAHIAZQB3AF8AaQBzAC0AMQAxAEAAYgBvAGQAeQAgAHAAawAEAAAAEAAAAAEAAAABAAAA3QQAAA==</a:base64Binary><a:base64Binary>UEYAAAUAAAD//v8fYwByACAAcABhAG4AIABoAGUAYQBkACAAcwBjAHIAZQB3AF8AaQBzAC0AMQAwAEAAYgBvAGQAeQAgAHAAawAEAAAAEAAAAAEAAAABAAAAqwQAAA==</a:base64Binary><a:base64Binary>UEYAAAUAAAD//v8fYwByACAAcABhAG4AIABoAGUAYQBkACAAcwBjAHIAZQB3AF8AaQBzAC0AMQAzAEAAYgBvAGQAeQAgAHAAawAEAAAAEAAAAAEAAAABAAAACwUAAA==</a:base64Binary><a:base64Binary>UEYAAAUAAAD//v8eYwByACAAcABhAG4AIABoAGUAYQBkACAAcwBjAHIAZQB3AF8AaQBzAC0AOABAAGIAbwBkAHkAIABwAGsABAAAABAAAAABAAAAAQAAAF0EAAA=</a:base64Binary><a:base64Binary>UEYAAAUAAAD//v8eYwByACAAcABhAG4AIABoAGUAYQBkACAAcwBjAHIAZQB3AF8AaQBzAC0ANwBAAGIAbwBkAHkAIABwAGsABAAAABAAAAABAAAAAQAAAE4EAAA=</a:base64Binary><a:base64Binary>UEYAAAUAAAD//v8eYwByACAAcABhAG4AIABoAGUAYQBkACAAcwBjAHIAZQB3AF8AaQBzAC0AOQBAAGIAbwBkAHkAIABwAGsABAAAABAAAAABAAAAAQAAAHQEAAA=</a:base64Binary><a:base64Binary>UEYAAAUAAAD//v8ZaABoAGIAKABnAHIAYQBkAGUAIABhACkAXwBpAHMALQA1AEAAYgBvAGQAeQAgAHAAawAEAAAAEAAAAAEAAAABAAAAgQAAAA==</a:base64Binary><a:base64Binary>UEYAAAUAAAD//v8ZaABoAGIAKABnAHIAYQBkAGUAIABhACkAXwBpAHMALQAxAEAAYgBvAGQAeQAgAHAAawAEAAAAEAAAAAEAAAABAAAASAAAAA==</a:base64Binary><a:base64Binary>UEYAAAUAAAD//v8cbwByAGEAbgBnAGUAIABtAG8AdQBuAHQAIABmAGkAbgBhAGwALQAxAEAAYgBvAGQAeQAgAHAAawAEAAAAEAAAAAEAAAABAAAAlQIAAA==</a:base64Binary><a:base64Binary>UEYAAAUAAAD//v8edABvAHcAZQByAHAAcgBvACAAbQBvAHUAbgB0ACAAZgBpAG4AYQBsAC0AMQBAAGIAbwBkAHkAIABwAGsABAAAABAAAAABAAAAAQAAAJQCAAA=</a:base64Binary></SWComponentPIDs><SWMainComponentPID i:nil="true"/><Visual z:Ref="i16"/><isFixedFrame>false</isFixedFrame><isIncomplete>false</isIncomplete></Link>
2026-03-19 15:02:09,473 INFO  AssemblyExportForm.cs: 309 - Saving URDF package to C:\Users\Abhiraj\OneDrive\Desktop\robodog_urdf_visual
2026-03-19 15:02:09,475 INFO  ExportHelper.cs: 147 - Beginning the export process
2026-03-19 15:02:09,477 INFO  ExportHelper.cs: 153 - Creating package directories with name robodog_urdf_visual and save path C:\Users\Abhiraj\OneDrive\Desktop
2026-03-19 15:02:11,231 INFO  ExportHelper.cs: 162 - Creating CMakeLists.txt at C:\Users\Abhiraj\OneDrive\Desktop\robodog_urdf_visual\CMakeLists.txt
2026-03-19 15:02:11,241 INFO  ExportHelper.cs: 166 - Creating joint names config at C:\Users\Abhiraj\OneDrive\Desktop\robodog_urdf_visual\config\joint_names_robodog_urdf_visual.yaml
2026-03-19 15:02:11,241 INFO  ExportHelper.cs: 170 - Creating package.xml at C:\Users\Abhiraj\OneDrive\Desktop\robodog_urdf_visual\package.xml
2026-03-19 15:02:11,245 INFO  PackageXMLWriter.cs: 21 - Creating package.xml at C:\Users\Abhiraj\OneDrive\Desktop\robodog_urdf_visual\package.xml
2026-03-19 15:02:11,245 INFO  ExportHelper.cs: 177 - Creating RVIZ launch file in C:\Users\Abhiraj\OneDrive\Desktop\robodog_urdf_visual\launch\
2026-03-19 15:02:11,249 INFO  ExportHelper.cs: 182 - Creating Gazebo launch file in C:\Users\Abhiraj\OneDrive\Desktop\robodog_urdf_visual\launch\
2026-03-19 15:02:11,249 INFO  ExportHelper.cs: 187 - Saving existing STL preferences
2026-03-19 15:02:11,251 INFO  ExportHelper.cs: 450 - Saving users preferences
2026-03-19 15:02:11,251 INFO  ExportHelper.cs: 190 - Modifying STL preferences
2026-03-19 15:02:11,251 INFO  ExportHelper.cs: 464 - Setting STL preferences
2026-03-19 15:02:11,256 INFO  ExportHelper.cs: 196 - Found 0 hidden components 
2026-03-19 15:02:11,258 INFO  ExportHelper.cs: 197 - Hiding all components
2026-03-19 15:02:11,326 INFO  ExportHelper.cs: 204 - Beginning individual files export
2026-03-19 15:02:11,336 INFO  ExportHelper.cs: 270 - Exporting link: Body
2026-03-19 15:02:11,336 INFO  ExportHelper.cs: 272 - Link Body has 4 children
2026-03-19 15:02:11,336 INFO  ExportHelper.cs: 270 - Exporting link: LFshoulder
2026-03-19 15:02:11,336 INFO  ExportHelper.cs: 272 - Link LFshoulder has 1 children
2026-03-19 15:02:11,336 INFO  ExportHelper.cs: 270 - Exporting link: LFthigh
2026-03-19 15:02:11,336 INFO  ExportHelper.cs: 272 - Link LFthigh has 1 children
2026-03-19 15:02:11,342 INFO  ExportHelper.cs: 270 - Exporting link: LFcalf
2026-03-19 15:02:11,342 INFO  ExportHelper.cs: 272 - Link LFcalf has 0 children
2026-03-19 15:02:11,342 INFO  ExportHelper.cs: 317 - LFcalf: Exporting STL with coordinate frame LF_knee_CS
2026-03-19 15:02:11,342 INFO  ExportHelper.cs: 322 - LFcalf: Reference geometry name 
2026-03-19 15:02:11,401 INFO  ExportHelper.cs: 330 - Saving STL to C:\Users\Abhiraj\OneDrive\Desktop\robodog_urdf_visual\meshes\LFcalf.STL
2026-03-19 15:02:11,564 INFO  ExportHelper.cs: 405 - Removing SW header in STL file
2026-03-19 15:02:11,564 INFO  ExportHelper.cs: 317 - LFthigh: Exporting STL with coordinate frame LF_shoulder_CS
2026-03-19 15:02:11,564 INFO  ExportHelper.cs: 322 - LFthigh: Reference geometry name 
2026-03-19 15:02:11,594 INFO  ExportHelper.cs: 330 - Saving STL to C:\Users\Abhiraj\OneDrive\Desktop\robodog_urdf_visual\meshes\LFthigh.STL
2026-03-19 15:02:11,751 INFO  ExportHelper.cs: 405 - Removing SW header in STL file
2026-03-19 15:02:11,761 INFO  ExportHelper.cs: 317 - LFshoulder: Exporting STL with coordinate frame LF_shoulder1_CS
2026-03-19 15:02:11,761 INFO  ExportHelper.cs: 322 - LFshoulder: Reference geometry name 
2026-03-19 15:02:11,799 INFO  ExportHelper.cs: 330 - Saving STL to C:\Users\Abhiraj\OneDrive\Desktop\robodog_urdf_visual\meshes\LFshoulder.STL
2026-03-19 15:02:11,916 INFO  ExportHelper.cs: 405 - Removing SW header in STL file
2026-03-19 15:02:11,916 INFO  ExportHelper.cs: 270 - Exporting link: LRshoulder
2026-03-19 15:02:11,916 INFO  ExportHelper.cs: 272 - Link LRshoulder has 1 children
2026-03-19 15:02:11,916 INFO  ExportHelper.cs: 270 - Exporting link: LRthigh
2026-03-19 15:02:11,916 INFO  ExportHelper.cs: 272 - Link LRthigh has 1 children
2026-03-19 15:02:11,916 INFO  ExportHelper.cs: 270 - Exporting link: LRcalf
2026-03-19 15:02:11,916 INFO  ExportHelper.cs: 272 - Link LRcalf has 0 children
2026-03-19 15:02:11,924 INFO  ExportHelper.cs: 317 - LRcalf: Exporting STL with coordinate frame LR_knee_CS
2026-03-19 15:02:11,924 INFO  ExportHelper.cs: 322 - LRcalf: Reference geometry name 
2026-03-19 15:02:11,980 INFO  ExportHelper.cs: 330 - Saving STL to C:\Users\Abhiraj\OneDrive\Desktop\robodog_urdf_visual\meshes\LRcalf.STL
2026-03-19 15:02:12,069 INFO  ExportHelper.cs: 405 - Removing SW header in STL file
2026-03-19 15:02:12,069 INFO  ExportHelper.cs: 317 - LRthigh: Exporting STL with coordinate frame LR_shoulder_CS
2026-03-19 15:02:12,069 INFO  ExportHelper.cs: 322 - LRthigh: Reference geometry name 
2026-03-19 15:02:12,101 INFO  ExportHelper.cs: 330 - Saving STL to C:\Users\Abhiraj\OneDrive\Desktop\robodog_urdf_visual\meshes\LRthigh.STL
2026-03-19 15:02:12,260 INFO  ExportHelper.cs: 405 - Removing SW header in STL file
2026-03-19 15:02:12,260 INFO  ExportHelper.cs: 317 - LRshoulder: Exporting STL with coordinate frame LR_shoulder1_CS
2026-03-19 15:02:12,260 INFO  ExportHelper.cs: 322 - LRshoulder: Reference geometry name 
2026-03-19 15:02:12,319 INFO  ExportHelper.cs: 330 - Saving STL to C:\Users\Abhiraj\OneDrive\Desktop\robodog_urdf_visual\meshes\LRshoulder.STL
2026-03-19 15:02:12,419 INFO  ExportHelper.cs: 405 - Removing SW header in STL file
2026-03-19 15:02:12,429 INFO  ExportHelper.cs: 270 - Exporting link: RFshoulder
2026-03-19 15:02:12,429 INFO  ExportHelper.cs: 272 - Link RFshoulder has 1 children
2026-03-19 15:02:12,429 INFO  ExportHelper.cs: 270 - Exporting link: RFthigh
2026-03-19 15:02:12,429 INFO  ExportHelper.cs: 272 - Link RFthigh has 1 children
2026-03-19 15:02:12,429 INFO  ExportHelper.cs: 270 - Exporting link: RFcalf
2026-03-19 15:02:12,429 INFO  ExportHelper.cs: 272 - Link RFcalf has 0 children
2026-03-19 15:02:12,429 INFO  ExportHelper.cs: 317 - RFcalf: Exporting STL with coordinate frame RF_knee_CS
2026-03-19 15:02:12,429 INFO  ExportHelper.cs: 322 - RFcalf: Reference geometry name 
2026-03-19 15:02:12,493 INFO  ExportHelper.cs: 330 - Saving STL to C:\Users\Abhiraj\OneDrive\Desktop\robodog_urdf_visual\meshes\RFcalf.STL
2026-03-19 15:02:12,584 INFO  ExportHelper.cs: 405 - Removing SW header in STL file
2026-03-19 15:02:12,584 INFO  ExportHelper.cs: 317 - RFthigh: Exporting STL with coordinate frame RF_shoulder_CS
2026-03-19 15:02:12,584 INFO  ExportHelper.cs: 322 - RFthigh: Reference geometry name 
2026-03-19 15:02:12,610 INFO  ExportHelper.cs: 330 - Saving STL to C:\Users\Abhiraj\OneDrive\Desktop\robodog_urdf_visual\meshes\RFthigh.STL
2026-03-19 15:02:12,769 INFO  ExportHelper.cs: 405 - Removing SW header in STL file
2026-03-19 15:02:12,769 INFO  ExportHelper.cs: 317 - RFshoulder: Exporting STL with coordinate frame RF_shoulder1_CS
2026-03-19 15:02:12,769 INFO  ExportHelper.cs: 322 - RFshoulder: Reference geometry name 
2026-03-19 15:02:12,817 INFO  ExportHelper.cs: 330 - Saving STL to C:\Users\Abhiraj\OneDrive\Desktop\robodog_urdf_visual\meshes\RFshoulder.STL
2026-03-19 15:02:12,912 INFO  ExportHelper.cs: 405 - Removing SW header in STL file
2026-03-19 15:02:12,912 INFO  ExportHelper.cs: 270 - Exporting link: RRshoulder
2026-03-19 15:02:12,912 INFO  ExportHelper.cs: 272 - Link RRshoulder has 1 children
2026-03-19 15:02:12,912 INFO  ExportHelper.cs: 270 - Exporting link: RRthigh
2026-03-19 15:02:12,912 INFO  ExportHelper.cs: 272 - Link RRthigh has 1 children
2026-03-19 15:02:12,912 INFO  ExportHelper.cs: 270 - Exporting link: RRcalf
2026-03-19 15:02:12,912 INFO  ExportHelper.cs: 272 - Link RRcalf has 0 children
2026-03-19 15:02:12,912 INFO  ExportHelper.cs: 317 - RRcalf: Exporting STL with coordinate frame RR_knee_CS
2026-03-19 15:02:12,912 INFO  ExportHelper.cs: 322 - RRcalf: Reference geometry name 
2026-03-19 15:02:12,975 INFO  ExportHelper.cs: 330 - Saving STL to C:\Users\Abhiraj\OneDrive\Desktop\robodog_urdf_visual\meshes\RRcalf.STL
2026-03-19 15:02:13,055 INFO  ExportHelper.cs: 405 - Removing SW header in STL file
2026-03-19 15:02:13,055 INFO  ExportHelper.cs: 317 - RRthigh: Exporting STL with coordinate frame RR_shoulder_CS
2026-03-19 15:02:13,055 INFO  ExportHelper.cs: 322 - RRthigh: Reference geometry name 
2026-03-19 15:02:13,097 INFO  ExportHelper.cs: 330 - Saving STL to C:\Users\Abhiraj\OneDrive\Desktop\robodog_urdf_visual\meshes\RRthigh.STL
2026-03-19 15:02:13,224 INFO  ExportHelper.cs: 405 - Removing SW header in STL file
2026-03-19 15:02:13,224 INFO  ExportHelper.cs: 317 - RRshoulder: Exporting STL with coordinate frame RR_shoulder1_CS
2026-03-19 15:02:13,230 INFO  ExportHelper.cs: 322 - RRshoulder: Reference geometry name 
2026-03-19 15:02:13,288 INFO  ExportHelper.cs: 330 - Saving STL to C:\Users\Abhiraj\OneDrive\Desktop\robodog_urdf_visual\meshes\RRshoulder.STL
2026-03-19 15:02:13,383 INFO  ExportHelper.cs: 405 - Removing SW header in STL file
2026-03-19 15:02:13,383 INFO  ExportHelper.cs: 317 - Body: Exporting STL with coordinate frame Origin_global
2026-03-19 15:02:13,383 INFO  ExportHelper.cs: 322 - Body: Reference geometry name 
2026-03-19 15:02:13,483 INFO  ExportHelper.cs: 330 - Saving STL to C:\Users\Abhiraj\OneDrive\Desktop\robodog_urdf_visual\meshes\Body.STL
2026-03-19 15:02:13,802 INFO  ExportHelper.cs: 405 - Removing SW header in STL file
2026-03-19 15:02:13,802 INFO  ExportHelper.cs: 145 - Showing all components except previously hidden components
2026-03-19 15:02:14,460 INFO  ExportHelper.cs: 145 - Resetting STL preferences
2026-03-19 15:02:14,460 INFO  ExportHelper.cs: 478 - Returning STL preferences to user preferences
2026-03-19 15:02:14,460 INFO  ExportHelper.cs: 228 - Writing URDF file to C:\Users\Abhiraj\OneDrive\Desktop\robodog_urdf_visual\urdf\robodog_urdf_visual.urdf
2026-03-19 15:02:14,468 INFO  CSVImportExport.cs: 32 - Writing CSV file C:\Users\Abhiraj\OneDrive\Desktop\robodog_urdf_visual\urdf\robodog_urdf_visual.csv
2026-03-19 15:02:14,484 ERROR CSVImportExport.cs: 130 - The following columns were not written to the CSV: Link.Joint.ChildLink.link,
2026-03-19 15:02:14,488 ERROR CSVImportExport.cs: 130 - The following columns were not written to the CSV: Link.Joint.ChildLink.link,
2026-03-19 15:02:14,488 ERROR CSVImportExport.cs: 130 - The following columns were not written to the CSV: Link.Joint.ChildLink.link,
2026-03-19 15:02:14,488 ERROR CSVImportExport.cs: 130 - The following columns were not written to the CSV: Link.Joint.ChildLink.link,
2026-03-19 15:02:14,488 ERROR CSVImportExport.cs: 130 - The following columns were not written to the CSV: Link.Joint.ChildLink.link,
2026-03-19 15:02:14,488 ERROR CSVImportExport.cs: 130 - The following columns were not written to the CSV: Link.Joint.ChildLink.link,
2026-03-19 15:02:14,490 ERROR CSVImportExport.cs: 130 - The following columns were not written to the CSV: Link.Joint.ChildLink.link,
2026-03-19 15:02:14,490 ERROR CSVImportExport.cs: 130 - The following columns were not written to the CSV: Link.Joint.ChildLink.link,
2026-03-19 15:02:14,490 ERROR CSVImportExport.cs: 130 - The following columns were not written to the CSV: Link.Joint.ChildLink.link,
2026-03-19 15:02:14,490 ERROR CSVImportExport.cs: 130 - The following columns were not written to the CSV: Link.Joint.ChildLink.link,
2026-03-19 15:02:14,490 ERROR CSVImportExport.cs: 130 - The following columns were not written to the CSV: Link.Joint.ChildLink.link,
2026-03-19 15:02:14,490 ERROR CSVImportExport.cs: 130 - The following columns were not written to the CSV: Link.Joint.ChildLink.link,
2026-03-19 15:02:14,492 ERROR CSVImportExport.cs: 130 - The following columns were not written to the CSV: Link.Joint.ChildLink.link,
2026-03-19 15:02:14,492 INFO  ExportHelper.cs: 234 - Copying log file
2026-03-19 15:02:14,495 INFO  ExportHelper.cs: 439 - Copying C:\Users\Abhiraj\sw2urdf_logs\sw2urdf.log to C:\Users\Abhiraj\OneDrive\Desktop\robodog_urdf_visual\export.log
